location_id,location,owner_tag,owner_id
1,stockholm,SWE,3
2,norrtalje,SWE,3
3,enkoping,SWE,3
4,uppsala,SWE,3
5,kastelholm,SWE,3
6,tierp,SWE,3
7,heby,SWE,3
8,nykoping,SWE,3
9,kolmarden,SWE,3
10,strangnas,SWE,3
11,oppunda,SWE,3
12,sodertalje,SWE,3
13,malaren,,
14,hjalmaren_lake,,
15,arboga,SWE,3
16,vasteras,SWE,3
17,nora,SWE,3
18,sala,SWE,3
19,skinskatteberg,SWE,3
20,linde,SWE,3
21,grythyttan,SWE,3
22,orebro,SWE,3
23,riseberga,SWE,3
24,goksholm,SWE,3
25,varnum,SWE,3
26,tingvalla,SWE,3
27,nas,SWE,3
28,nordmark,SWE,3
29,gillberg,SWE,3
30,farnebo,SWE,3
31,fryksdal,SWE,3
32,josse,SWE,3
33,vanern,,
34,avesta,SWE,3
35,falun,SWE,3
36,leksand,SWE,3
37,grange,SWE,3
38,malung,SWE,3
39,mora,SWE,3
40,idre,NOR,6
41,hedemora,SWE,3
42,orsa,SWE,3
43,soderbarke,SWE,3
44,stora_tuna,SWE,3
45,floda,SWE,3
46,siljan,,
47,gefle,SWE,3
48,hedesunda,SWE,3
49,hamrange,SWE,3
50,ockelbo,SWE,3
51,linkoping,SWE,3
52,soderkoping,SWE,3
53,norrkoping,SWE,3
54,alvastra,SWE,3
55,vadstena,SWE,3
56,vattern,,
57,kalmar,SWE,3
58,tjust,SWE,3
59,sevede,SWE,3
60,handbord,SWE,3
61,kinda,SWE,3
62,jonkoping,SWE,3
63,oland,SWE,3
64,skara,SWE,3
65,hjo,SWE,3
66,tiveden,SWE,3
67,vartofta,SWE,3
68,utlandet,SWE,3
69,lodose,SWE,3
70,ekholm,SWE,3
71,falkoping,SWE,3
72,allingsas,SWE,3
73,bogesund,SWE,3
74,lidkoping,SWE,3
75,skene,SWE,3
76,vaxjo,SWE,3
77,vallsjo,SWE,3
78,vetlanda,SWE,3
79,albo,SWE,3
80,konga,SWE,3
81,uppvidinge,SWE,3
82,ljungby,SWE,3
83,trollaborg,SWE,3
84,waestbo,SWE,3
85,slite,SWE,3
86,visby,SWE,3
87,hoborg,SWE,3
88,dalaborg,SWE,3
89,amal,SWE,3
90,vedbo,SWE,3
91,ribe,DAN,4
92,haderslev,SLV,1793
93,aabenraa,SLV,1793
94,tonder,DAN,4
95,randers,DAN,4
96,viborg,DAN,4
97,aalborg,DAN,4
98,ars,DAN,4
99,bolling,DAN,4
100,ringkobing,DAN,4
101,holstebro_lundenes,DAN,4
102,varde,DAN,4
103,kolding,DAN,4
104,aarhus,DAN,4
105,grindsted,DAN,4
106,silkeborg,DAN,4
107,kalo,DAN,4
108,thisted,DAN,4
109,skagen,DAN,4
110,hjorring,DAN,4
111,roskilde,DAN,4
112,ringsted,DAN,4
113,kalundborg,DAN,4
114,helsingor,DAN,4
115,hammershus,DAN,4
116,kobenhavn,DAN,4
117,slagelse,DAN,4
118,vordingborg,DAN,4
119,odense,DAN,4
120,navskov,DAN,4
121,falster,DAN,4
122,assens,DAN,4
123,svendborg,DAN,4
124,slesvig,SLV,1793
125,flensburg,SLV,1793
126,eckernforde,SLV,1793
127,amrum_island_wasteland,,
128,husum,SLV,1793
129,helsingborg,SKE,5
130,lund,SKE,5
131,malmo,SKE,5
132,gladsax,SKE,5
133,osby,SKE,5
134,asbo,DAN,4
135,varberg,SKE,5
136,laholm,DAN,4
137,halmstad,SKE,5
138,kungsbacka,SKE,5
139,ronneby,SKE,5
140,bregne,SKE,5
141,solvesborg,SKE,5
142,hudiksvall,SWE,3
143,alfta,SWE,3
144,soderala,SWE,3
145,hogdal,SWE,3
146,havero,SWE,3
147,selanger,SWE,3
148,harnosand,SWE,3
149,solatunum,SWE,3
150,ramsele,SWE,3
151,sjalevad,SWE,3
152,anundsjo,SWE,3
153,grundsunda,SWE,3
154,umea,SWE,3
155,vindeln,,
156,skelleftea,,
157,tornea,,
158,bygdea,,
159,pitea,,
160,lulea,SWE,3
161,ranea,,
162,gratesk,,
163,hienatiemi,,
164,branna,,
165,byske,,
166,bodebyn,,
167,alvsby,,
168,kiemi,,
169,pajala,,
170,kittila,,
171,rovaniemi,,
172,simo,,
173,uleaborg,,
174,brahestad,,
175,utajarvi,,
176,siikalatva,,
177,taivalkoski,,
178,kuivaniemi,,
179,ranua,,
180,pudasjarvi,,
181,posio,,
182,asele,SWE,3
183,lycksele,,
184,arvidsjaur,,
185,volgsjo,,
186,stensele,,
187,tarna,,
188,ortrask,,
189,akkajaur,,
190,arjeplog,,
191,silbojock,,
192,sorsele,,
193,storavan,,
194,uddjaur,,
195,socksjock,,
196,jokkmokk,,
197,kvikkjock,,
198,porjus,,
199,gellivaara,,
200,sarek,,
201,nikkaluokta,,
202,kasivarren,,
203,torne_trask,,
204,vastenjaure,,
205,akkajaure,,
206,abisko,,
207,raunala,,
208,mourionska,,
209,enontakis,,
210,nunnanen,,
211,korpilombo,,
212,juckasjarvi,,
213,salla,,
214,kemijarvi,,
215,korvala,,
216,oulujarvi,,
217,yli_kitka,,
218,muojarvi,,
219,enare,,
220,sodankyla,,
221,savukoski,,
222,ivalo,,
223,utsjoki,,
224,enare_trask,,
225,north_skanderna,,
226,lapland_taiga1,,
227,paltamo,,
228,kajana,,
229,sotkamo,,
230,kuhmo,,
231,suomussalmi,,
232,kuusamo,,
233,korsholm,SWE,3
234,koppo,SWE,3
235,pedersore,,
236,storkyro,,
237,karleby,,
238,kaustby,,
239,lappo,,
240,vora,,
241,abo,SWE,3
242,nystad,SWE,3
243,poytis,SWE,3
244,sauvo,SWE,3
245,helsinge,SWE,3
246,ekenas,SWE,3
247,sjundea,SWE,3
248,porvoo,SWE,3
249,liljendal,SWE,3
250,ikalis,SWE,3
251,raumo,SWE,3
252,bjorneborg,SWE,3
253,hvittis,SWE,3
254,sastmola,SWE,3
255,birkala,SWE,3
256,sastamala,SWE,3
257,orivesi,,
258,nasisalki,,
259,hollola,SWE,3
260,lohja,SWE,3
261,tavastehus,SWE,3
262,janakkala,SWE,3
263,forssa,SWE,3
264,itis,,
265,jyvaskyla,,
266,jamsa,SWE,3
267,saarijarvi,,
268,viitasaari,,
269,laukas,,
270,sysma,,
271,paijanne,,
272,jaasjarvi,,
273,mikkeli,,
274,olofsborg,,
275,heinola,,
276,kangasniemi,,
277,ristiina,,
278,joroinen,,
279,kuopio,,
280,idensalmi,,
281,rautavaara,,
282,savonranta,,
283,pihlajavesi,,
284,haukivesi,,
285,puula,,
286,kyyvesi,,
287,kymi_fi,SWE,3
288,vyborg,SWE,3
289,villmanstrand,SWE,3
290,veckelax,SWE,3
291,elimaki,,
292,vederlax,SWE,3
293,valkeasaari,SWE,3
294,kyyrola,SWE,3
295,beryozovskoye,SWE,3
296,heinjoki,,
297,jaskis,,
298,pyhajarvi,,
299,puruvesi,,
300,saima,,
301,konghalla,NOR,6
302,uddevalla,NOR,6
303,stromstad,NOR,6
304,hornborg,NOR,6
305,borg,NOR,6
306,halden,NOR,6
307,moss,NOR,6
308,trogstad,NOR,6
309,tonsberg,NOR,6
310,skien,NOR,6
311,sande,NOR,6
312,grenland,NOR,6
313,stavanger,NOR,6
314,ryfylke,NOR,6
315,suledal,NOR,6
316,haugalandet,NOR,6
317,jaeren,NOR,6
318,flekkefjord,NOR,6
319,sirudal,NOR,6
320,otredal,NOR,6
321,lindesnes,NOR,6
322,oddernes,NOR,6
323,oyestad,NOR,6
324,sondeled,NOR,6
325,amli,NOR,6
326,kongsberg,NOR,6
327,ringerike,NOR,6
328,hallingdal,NOR,6
329,numedal,NOR,6
330,sigdal,NOR,6
331,bragernes,NOR,6
332,flesberg,NOR,6
333,bergen,NOR,6
334,fana,NOR,6
335,kvinnherad,NOR,6
336,ullensvang,NOR,6
337,moster,NOR,6
338,eidfjord,NOR,6
339,nordhordland,NOR,6
340,voss,NOR,6
341,hardangervidda,,
342,eid,NOR,6
343,stryn,NOR,6
344,sunnfjord,NOR,6
345,sogndal,NOR,6
346,aurland,NOR,6
347,norway_wasteland_c,,
348,vik,NOR,6
349,laerdal,NOR,6
350,jotunheim,,
351,oslo,NOR,6
352,ski,NOR,6
353,eidsvoll,NOR,6
354,vardal,NOR,6
355,lillehammer,NOR,6
356,valdres,NOR,6
357,otta,NOR,6
358,imsdalen,NOR,6
359,hedmarksvidda,NOR,6
360,norway_wasteland_b,,
361,hamar,NOR,6
362,kongsvinger,NOR,6
363,elverum,NOR,6
364,glommadal,NOR,6
365,trysil,NOR,6
366,amot,NOR,6
367,tynset,NOR,6
368,mjosa,,
369,norway_wasteland_a,,
370,nidaros,NOR,6
371,roros,NOR,6
372,stjordal,NOR,6
373,oppdal,NOR,6
374,orkdal,NOR,6
375,skaun,NOR,6
376,storen,NOR,6
377,holtalen,NOR,6
378,meraker,NOR,6
379,alvdal,NOR,6
380,levanger,NOR,6
381,namdal,NOR,6
382,orland,NOR,6
383,snasa,NOR,6
384,lierne,NOR,6
385,steinkjer,NOR,6
386,molde,NOR,6
387,fosna,NOR,6
388,sunndal,NOR,6
389,rauma,NOR,6
390,sunnmore,NOR,6
391,borgund,NOR,6
392,stordal,NOR,6
393,tofte,NOR,6
394,troms,NOR,6
395,trondenes,NOR,6
396,senja,NOR,6
397,bardodalen,NOR,6
398,raisa,NOR,6
399,hammerdal,NOR,6
400,offerdal,NOR,6
401,berg,NOR,6
402,froso,NOR,6
403,ragunda,NOR,6
404,sveg,NOR,6
405,hede,NOR,6
406,oviken,NOR,6
407,storsjon,,
408,s_jamtland_wasteland,,
409,n_jamtland_wasteland,,
410,bodo,NOR,6
411,birndal,NOR,6
412,hattfjelldal,,
413,rana,,
414,alstahaug,NOR,6
415,gildeskal,NOR,6
416,steigen,NOR,6
417,langenes,NOR,6
418,lofotr,NOR,6
419,hamaroy,NOR,6
420,ofoti,NOR,6
421,skanderna,,
422,kautokeino,,
423,varanger,NOR,6
424,vardo,NOR,6
425,deatnu,NOR,6
426,porsanger,NOR,6
427,karasjok,,
428,hammerfest,NOR,6
429,alta,NOR,6
430,kirkenes,NOR,6
431,lebesby,NOR,6
432,olonets,NOV,2020
433,kinerma,NOV,2020
434,kondpoga,NOV,2020
435,ostrechiny,NOV,2020
436,pryazha,NOV,2020
437,shuya_karelia,NOV,2020
438,shyoltozero,NOV,2020
439,vazhiny,NOV,2020
440,lake_konchozero,,
441,lake_lizhmozero,,
442,lake_onega,,
443,lake_palvozero,,
444,lake_sandal,,
445,lake_shotozero,,
446,lake_syamozero,,
447,lake_vedlozero,,
448,repola,,
449,karhumagi,NOV,2020
450,kizhi,NOV,2020
451,lindjarvi,NOV,2020
452,nadvoitsy,NOV,2020
453,pieninka,,
454,puatane,NOV,2020
455,sellinkyla,NOV,2020
456,semcojarvi,NOV,2020
457,lake_gimoly,,
458,lake_leksozero,,
459,lake_seletsy,,
460,lake_tulos,,
461,lake_zegoserskoje,,
462,rukajarvi,,
463,jyskyjarvi,,
464,kiestinki,,
465,ontajarvi,,
466,paanajarvi,,
467,suikujarvi,,
468,tunkuo,,
469,uhtuo,,
470,lake_bolshoye_rovkulskoye,,
471,lake_engozero,,
472,lake_kamennoye,,
473,lake_kenozero,,
474,lake_kovdozero,,
475,lake_kukkureozero,,
476,lake_lokhtyarvi,,
477,lake_notozero,,
478,lake_nyuk,,
479,lake_pyaozero,,
480,lake_sredneye_kuyto,,
481,lake_tishkeozero,,
482,lake_topozero,,
483,lake_tungudskoye,,
484,lake_verkhneye_kuyto,,
485,lake_yelmozero,,
486,lake_maslozero,,
487,karelia_taiga1,,
488,karelia_taiga2,,
489,korela,ORE,2022
490,kurkijoki,NOV,2020
491,konevets,ORE,2022
492,joensuu,,
493,sordavala,NOV,2020
494,vartsila,,
495,ilomantsi,,
496,lieksa,,
497,juuka,,
498,salmi,NOV,2020
499,loimola,NOV,2020
500,mohko,,
501,suojarvi,,
502,yanis_jarvi,,
503,lake_orivesi,,
504,lake_suoyarvi,,
505,lake_otradnoye,,
506,hoytiainen,,
507,pielinen,,
508,viinijarvi,,
509,koitere,,
510,nurmes,,
511,lake_ladoga,,
512,kem,,
513,keret,,
514,kovda,,
515,kriitina,,
516,saarijoki,NOV,2020
517,lake_lindozero,,
518,lake_vygozero,,
519,kola,,
520,dalniye_zelentsy,,
521,kiltina,,
522,luujarvi,,
523,maaselka,,
524,ponoi,,
525,semiostrov,,
526,svyatoy_nos,,
527,lake_chudzjavr,,
528,lake_lovozero,,
529,lake_umbozero,,
530,lake_vyalozero,,
531,lake_yenozero,,
532,kola_taiga,,
533,lapland_taiga4,,
534,umba,,
535,kantalahti,,
536,kashkarantsy,,
537,olenitsa,,
538,pyalitsa,,
539,raivke,,
540,tetrino,,
541,varzuga,,
542,lake_imandra,,
543,lake_kanozero,,
544,lake_kolozero,,
545,lake_kolvitskoye,,
546,lake_sergozero,,
547,pechenga,,
548,akkala,,
549,alakurti,,
550,koliskoj,,
551,mootka,,
552,nuorttijarvi,,
553,prirechnyi,,
554,suonikyla,,
555,lapland_taiga2,,
556,lapland_taiga3,,
557,lyngen,,
558,senja_island,,
559,lofoten_islands2,,
560,ran_fjord,,
561,vestfjord,,
562,norwegian_sea18,,
563,norwegian_sea20,,
564,norwegian_sea22,,
565,bindals_fjord,,
566,tingvoll_fjord,,
567,nordfjord_sea,,
568,trondheim_fjord,,
569,norwegian_sea14,,
570,norwegian_sea16,,
571,bjorna_fjord,,
572,bokna_fjord,,
573,fens_fjord,,
574,hardanger_fjord,,
575,lindesnes_cape,,
576,obrestad_cape,,
577,sogne_fjord,,
578,north_sea4,,
579,north_sea12,,
580,north_sea11,,
581,north_sea5,,
582,north_sea8,,
583,gavlebukten,,
584,alands_hav,,
585,north_baltic,,
586,abo_skargard,,
587,tralhavet,,
588,stockholms_skargard,,
589,braviken,,
590,western_gotland_basin,,
591,gotlands_hav,,
592,kvarken,,
593,gulf_of_bothnia,,
594,west_botnia,,
595,east_botnia,,
596,bay_lubeck,,
597,fischland_coast,,
598,arkona_cape,,
599,pommeranian_bay,,
600,stettin_lagoon,,
601,coast_of_kurland,,
602,pommeranian_coast,,
603,east_pommerania_coast,,
604,coast_of_memel,,
605,gulf_of_danzig,,
606,curonian_coast,,
607,vistula_lagoon,,
608,kalmar_sund,,
609,skanska_kusten,,
610,blekinge_kust,,
611,central_baltic,,
612,oland_coast,,
613,frier_fjord,,
614,grenen_cape,,
615,jammer_bay,,
616,kristiansand_fjord,,
617,oslo_fjord,,
618,skagerrack,,
619,vigso_bay,,
620,alborg_bugt,,
621,kattegatt,,
622,oresund,,
623,stora_balt,,
624,lilla_balt,,
625,limfjorden,,
626,barents_sea,,
627,barents_sea4,,
628,barents_sea6,,
629,barents_sea8,,
630,barents_sea9,,
631,barents_sea10,,
632,kara_sea,,
633,murman_coast,,
634,north_cape,,
635,rybachy_peninsula,,
636,svyatoy_nos_cape,,
637,tana_fjord,,
638,inner_onega_bay,,
639,intsi_cape,,
640,orlov_cape,,
641,varzuga_estuary,,
642,holar,ICE,12
643,husavik,ICE,12
644,akureyri,ICE,12
645,blonduos,ICE,12
646,torshofn,ICE,12
647,vopnafjordur,ICE,12
648,egilsstadir,ICE,12
649,seydisfjordur,ICE,12
650,reydarfjordur,ICE,12
651,holmur,ICE,12
652,kirkjubaejar,ICE,12
653,borgarnes,ICE,12
654,olavsvik,ICE,12
655,isafjordur,ICE,12
656,hvamstangi,ICE,12
657,skalholt,ICE,12
658,selfoss,ICE,12
659,keflavik,ICE,12
660,reikjavik,ICE,12
661,thingvellir,ICE,12
662,hvolsvollur,ICE,12
663,vattnajokull,,
664,icelandic_highlands,,
665,hofsjokull,,
666,langjokull,,
667,eyjafjallajokull,,
668,bear_island,,
669,jan_mayen,,
670,gardr,GRL,13
671,brattahlid,GRL,13
672,dyrnes,GRL,13
673,hvalsey,GRL,13
674,einarsfjord,GRL,13
675,vatnahverfi,GRL,13
676,herjolfsnes,GRL,13
677,petursvik,GRL,13
678,lundey,GRL,13
679,altafjord,GRL,13
680,ketilsfjord,GRL,13
681,siglufjord,GRL,13
682,eggers_o,,
683,arsuk,,
684,gronnedal,,
685,ivituut,,
686,sandnes,,
687,lysufjord,,
688,godthab,,
689,kapisillit,,
690,anavik,,
691,kangeq,,
692,eiriksfjord,,
693,prins_christianssund_coast,,
694,kangaamiut_coast,,
695,nuuk_fjord,,
696,paamiut_coast,,
697,neria_coast,,
698,qaqortoq_coast,,
699,greenland_high_sea8,,
700,greenland_high_sea9,,
701,greenland_high_sea11,,
702,greenland_high_sea21,,
703,iluileq_coast,,
704,tasiilaq_coast,,
705,denmark_strait,,
706,greenland_coast5,,
707,greenland_coast6,,
708,greenland_coast8,,
709,greenland_coast10,,
710,greenland_coast11,,
711,greenland_coast12,,
712,greenland_coast14,,
713,denmark_strait7,,
714,greenland_high_sea2,,
715,greenland_high_sea4,,
716,greenland_high_sea6,,
717,orkney,ORK,354
718,shetland,ORK,354
719,torshavn,NOR,6
720,fair_isle_gap,,
721,pentland_firth,,
722,sumburgh_head,,
723,cape_wrath,,
724,faroe_islands1,,
725,north_eastern_atlantic23,,
726,north_eastern_atlantic24,,
727,north_eastern_atlantic21,,
728,norwegian_sea10,,
729,norwegian_sea13,,
730,north_sea10,,
731,north_sea13,,
732,norwegian_sea,,
733,arnar_fjord,,
734,denmark_strait4,,
735,faxa_bay,,
736,stokks_point,,
737,vestmanna_islands,,
738,north_eastern_atlantic15,,
739,north_eastern_atlantic16,,
740,north_eastern_atlantic18,,
741,north_eastern_atlantic20,,
742,norwegian_sea8,,
743,fontur_point,,
744,glettinga_point,,
745,skaga_fjord,,
746,greenland_sea3,,
747,isa_fjord,,
748,denmark_strait1,,
749,denmark_strait2,,
750,norwegian_sea7,,
751,maastricht,VBG,1554
752,venlo,GEL,1853
753,weert,HRN,1555
754,roermond,GEL,1853
755,antwerp,BRB,1546
756,bergen_zoom,BRB,1546
757,breda,BRB,1546
758,turnhout,BRB,1546
759,mechelen,BRB,1546
760,helmond,BRB,1546
761,cuijk,CJK,1556
762,hertogenbosch,BRB,1546
763,eindhoven,BRB,1546
764,brussels,BRB,1546
765,leuven,BRB,1546
766,nivelles,BRB,1546
767,borgloon,LOO,1553
768,hasselt,LOO,1553
769,bree,LOO,1553
770,ghent,FLA,1547
771,aalst,FLA,1547
772,hulst,FLA,1547
773,kortriik,FLA,1547
774,oudenaarde,FLA,1547
775,sint_niklaas,FLA,1547
776,lille,FRA,1141
777,douai,FRA,1141
778,tournai,FRA,1141
779,bruges,FLA,1547
780,cassel,FLA,1547
781,dunkirk,FLA,1547
782,ostend,FLA,1547
783,veurne,FLA,1547
784,ypres,FLA,1547
785,emden,FRI,1558
786,jever,JEV,1895
787,aurich,FRI,1558
788,leer,FRI,1558
789,appingedam,FRI,1558
790,groningen,FRI,1558
791,wedde,FRI,1558
792,sloten,FRI,1558
793,harlingen,FRI,1558
794,leeuwarden,FRI,1558
795,stavoren,FRI,1558
796,wolvega,FRI,1558
797,assen,UTR,1557
798,meppel,UTR,1557
799,coevorden,UTR,1557
800,zwolle,UTR,1557
801,kampen,UTR,1557
802,deventer,UTR,1557
803,oldenzaal,UTR,1557
804,amsterdam,HOL,1544
805,amersfoort,UTR,1557
806,alkmaar,HOL,1544
807,hoorn,HOL,1544
808,utrecht,UTR,1557
809,haarlemmermeer,,
810,the_hague,HOL,1544
811,dordrecht,HOL,1544
812,geertruidenberg,HOL,1544
813,rotterdam,HOL,1544
814,leiden,HOL,1544
815,middelburg,ZEE,1545
816,arnhem,GEL,1853
817,apeldoorn,GEL,1853
818,doetinchem,ZUT,1854
819,harderwijk,GEL,1853
820,nijmegen,GEL,1853
821,tiel,GEL,1853
822,zutphen,ZUT,1854
823,luxembourg,LUX,1548
824,arlon,LUX,1548
825,thionville,LUX,1548
826,vianden,LUX,1548
827,mons,HAI,1560
828,ath,HAI,1560
829,chimay,HAI,1560
830,enghien,HAI,1560
831,maubeuge,HAI,1560
832,valenciennes,HAI,1560
833,liege,LIE,1549
834,limbourg,LIM,1551
835,st_vith,LUX,1548
836,stavelot,STV,1559
837,namur,NAM,1552
838,dinant,LIE,1549
839,orchimont,LUX,1548
840,walcourt,LIE,1549
841,bastogne,LUX,1548
842,bouillon,BLL,1565
843,la_roche,LUX,1548
844,montmedy,CHN,1550
845,neufchateau_luxembourg,LUX,1548
846,lubeck,LUB,1773
847,heiligenhafen,HPL,1791
848,ratzeburg,RZB,1808
849,eutin,LBB,1774
850,lauenburg,LAU,1814
851,kiel,HPL,1791
852,heide,DIT,1771
853,steinburg,HTR,1792
854,rendsburg,HTR,1792
855,stormarn,HTR,1792
856,segeberg,HTR,1792
857,pinneberg,HSP,1883
858,plon,HPL,1791
859,chojna,BRA,1775
860,soltyn,BRA,1775
861,gorzow,BRA,1775
862,santok,BRA,1775
863,torzym,BRA,1775
864,stendal,BRA,1775
865,gardelegen,BRA,1775
866,salzwedel,BRA,1775
867,osterburg,BRA,1775
868,haldensleben,MAG,1777
869,wolmirstedt,MAG,1777
870,havelberg,HVB,1804
871,wittstock,HVB,1804
872,ruppin,RUP,1803
873,pritzwalk,BRA,1775
874,wittenberge,BRA,1775
875,prenzlau,BRA,1775
876,templin,BRA,1775
877,angermunde,BRA,1775
878,berlin,BRA,1775
879,teltow,BRA,1775
880,treuenbrietzen,BRA,1775
881,herzfelde,BRA,1775
882,freienwalde,BRA,1775
883,lebus,BLB,1881
884,brandenburg,BRA,1775
885,potsdam,BRA,1775
886,juterbog,MAG,1777
887,schweinitz,SWB,1802
888,zerbst,ANH,1818
889,wittenberg,SWB,1802
890,belzig,SWB,1802
891,bitterfeld,SWB,1802
892,cottbus,SOR,1800
893,guben,SOR,1800
894,spremberg,SPB,1801
895,calau,SOR,1800
896,lubben,SOR,1800
897,luckau,SOR,1800
898,beeskow,BSK,1884
899,zossen,SOR,1800
900,bitburg,LUX,1548
901,prum,APR,1850
902,daun,DUN,1849
903,wittlich,TRI,1838
904,cochem,DUN,1849
905,mayen,TRI,1838
906,simmern,PSZ,2223
907,ahrweiler,KOL,1848
908,schleiden,MDS,2218
909,castellaun,SPO,1846
910,saarbrucken,SAA,1789
911,merzig,LOR,1166
912,lichtenberg_veldenz,VEL,2220
913,trier,TRI,1838
914,birkenfeld,SPO,1846
915,meisenheim,VEL,2220
916,saarburg,TRI,1838
917,kreuznach,SPO,1846
918,cologne,KOL,1848
919,bonn,KOL,1848
920,bergheim,JUL,1852
921,neuss,KOL,1848
922,remscheid,BRG,1786
923,siegburg,BRG,1786
924,gummersbach,SYN,1847
925,solingen,BRG,1786
926,coblenz,TRI,1838
927,altenkirchen,SYN,1847
928,wied,WIE,1896
929,aachen,AAC,1851
930,heinsberg,HBG,1566
931,duren,JUL,1852
932,dusseldorf,BRG,1786
933,monchengladbach,JUL,1852
934,kleve,KLE,1860
935,mors,MRS,1859
936,geldern,GEL,1853
937,kassel,HES,1832
938,eschwege,HES,1832
939,rotenburg,HES,1832
940,korbach,WDE,1888
941,frankenberg,HES,1832
942,marburg,HES,1832
943,melsungen,HES,1832
944,worms,WRM,1842
945,mainz,MAI,1788
946,darmstadt,KTZ,1787
947,offenbach,FLK,2217
948,oppenheim,PAL,2181
949,hanau,HNA,1835
950,frankfurt,FRN,1840
951,giessen,HES,1832
952,wetzlar,WTZ,1837
953,friedberg_hesse,FLK,2217
954,budingen,BUD,1836
955,nidda,NID,1893
956,fulda,FLD,1826
957,lauterbach,RDL,1892
958,hunfeld,FLD,1826
959,hersfeld,HSF,1831
960,ziegenhain,ZIG,1834
961,alsfeld,HES,1832
962,miltenberg,MAI,1788
963,aschaffenburg,MAI,1788
964,lohr,RIE,2189
965,bruckenau,WBG,2188
966,dillenburg,NSS,1784
967,wiesbaden,NSI,1891
968,diez,DIE,1839
969,usingen,NSW,1890
970,katzenelnbogen,KTZ,1787
971,hadamar,NSH,1783
972,munster,MUN,1867
973,warendorf,MUN,1867
974,ahaus,MUN,1867
975,horstmar,MUN,1867
976,dulmen,MUN,1867
977,bielefeld,RVB,1864
978,osnabruck,OSN,1865
979,minden,MDN,1781
980,lippstadt,LPP,1862
981,soest,KOL,1848
982,paderborn,PDB,1833
983,detmold,LPP,1862
984,hoxter,HOX,1863
985,warburg,PDB,1833
986,buren,PDB,1833
987,rietberg,RBG,1889
988,berleburg,WTG,1856
989,siegen,NSS,1784
990,altena,GMK,1855
991,arnsberg,ANB,1861
992,meschede,ANB,1861
993,brilon,KOL,1848
994,attendorn,KOL,1848
995,essen,ESS,1858
996,recklinghausen,KOL,1848
997,dortmund,DTM,1857
998,wesel,KLE,1860
999,hamm,GMK,1855
1000,bochum,GMK,1855
1001,oldenburg,OLD,1879
1002,elsfleth,OLD,1879
1003,gestenthorpe,BRE,1779
1004,bremen,BRM,1780
1005,osterholz,BRE,1779
1006,friesoythe,TCK,1866
1007,delmenhorst,OLD,1879
1008,lingen,TCK,1866
1009,bentheim,BNT,1564
1010,meppen,MUN,1867
1011,cloppenburg,TCK,1866
1012,bersenbruck,OSN,1865
1013,tecklenburg,TCK,1866
1014,rheine,MUN,1867
1015,aschendorf,MUN,1867
1016,nienburg,NIE,1875
1017,hoya,HOY,1874
1018,diepholz,DPH,1876
1019,vechta,MUN,1867
1020,harburg,LUN,1868
1021,stade,BRE,1779
1022,hamburg,HAM,1815
1023,neuhaus,BRE,1779
1024,ritzebuttel,RTB,1878
1025,bremervorde,BRE,1779
1026,hildesheim,HDH,1871
1027,hanover,BRU,1869
1028,burgdorf,HDH,1871
1029,buckeburg,SCB,1873
1030,hamelin,BRU,1869
1031,neustadt_am_rubenberge,BRU,1869
1032,brunswick,BRU,1869
1033,wolfenbuttel,BRU,1869
1034,helmstedt,BRU,1869
1035,gifhorn,BRU,1869
1036,meinersen,BRU,1869
1037,holzminden,EVS,1894
1038,gottingen,BRU,1869
1039,einbeck,GBH,1870
1040,hofgeismar,MAI,1788
1041,muhlhausen,MLH,1829
1042,duderstadt,GBH,1870
1043,dannenberg,LUN,1868
1044,luneburg,LUN,1868
1045,uelzen,LUN,1868
1046,winsen,LUN,1868
1047,soltau,VRD,1877
1048,winsen_aller,LUN,1868
1049,isenhagen,LUN,1868
1050,ebstorf,LUN,1868
1051,luchow,LUN,1868
1052,celle,LUN,1868
1053,fallingbostel,LUN,1868
1054,verden,VRD,1877
1055,zeven,BRE,1779
1056,achim,BRE,1779
1057,nordhausen,NHS,1828
1058,sangerhausen,ALL,1776
1059,goslar,GOS,1872
1060,alfeld,HDH,1871
1061,blankenburg,BBG,1817
1062,gandersheim,BRU,1869
1063,herzberg,GBH,1870
1064,ballenstedt,BNB,1819
1065,wernigerode,WGO,1885
1066,magdeburg,MAG,1777
1067,bernburg,BNB,1819
1068,calbe,MAG,1777
1069,halberstadt,HBS,1816
1070,quedlinburg,HBS,1816
1071,burg,MAG,1777
1072,jerichow,MAG,1777
1073,gorlitz,BOH,2147
1074,bautzen,BOH,2147
1075,zittau,JAW,1973
1076,hoyerswerda,BOH,2147
1077,rothenburg_oberlausitz,BOH,2147
1078,marienstern,BOH,2147
1079,meissen,MEI,1797
1080,dresden,MEI,1797
1081,pirna,MEI,1797
1082,liebenwerda,SWB,1802
1083,torgau,SWB,1802
1084,annaburg,MEI,1797
1085,glauchau,GLA,1799
1086,zwickau,LDB,1798
1087,chemnitz,LDB,1798
1088,freiberg,MEI,1797
1089,sayda,MEI,1797
1090,leipzig,LDB,1798
1091,grimma,LDB,1798
1092,rochlitz,LDB,1798
1093,wurzen,BMS,1880
1094,altenburg,LDB,1798
1095,delitzsch,LDB,1798
1096,plauen,PLN,1796
1097,gera,QUB,1823
1098,schleiz,QUB,1823
1099,hof,PLN,1796
1100,erfurt,ERF,1830
1101,eisenberg,THU,1778
1102,weimar,WMA,1824
1103,apolda,THU,1778
1104,arnstadt,SWZ,1825
1105,langensalza,THU,1778
1106,sondershausen,SHS,1827
1107,saalfeld,SWZ,1825
1108,hildburghausen,HNB,1794
1109,schmalkalden,HNB,1794
1110,eisenach,THU,1778
1111,meiningen,HNB,1794
1112,gotha,THU,1778
1113,ohrdruf,GLN,1887
1114,schleusingen,HNB,1794
1115,halle_an_der_saale,MAG,1777
1116,naumburg,NMB,1822
1117,weissenfels,LDB,1798
1118,freyburg,THU,1778
1119,beichlingen,BHL,1886
1120,merseburg,MRB,1821
1121,eisleben,MFE,1820
1122,schwerin,SWR,1805
1123,hagenow,MKL,1807
1124,grevesmuhlen,MKL,1807
1125,wismar,MKL,1807
1126,doberan,MKL,1807
1127,grabow,MKL,1807
1128,rostock,MKL,1807
1129,butzow,SWR,1805
1130,gustrow,GSW,1810
1131,parchim,GSW,1810
1132,malchin,WRN,1806
1133,waren,WRN,1806
1134,neubrandenburg,MKL,1807
1135,strelitz,MKL,1807
1136,malchow,GSW,1810
1137,lake_muritz,,
1138,stralsund,WOL,1811
1139,ribnitz,MKL,1807
1140,grimmen,WOL,1811
1141,rugen,WOL,1811
1142,swinousjcie,WOL,1811
1143,wolgast,WOL,1811
1144,anklam,STE,1790
1145,demmin,STE,1790
1146,stettin,STE,1790
1147,ueckermunde,STE,1790
1148,kamien,WOL,1811
1149,nowogard,NWG,1813
1150,goleniow,WOL,1811
1151,koszalin,KMM,1812
1152,bialogard,WOL,1811
1153,gryfia_gora,WOL,1811
1154,kolobrzeg,KMM,1812
1155,swidwin,BRA,1775
1156,resko,WOL,1811
1157,bobolice,KMM,1812
1158,nowoszczecin,WOL,1811
1159,slupsk,WOL,1811
1160,lebork,TEU,234
1161,bytow,TEU,234
1162,miastko,WOL,1811
1163,slawno,WOL,1811
1164,lebsko_lake,,
1165,pyrzyce,STE,1790
1166,choszczno,BRA,1775
1167,szadzko,WOL,1811
1168,gryfow,STE,1790
1169,drawsko,BRA,1775
1170,vienna,HAB,2146
1171,austria_baden,HAB,2146
1172,bruck_leitha,HAB,2146
1173,krems,HAB,2146
1174,horn,HAB,2146
1175,waidhofen_an_der_thaya,HAB,2146
1176,zwettl,HAB,2146
1177,st_polten,PSS,2149
1178,amstetten,HAB,2146
1179,lilienfeld,HAB,2146
1180,melk,HAB,2146
1181,scheibbs,HAB,2146
1182,tulln,HAB,2146
1183,waidhofen,FRE,2184
1184,hollabrunn,HAB,2146
1185,ganserndorf,HAB,2146
1186,korneuburg,HAB,2146
1187,mistelbach,HAB,2146
1188,linz,HAB,2146
1189,braunau,LBV,2153
1190,ried,LBV,2153
1191,st_georgen,HAB,2146
1192,scharding,LBV,2153
1193,freistadt,HAB,2146
1194,perg,HAB,2146
1195,rohrbach,HAB,2146
1196,steyr,HAB,2146
1197,bad_ischl,HAB,2146
1198,gmunden,HAB,2146
1199,kirchdorf,HAB,2146
1200,wels,HAB,2146
1201,salzburg,SLZ,2154
1202,berchtesgaden,BRC,2179
1203,hallein,SLZ,2154
1204,zell_am_see,SLZ,2154
1205,mittersill,SLZ,2154
1206,saalfelden,SLZ,2154
1207,bavarian_alps1,,
1208,st_johann,SLZ,2154
1209,bischofshofen,SLZ,2154
1210,tamsweg,SLZ,2154
1211,bavarian_alps2,,
1212,graz,HAB,2146
1213,leibnitz,SLZ,2154
1214,voitsberg,HAB,2146
1215,celje,CLI,216
1216,lasko,CLI,216
1217,maribor,HAB,2146
1218,ptuj,SLZ,2154
1219,slovenj_gradec,HAB,2146
1220,judenburg,HAB,2146
1221,leoben,HAB,2146
1222,liezen,HAB,2146
1223,murau,HAB,2146
1224,rottenmann,HAB,2146
1225,schladming,HAB,2146
1226,kapfenberg,HAB,2146
1227,murzzuschlag,HAB,2146
1228,tauern_range2,,
1229,pitten,HAB,2146
1230,wiener_neustadt,HAB,2146
1231,furstenfeld,HAB,2146
1232,weiz,HAB,2146
1233,feldbach,HAB,2146
1234,wolfsberg,BAM,2155
1235,st_veit,HAB,2146
1236,friesach,SLZ,2154
1237,volkermarkt,HAB,2146
1238,klagenfurt,HAB,2146
1239,feldkirchen,GRK,2234
1240,villach,BAM,2155
1241,hermagor,GOR,226
1242,steinfeld,HAB,2146
1243,winklern,GOR,226
1244,spittal,ORT,2212
1245,lienz,GOR,226
1246,tauern_range1,,
1247,dolomite_alps3,,
1248,bolzano,TIR,2158
1249,brixen,BXN,2213
1250,bruneck,GOR,226
1251,cavalese,TNT,2247
1252,merano,TIR,2158
1253,silandro,TIR,2158
1254,sterzing,TIR,2158
1255,villandro,TIR,2158
1256,dolomite_alps1,,
1257,dolomite_alps4,,
1258,rhaetian_alps7,,
1259,otztal_alps1,,
1260,venediger_group,,
1261,trento,TNT,2247
1262,cles,TNT,2247
1263,riva,TNT,2247
1264,rovereto,VER,1523
1265,rhaetian_alps8,,
1266,schwaz,TIR,2158
1267,innsbruck,TIR,2158
1268,zell_am_ziller,SLZ,2154
1269,kufstein,UBV,2152
1270,kitzbuhel,UBV,2152
1271,imst,TIR,2158
1272,reutte,TIR,2158
1273,landeck,TIR,2158
1274,lechtal_alps1,,
1275,lechtal_alps2,,
1276,otztal_alps2,,
1277,feldkirch,MFK,2161
1278,bregenz,MBZ,2160
1279,bludenz,WER,2159
1280,bern,BRN,2172
1281,burgdorf_emmental,KYB,2177
1282,saanen,GRY,2221
1283,thun,KYB,2177
1284,frutigen,TRN,2178
1285,interlaken,BRN,2172
1286,brig,SIT,2170
1287,sion,SIT,2170
1288,martigny,SIT,2170
1289,monthey,VUD,2214
1290,bernese_alps,,
1291,stein_glacier,,
1292,lepontine_alps1,,
1293,aarau,HAB,2146
1294,baden_im_aargau,HAB,2146
1295,lucerne,LCU,2169
1296,wolhusen,HAB,2146
1297,lake_lucerne,,
1298,schwyz,SYZ,2165
1299,glarus,HAB,2146
1300,altdorf,URI,2167
1301,sarnen,OBW,2168
1302,tarasp,BCH,2162
1303,zuoz,BCH,2162
1304,disentis,DIS,2232
1305,davos,TGG,2222
1306,chur,BCH,2162
1307,ilanz,BLM,2231
1308,mesocco,MSO,1491
1309,silvretta_alps,,
1310,glarner_alps,,
1311,lepontine_alps2,,
1312,rhaetian_alps1,,
1313,rhaetian_alps4,,
1314,zurich,ZUR,2164
1315,werdenberg,WER,2159
1316,st_gallen,STG,2163
1317,frauenfeld,HAB,2146
1318,toggenburg,TGG,2222
1319,kyburg,HAB,2146
1320,lake_zurich,,
1321,geneve,GNV,1207
1322,nyon,VUD,2214
1323,yverdon_les_bains,VUD,2214
1324,lausanne,LSA,2176
1325,montreux,VUD,2214
1326,fribourg,HAB,2146
1327,gruyere,GRY,2221
1328,lake_geneva,,
1329,delemont,BAS,2175
1330,neuchatel,NEU,2174
1331,solothurn,SLT,2173
1332,basel,BAS,2175
1333,bienne,BAS,2175
1334,lake_neuchatel,,
1335,kaiserslautern,PAL,2181
1336,zweibrucken,ZWE,1844
1337,speyer,SYE,1843
1338,pirmasens,ZWE,1844
1339,germersheim,PAL,2181
1340,leiningen,LNN,1845
1341,heidelberg,PAL,2181
1342,landau_rhineland,LDA,2219
1343,neustadt_an_der_haardt,PAL,2181
1344,sinsheim,PAL,2181
1345,heilbronn,HBR,2201
1346,bruchsal,SPY,1795
1347,durlach,BDE,2202
1348,calw,WUR,2198
1349,oberndorf,WUR,2198
1350,oberkirch,ALS,1189
1351,nagold,WUR,2198
1352,villingen,HAB,2146
1353,furstenberg,FUR,2233
1354,waldshut,HAB,2146
1355,bonndorf,HAB,2146
1356,freiburg,FBG,2208
1357,mullheim,SAB,2237
1358,offenburg,OFB,2209
1359,hachberg,HAC,2235
1360,baden,BDE,2202
1361,bensheim,MAI,1788
1362,mosbach,MSB,2190
1363,buchen,MAI,1788
1364,erbach,ERB,1841
1365,konstanz,KNZ,2197
1366,uberlingen,UBL,2206
1367,schaffhausen,HAB,2146
1368,stockach,NEL,2244
1369,lake_constance,,
1370,ellwangen,ELL,2239
1371,welzheim,WUR,2198
1372,dinkelsbuhl,DNB,2193
1373,oettingen,OET,2199
1374,ulm,ULM,2196
1375,heidenheim,HEH,2240
1376,sigmaringen,WUR,2198
1377,riedlingen,WUR,2198
1378,helfenstein,HLF,2241
1379,balingen,HOH,2242
1380,hohenberg,HHB,2207
1381,erbach_swabia,KIR,2243
1382,augsburg,AGC,2151
1383,memmingen,MEM,2194
1384,krumbach,HAB,2146
1385,gunzburg,HAB,2146
1386,dillingen,AUG,2150
1387,wertingen,HAB,2146
1388,illereichen,KIR,2243
1389,ravensburg,RVA,2204
1390,biberach,BIB,2205
1391,waldburg,WDB,2203
1392,waldsee,HAB,2146
1393,saulgau,HAB,2146
1394,immenstadt,MBZ,2160
1395,sonthofen,AUG,2150
1396,kempten,KMP,2195
1397,oberdorf,AUG,2150
1398,horb,HHB,2207
1399,tubingen,TUB,2245
1400,stuttgart,WUR,2198
1401,urach,WUR,2198
1402,vaihingen,OET,2199
1403,goppingen,WUR,2198
1404,nuremberg,NUR,2187
1405,schwabach,ANS,2183
1406,ansbach,ANS,2183
1407,uffenheim,UFF,2191
1408,rothenburg,ROT,2192
1409,neustadt,ANS,2183
1410,neumarkt,PAL,2181
1411,weissenburg,WEI,2186
1412,eichstatt,EIC,2185
1413,parsberg,UBV,2152
1414,beilngries,EIC,2185
1415,bayreuth,ANS,2183
1416,forchheim,BAM,2155
1417,pegnitz,BAM,2155
1418,schesslitz,THD,2238
1419,wunsiedel,ANS,2183
1420,kulmbach,ANS,2183
1421,eschenbach,PAL,2181
1422,tirschenreuth,WLD,2210
1423,sulzbach,PAL,2181
1424,bamberg,BAM,2155
1425,hassfurt,WBG,2188
1426,wurzburg,WBG,2188
1427,karlstadt,WBG,2188
1428,schweinfurt,WBG,2188
1429,kitzingen,UFF,2191
1430,mellrichstadt,WBG,2188
1431,konigshofen,WBG,2188
1432,aschach,HNB,1794
1433,coburg,HNB,1794
1434,kronach,BAM,2155
1435,lichtenfels,BAM,2155
1436,mergentheim,TEU,234
1437,hall,SWH,2200
1438,crailsheim,UFF,2191
1439,backnang,WUR,2198
1440,ohringen,UFF,2191
1441,tauberbischofsheim,MAI,1788
1442,garmisch,FRE,2184
1443,schongau,UBV,2152
1444,weilheim,UBV,2152
1445,miesbach,FRE,2184
1446,tolz,UBV,2152
1447,munich,UBV,2152
1448,ebersberg,UBV,2152
1449,landsberg,UBV,2152
1450,andechs,UBV,2152
1451,indersdorf,UBV,2152
1452,friedberg,UBV,2152
1453,freising,FRE,2184
1454,erding,LBV,2153
1455,lake_starnberg,,
1456,traunstein,LBV,2153
1457,laufen,SLZ,2154
1458,wasserburg,UBV,2152
1459,muhldorf,SLZ,2154
1460,rosenheim,LBV,2153
1461,lake_chiemsee,,
1462,landau,LBV,2153
1463,eggenfelden,LBV,2153
1464,landshut,LBV,2153
1465,griesbach,LBV,2153
1466,burghausen,LBV,2153
1467,neuburg_an_der_donau,UBV,2152
1468,ingolstadt,UBV,2152
1469,rottenburg,LBV,2153
1470,pfaffenhofen,UBV,2152
1471,regensburg,REG,2182
1472,mallersdorf,LBV,2153
1473,kelheim,LBV,2153
1474,passau,PSS,2149
1475,grafenau,GRF,2180
1476,bavaria_regen,LBV,2153
1477,straubing,LBV,2153
1478,cham,LBV,2153
1479,amberg,PAL,2181
1480,leuchtenberg,LEU,2246
1481,roding,PAL,2181
1482,burglengenfeld,UBV,2152
1483,bechyne,BOH,2147
1484,budejovice,BOH,2147
1485,j_hradec,BOH,2147
1486,krumlov,BOH,2147
1487,trebon,BOH,2147
1488,mlada_boleslav,BOH,2147
1489,frydlant,BOH,2147
1490,turnov,BOH,2147
1491,cheb,BOH,2147
1492,jachymov,BOH,2147
1493,loket,BOH,2147
1494,hradec_kralove,BOH,2147
1495,jicin,BOH,2147
1496,klodzko,BOH,2147
1497,nachod,BOH,2147
1498,podebrady,BOH,2147
1499,litomerice,BOH,2147
1500,decin,BOH,2147
1501,usti_nad_labem,BOH,2147
1502,plzen,BOH,2147
1503,domazlice,BOH,2147
1504,klatovy,BOH,2147
1505,tachov,BOH,2147
1506,tepla,BOH,2147
1507,caslav,BOH,2147
1508,chrudim,BOH,2147
1509,kutna_hora,BOH,2147
1510,litomysl,BOH,2147
1511,nemecky_brod,BOH,2147
1512,prachen,BOH,2147
1513,husinec,BOH,2147
1514,pisek,BOH,2147
1515,prague,BOH,2147
1516,benesov,BOH,2147
1517,beroun,BOH,2147
1518,kourim,BOH,2147
1519,slany,BOH,2147
1520,zatec,BOH,2147
1521,most,BOH,2147
1522,rakovnik,BOH,2147
1523,znojmo,MVA,2148
1524,bitov,MVA,2148
1525,dacice,MVA,2148
1526,jihlava,MVA,2148
1527,brno,MVA,2148
1528,pernstejn,MVA,2148
1529,hodonin,MVA,2148
1530,vyskov,MVA,2148
1531,olomouc,MVA,2148
1532,prostejov,MVA,2148
1533,zabreh,MVA,2148
1534,sumperk,MVA,2148
1535,hradiste,MVA,2148
1536,vizovice,MVA,2148
1537,prerov,MVA,2148
1538,pribor,MVA,2148
1539,strasbourg,SFC,2225
1540,haguenau,HAG,2228
1541,zabern,ALS,1189
1542,lichtenberg,LIC,2230
1543,benfeld,ALS,1189
1544,colmar,CFC,2226
1545,belfort,FRT,1200
1546,ensisheim,HAB,2146
1547,ferrette,FRT,1200
1548,murbach,MUR,2227
1549,mulhouse,MUL,2229
1550,london,ENG,289
1551,harrow,ENG,289
1552,kingston,ENG,289
1553,reigate,ENG,289
1554,guildford,ENG,289
1555,woking,ENG,289
1556,southampton,ENG,289
1557,portsmouth,ENG,289
1558,winchester,ENG,289
1559,lymington,ENG,289
1560,wight,ENG,289
1561,basingstoke,ENG,289
1562,dover,ENG,289
1563,canterbury,ENG,289
1564,rochester,ENG,289
1565,hythe,ENG,289
1566,tonbridge,ENG,289
1567,shoreham,ENG,289
1568,lewes,ENG,289
1569,hastings,ENG,289
1570,chichester,ENG,289
1571,dunstable,ENG,289
1572,bedford,ENG,289
1573,oxford,ENG,289
1574,henley,ENG,289
1575,banbury,ENG,289
1576,windsor,ENG,289
1577,reading,ENG,289
1578,abingdon,ENG,289
1579,buckingham,ENG,289
1580,aylesbury,ENG,289
1581,wycombe,ENG,289
1582,leicester,ENG,289
1583,loughborough,ENG,289
1584,bosworth,ENG,289
1585,rutland,ENG,289
1586,derby,ENG,289
1587,glossop,ENG,289
1588,chesterfield,ENG,289
1589,nottingham,ENG,289
1590,newark,ENG,289
1591,retford,ENG,289
1592,lincoln,ENG,289
1593,boston,ENG,289
1594,grimsby,ENG,289
1595,grantham,ENG,289
1596,louth,ENG,289
1597,spalding,ENG,289
1598,northampton,ENG,289
1599,daventry,ENG,289
1600,kettering,ENG,289
1601,coventry,ENG,289
1602,birmingham,ENG,289
1603,stratford,ENG,289
1604,shrewsbury,ENG,289
1605,oswestry,AUD,340
1606,ludlow,MAC,339
1607,hereford,ENG,289
1608,ewyas,EWY,343
1609,wigmore,MAC,339
1610,worcester,ENG,289
1611,kidderminster,ENG,289
1612,stafford,ENG,289
1613,stoke,ENG,289
1614,tamworth,ENG,289
1615,lancaster,LAN,308
1616,blackburn,LAN,308
1617,liverpool,LAN,308
1618,preston,LAN,308
1619,manchester,LAN,308
1620,pennines_01,,
1621,pennines_02,,
1622,york,ENG,289
1623,scarborough,ENG,289
1624,bedale,ENG,289
1625,richmond,ENG,289
1626,whitby,ENG,289
1627,north_york_moors,,
1628,hull,ENG,289
1629,bridlington,ENG,289
1630,selby,ENG,289
1631,norton,ENG,289
1632,leeds,ENG,289
1633,pontefract,ENG,289
1634,skipton,ENG,289
1635,wakefield,ENG,289
1636,doncaster,ENG,289
1637,ripon,ENG,289
1638,pennines_04,,
1639,pennines_05,,
1640,pennines_06,,
1641,newcastle,ENG,289
1642,hexham,ENG,289
1643,alnwick,ENG,289
1644,morpeth,ENG,289
1645,billingham,ENG,289
1646,carlisle,ENG,289
1647,cockermouth,ENG,289
1648,penrith,ENG,289
1649,egremont,ENG,289
1650,derwent_water,,
1651,kendal,ENG,289
1652,appleby,ENG,289
1653,durham,DHM,306
1654,darlington,DHM,306
1655,stockton,DHM,306
1656,pennines_03,,
1657,chester,CET,307
1658,macclesfield,CET,307
1659,nantwich,CET,307
1660,norwich,ENG,289
1661,lynn,ENG,289
1662,yarmouth,ENG,289
1663,thetford,ENG,289
1664,fakenham,ENG,289
1665,colchester,ENG,289
1666,chelmsford,ENG,289
1667,prittlewell,ENG,289
1668,hedingham,ENG,289
1669,walden,ENG,289
1670,barking,ENG,289
1671,ipswich,ENG,289
1672,bury,ENG,289
1673,lowestoft,ENG,289
1674,lavenham,ENG,289
1675,cambridge,ENG,289
1676,ely,ENG,289
1677,huntingdon,ENG,289
1678,royston,ENG,289
1679,hertford,ENG,289
1680,st_albans,ENG,289
1681,launceston,ENG,289
1682,truro,ENG,289
1683,bodmin,ENG,289
1684,scilly_isles,,
1685,wells,ENG,289
1686,taunton,ENG,289
1687,bath,ENG,289
1688,portishead,ENG,289
1689,minehead,ENG,289
1690,plymouth,ENG,289
1691,exeter,ENG,289
1692,barnstaple,ENG,289
1693,bideford,ENG,289
1694,bampton,ENG,289
1695,okehampton,ENG,289
1696,dartmoor,,
1697,poole,ENG,289
1698,weymouth,ENG,289
1699,dorchester,ENG,289
1700,shaftesbury,ENG,289
1701,salisbury,ENG,289
1702,trowbridge,ENG,289
1703,chippenham,ENG,289
1704,amesbury,ENG,289
1705,bristol,ENG,289
1706,gloucester,ENG,289
1707,cheltenham,ENG,289
1708,cirencester,ENG,289
1709,inverness,MOY,355
1710,urquhart,ROS,356
1711,elgin,MOY,355
1712,badenoch,MOY,355
1713,loch_ness,,
1714,cairngorm,,
1715,dingwall,ROS,356
1716,gairloch,ROS,356
1717,ullapool,ROS,356
1718,fannichs,,
1719,dornoch,SCO,290
1720,durness,SCO,290
1721,tongue,SCO,290
1722,thurso,SCO,290
1723,ben_klibreck,,
1724,inverary,SCO,290
1725,oban,SCO,290
1726,cowal,SCO,290
1727,lochaber,MOY,355
1728,ardtornish,LOI,328
1729,kintyre,LOI,328
1730,ben_nevis,,
1731,carn_eige,,
1732,lewis,LOI,328
1733,uist,LOI,328
1734,harris,LOI,328
1735,skye,ROS,356
1736,arran,SCO,290
1737,mull,LOI,328
1738,islay,LOI,328
1739,mann,MNN,353
1740,edinburgh,SBL,291
1741,dunbar,SCO,290
1742,linlithgow,SBL,291
1743,stirling,SBL,291
1744,stranraer,SBL,291
1745,ayr,SBL,291
1746,kirkcudbright,SBL,291
1747,irvine,SCO,290
1748,kenmure,SBL,291
1749,dumfries,SBL,291
1750,glasgow,SCO,290
1751,lanark,SBL,291
1752,paisley,SCO,290
1753,dumbarton,SCO,290
1754,loch_lomond,,
1755,roxburgh,SBL,291
1756,selkirk,SCO,290
1757,duns,SBL,291
1758,berwick,ENG,289
1759,dunfermline,SCO,290
1760,st_andrews,SCO,290
1761,cupar,SBL,291
1762,perth,SBL,291
1763,aberfeldy,SCO,290
1764,clackmannan,SCO,290
1765,scone,SCO,290
1766,strathearn,SBL,291
1767,ochil_hills,,
1768,dundee,SCO,290
1769,forfar,SCO,290
1770,arbroath,SCO,290
1771,stonehaven,SCO,290
1772,aberdeen,SCO,290
1773,buchan,SCO,290
1774,banff,SCO,290
1775,mar,SCO,290
1776,inverurie,SCO,290
1777,carmarthen,WLS,313
1778,pembroke,PMB,345
1779,fishguard,CMS,344
1780,kidwelly,LAN,308
1781,cardigan,WLS,313
1782,aberystwyth,WLS,313
1783,carnarvon,WLS,313
1784,anglesey,WLS,313
1785,conwy,WLS,313
1786,harlech,WLS,313
1787,flint,CET,307
1788,penllyn,WLS,313
1789,denbigh,DEN,346
1790,snowdon,,
1791,montgomery,POS,342
1792,machynlleth,POS,342
1793,llangollen,AUD,340
1794,berwyn_range,,
1795,brecknock,BRO,341
1796,builth,MAC,339
1797,radnor,MAC,339
1798,brecon_beacons,,
1799,cambrian_mountains,,
1800,cardiff,GMG,338
1801,monmouth,LAN,308
1802,newport,MAC,339
1803,neath,GMG,338
1804,swansea,GWR,337
1805,caerphilly,GMG,338
1806,rhine_estuary,,
1807,scheldt_estuary,,
1808,holland_coast,,
1809,wadden_sea,,
1810,zuiderzee,,
1811,west_frisian_islands,,
1812,east_frisian_islands,,
1813,emms_estuary,,
1814,jade_bay,,
1815,north_frisian_islands,,
1816,heligoland_island,,
1817,esperance_bay,,
1818,ringkobing_fjord,,
1819,elbe_estuary,,
1820,north_sea2,,
1821,north_sea3,,
1822,north_sea6,,
1823,thames,,
1824,anglian_coast,,
1825,wash,,
1826,humber_estuary,,
1827,flamborough_head,,
1828,north_sea1,,
1829,north_sea7,,
1830,firth_of_forth,,
1831,moray_firth,,
1832,northumbrian_coast,,
1833,kinnaird_head,,
1834,firth_of_tay,,
1835,north_sea9,,
1836,solent,,
1837,seine_bay,,
1838,alabaster_coast,,
1839,seven_sisters,,
1840,strait_of_dover,,
1841,lyme_bay,,
1842,lizard_point,,
1843,saint_malo_gulf,,
1844,breton_sea,,
1845,north_uist,,
1846,south_uist,,
1847,little_minch,,
1848,north_minch,,
1849,firth_of_lorne,,
1850,butt_of_lewis,,
1851,north_eastern_atlantic25,,
1852,north_eastern_atlantic26,,
1853,north_eastern_atlantic27,,
1854,dublin,PLE,312
1855,fingal,PLE,312
1856,wicklow,PLE,312
1857,glendalough,IMA,323
1858,wicklow_mountains,,
1859,trim,PLE,312
1860,kells,PLE,312
1861,mullingar,PLE,312
1862,longford,ANN,311
1863,ardagh,ANN,311
1864,ballymore,PLE,312
1865,tullamore,FCL,327
1866,navan,PLE,312
1867,wexford,PLE,312
1868,new_ross,PLE,312
1869,ferns,LEI,317
1870,carlow,PLE,312
1871,kildare,KID,298
1872,naas,KID,298
1873,athy,KID,298
1874,dunamase,FLY,335
1875,daingean,FLY,335
1876,kilkenny,PLE,312
1877,cullahill,OSS,302
1878,carrickfergus,ULS,295
1879,belfast,CLA,292
1880,ballymena,CLA,292
1881,ballycastle,GLS,320
1882,dunluce,ULS,295
1883,lough_neagh,,
1884,downpatrick,ULS,295
1885,iveagh,IVG,321
1886,newtownards,CLA,292
1887,dungannon,TYR,314
1888,strabane,TYR,314
1889,clogher,TYR,314
1890,enniskillen,FMA,329
1891,belcoo,FMA,329
1892,lough_erne,,
1893,derry,KEE,319
1894,coleraine,KEE,319
1895,magherafelt,TYR,314
1896,donegal,TRY,318
1897,kilmacrennan,TRY,318
1898,inishowen,INI,316
1899,raphoe,AMH,315
1900,monaghan,OIL,304
1901,carrickmacross,OIL,304
1902,armagh,AMA,305
1903,oriel,AMA,305
1904,dundalk,PLE,312
1905,drogheda,PLE,312
1906,galway,CLR,293
1907,clifden,CMA,300
1908,athenry,CLR,293
1909,tuam,CLR,293
1910,kilconnell,HYM,322
1911,lough_corrib,,
1912,lough_derg,,
1913,roscommon,CNN,309
1914,castlereagh,CNN,309
1915,sligo,SLN,334
1916,athlone,HYM,322
1917,skreen,TGH,325
1918,lough_ree,,
1919,dromahair,BFN,330
1920,leitrim,BFN,330
1921,killeshandra,BFN,330
1922,cavan,CVN,331
1923,killycolly,CVN,331
1924,castlebar,MYO,332
1925,burrishoole,UMH,301
1926,erris,MYO,332
1927,ballaghaderreen,MYO,332
1928,lough_mask,,
1929,lough_conn,,
1930,cork,PLE,312
1931,fermoy,DMS,297
1932,kinsale,DMS,297
1933,youghal,DMS,297
1934,killarney,MCM,303
1935,carbery,BEA,299
1936,kilbrittain,MCM,303
1937,muskerry,MCM,303
1938,dunhallow,MCM,303
1939,tralee,DMS,297
1940,dingle,DMS,297
1941,limerick,PLE,312
1942,killmallock,DMS,297
1943,adare,DMS,297
1944,castleconnell,CWM,294
1945,ennis,THO,333
1946,bunratty,THO,333
1947,moyarta,THO,333
1948,tipperary,CWM,294
1949,nenagh,ORD,296
1950,clonmel,ORD,296
1951,cashel,ORD,296
1952,roscrea,ORD,296
1953,moycarn,ELY,326
1954,waterford,PLE,312
1955,dungarvan,DMS,297
1956,carrickbeg,DCI,324
1957,dublin_bay,,
1958,cardigan_bay,,
1959,st_georges_channel,,
1960,liverpool_bay,,
1961,dundalk_bay,,
1962,solway_firth,,
1963,clyde_firth,,
1964,north_channel,,
1965,clew_bay,,
1966,erris_head,,
1967,bloody_foreland,,
1968,donegal_bay,,
1969,lough_foyle,,
1970,north_eastern_atlantic28,,
1971,shannon_estuary,,
1972,slea_head,,
1973,bantry_bay,,
1974,galway_bay,,
1975,slyne_head,,
1976,north_eastern_atlantic29,,
1977,north_eastern_atlantic30,,
1978,north_eastern_atlantic31,,
1979,ushant,,
1980,severn,,
1981,mizen_head,,
1982,bude_bay,,
1983,milford_haven,,
1984,hook_head,,
1985,cork_harbour,,
1986,north_eastern_atlantic32,,
1987,north_eastern_atlantic33,,
1988,north_eastern_atlantic34,,
1989,angers,ANJ,1171
1990,bauge,ANJ,1171
1991,beaupreau,ANJ,1171
1992,chateau_gontier,ANJ,1171
1993,le_lude,ANJ,1171
1994,loudun,FRA,1141
1995,passavant,ANJ,1171
1996,saumur,ANJ,1171
1997,mayenne,MIE,1172
1998,laval,MIE,1172
1999,sainte_suzanne,MIE,1172
2000,villaines,MIE,1172
2001,le_mans,MIE,1172
2002,beaumont_au_maine,MIE,1172
2003,chateau_du_loir,MIE,1172
2004,sable,MIE,1172
2005,st_calais,MIE,1172
2006,mortagne,PRC,1174
2007,alluyes,BAR,1167
2008,belleme,PRC,1174
2009,senonches,PRC,1174
2010,clermont,FRA,1141
2011,allegre,FRA,1141
2012,brioude,FRA,1141
2013,riom,FRA,1141
2014,thiers,FRZ,1175
2015,vic_le_comte,AUV,1149
2016,vodable,FRA,1141
2017,bourbon,BOU,1150
2018,huriel,BOU,1150
2019,jaligny,BOU,1150
2020,molins,BOU,1150
2021,montlucon,BOU,1150
2022,st_gerand,BOU,1150
2023,vichy,BOU,1150
2024,chambon,FRA,1141
2025,herment,FRA,1141
2026,montaigut,FRA,1141
2027,tour_auvergne,FRA,1141
2028,dore_mountains,,
2029,aurillac,CLT,1204
2030,mauriac,FRA,1141
2031,saint_flour,FRA,1141
2032,quimper,BRI,1140
2033,carhaix,BRI,1140
2034,chateaulin,BRI,1140
2035,le_faou,BRI,1140
2036,quimperle,BRI,1140
2037,nantes,BRI,1140
2038,blain,BRI,1140
2039,chateaubriant,BRI,1140
2040,guerande,BRI,1140
2041,machecoul,BRI,1140
2042,ploermel,BRI,1140
2043,josselin,BRI,1140
2044,monfort_sur_meu,BRI,1140
2045,rohan,BRI,1140
2046,rennes,BRI,1140
2047,dol,BRI,1140
2048,fougeres,BRI,1140
2049,saint_malo,BRI,1140
2050,vitre,BRI,1140
2051,saint_brieuc,BRI,1140
2052,brest,BRI,1140
2053,chatelaudren,BRI,1140
2054,st_pol_de_leon,BRI,1140
2055,treguier,BRI,1140
2056,vannes,BRI,1140
2057,hennebont,BRI,1140
2058,redon,BRI,1140
2059,auxerre,AUX,1146
2060,aignay,BUR,1142
2061,arnay,BUR,1142
2062,avallon,BUR,1142
2063,chatillon_sur_seine,BUR,1142
2064,semur_en_auxois,BUR,1142
2065,autun,BUR,1142
2066,charolles,BUR,1142
2067,macon,FRA,1141
2068,montcenis,BUR,1142
2069,semur_en_brionnais,BUR,1142
2070,dijon,BUR,1142
2071,auxonne,BUR,1142
2072,beaune,BUR,1142
2073,chalon_sur_saone,BUR,1142
2074,louhans,BUR,1142
2075,nevers,NEV,1156
2076,cercy,NEV,1156
2077,chateau_chinon,NEV,1156
2078,donzy,NEV,1156
2079,montreuillon,NEV,1156
2080,st_pierre_de_moutier,NEV,1156
2081,chaumont,FRA,1141
2082,choiseul,FRA,1141
2083,grancey,FRA,1141
2084,la_mothe_en_bassigny,BAR,1167
2085,langres,FRA,1141
2086,vaucouleurs,FRA,1141
2087,meaux,FRA,1141
2088,broyes,FRA,1141
2089,chateau_thierry,FRA,1141
2090,nogent_sur_seine,FRA,1141
2091,provins,FRA,1141
2092,troyes,FRA,1141
2093,brienne,FRA,1141
2094,villemaur,FRA,1141
2095,vitry_en_pertois,FRA,1141
2096,joinville,FRA,1141
2097,bar_sur_aube,FRA,1141
2098,rosnay,FRA,1141
2099,reims,FRA,1141
2100,chalons_champagne,FRA,1141
2101,epernay,FRA,1141
2102,menehould,FRA,1141
2103,vertus,FRA,1141
2104,rethel,RET,1196
2105,chateau_porcien,RET,1196
2106,grandpre,FRA,1141
2107,mouzon,MOU,1195
2108,sens,FRA,1141
2109,bar_sur_seine,FRA,1141
2110,joigny,ALE,1145
2111,saint_florentin,FRA,1141
2112,tonnerre,TON,1184
2113,vesoul,FCB,1143
2114,baume,FCB,1143
2115,gray,FCB,1143
2116,luxeuil,FCB,1143
2117,montbeliard,MTB,1190
2118,montbozon,FCB,1143
2119,salins_les_bains,FCB,1143
2120,orgelet,FCB,1143
2121,poligny,FCB,1143
2122,pontarlier,FCB,1143
2123,saint_claude,SCL,1206
2124,besancon,BSC,1188
2125,dole,FCB,1143
2126,ornans,FCB,1143
2127,auch,AMG,1148
2128,lectoure,AMG,1148
2129,lisle_jourdain,IJO,1181
2130,mirande,AST,1179
2131,nogaro,AMG,1148
2132,pau,BRR,1198
2133,oloron,BRR,1198
2134,orthez,BRR,1198
2135,tarbes,FRA,1141
2136,north_western_pyrenees,,
2137,muret,COM,1180
2138,aspet,COM,1180
2139,saint_lizier,COM,1180
2140,saint_gaudens,FRA,1141
2141,north_eastern_pyrenees1,,
2142,dax,AQN,1144
2143,aire,MDM,1199
2144,labrit,AQN,1144
2145,mimizan,AQN,1144
2146,mont_de_marsan,MDM,1199
2147,tartas,AQN,1144
2148,tosse,AQN,1144
2149,lagoon_of_sanguinet,,
2150,bayonne,AQN,1144
2151,mauleon,AQN,1144
2152,saint_jean_pied_de_port,NAV,1258
2153,agen,FRA,1141
2154,marmande,FRA,1141
2155,montflanquin,FRA,1141
2156,bazas,FRA,1141
2157,belin,AQN,1144
2158,condom,FRA,1141
2159,nerac,FRA,1141
2160,sauveterre_de_guyenne,FRA,1141
2161,bordeaux,AQN,1144
2162,benauges,AQN,1144
2163,castelnau_de_medoc,AQN,1144
2164,la_teste_de_buch,AQN,1144
2165,lesparre_medoc,AQN,1144
2166,libourne,AQN,1144
2167,hourtin_carcans_lake,,
2168,perigueux,PER,1183
2169,bergerac,FRA,1141
2170,limeuil,FRA,1141
2171,riberac,PER,1183
2172,sarlat,FRA,1141
2173,cahors,FRA,1141
2174,figeac,FRA,1141
2175,gourdon,FRA,1141
2176,montauban,FRA,1141
2177,rodez,AMG,1148
2178,entraigues,FRA,1141
2179,millau,FRA,1141
2180,peyrusse,FRA,1141
2181,st_affrique,FRA,1141
2182,villefranche,FRA,1141
2183,beauvais,FRA,1141
2184,chaumont_vexin,FRA,1141
2185,clermont_en_beauvaisis,BOU,1150
2186,crepy,FRA,1141
2187,senlis,FRA,1141
2188,nemours,FRA,1141
2189,brie_comte_robert,FRA,1141
2190,melun,FRA,1141
2191,paris,FRA,1141
2192,corbeil,FRA,1141
2193,mantes,EVR,1153
2194,monfort_lamaury,MON,1185
2195,montmorency,FRA,1141
2196,soissons,FRA,1141
2197,braine,FRA,1141
2198,coucy,FRA,1141
2199,laon,FRA,1141
2200,noyon,FRA,1141
2201,roucy,ROU,1187
2202,castres,VDM,1177
2203,albi,FRA,1141
2204,lautrec,AMG,1148
2205,foix,FOI,1154
2206,pamiers,FOI,1154
2207,mirepoix,FRA,1141
2208,chateauneuf_de_randon,FRA,1141
2209,florac,FRA,1141
2210,mende,FRA,1141
2211,peyre,FRA,1141
2212,massif_central,,
2213,narbonne,NRB,1157
2214,agde,FRA,1141
2215,beziers,FRA,1141
2216,lodeve,FRA,1141
2217,saint_pons,FRA,1141
2218,lagoon_of_bages_sigean,,
2219,nimes,FRA,1141
2220,french_ales,FRA,1141
2221,melgueil,FRA,1141
2222,montpellier,MLL,1257
2223,st_ambroix,FRA,1141
2224,uzes,FRA,1141
2225,carcassonne,FRA,1141
2226,fenouillet,FRA,1141
2227,limoux,FRA,1141
2228,north_eastern_pyrenees2,,
2229,toulouse,FRA,1141
2230,castelnaudary,FRA,1141
2231,lavaur,FRA,1141
2232,verdun_sur_garonne,FRA,1141
2233,villemur,FRA,1141
2234,viviers,FRA,1141
2235,chalancon,FRA,1141
2236,le_puy,FRA,1141
2237,montlaur,VLN,1182
2238,privas,VLN,1182
2239,tournon,VLN,1182
2240,vivarais_mountains,,
2241,limoges,FRA,1141
2242,aixe,FRA,1141
2243,nontron,FRA,1141
2244,segur,FRA,1141
2245,st_leonard,FRA,1141
2246,thiviers,FRA,1141
2247,gueret,MRC,1201
2248,aubusson,MRC,1201
2249,bellac,MRC,1201
2250,bourganeuf,FRA,1141
2251,brosse,FRA,1141
2252,charroux,MRC,1201
2253,rochechouart,RCC,1203
2254,turenne,FRA,1141
2255,tulle,FRA,1141
2256,ussel,VNT,1202
2257,ventadour,VNT,1202
2258,bar_le_duc,BAR,1167
2259,clermont_en_argonne,BAR,1167
2260,ligny,BAR,1167
2261,saint_mihiel,BAR,1167
2262,metz,MTZ,1193
2263,morhange,LOR,1166
2264,saint_avold,MTZ,1193
2265,vic_sur_seille,MTZ,1193
2266,wallerfangen,LOR,1166
2267,nancy,LOR,1166
2268,luneville,LOR,1166
2269,salm,SLM,1194
2270,toul,TUL,1191
2271,sarreguemines,LOR,1166
2272,bitche,ZWE,1844
2273,saarwerden,SAW,2236
2274,sarrebourg,MTZ,1193
2275,verdun,VDU,1192
2276,longwy,BAR,1167
2277,etain,BAR,1167
2278,fresnes,VDU,1192
2279,epinal,MTZ,1193
2280,arches,LOR,1166
2281,darney,LOR,1166
2282,mirecourt,LOR,1166
2283,neufchateau_des_vosges,LOR,1166
2284,saint_die,LOR,1166
2285,bourg_en_bresse,SAV,1208
2286,belley,SAV,1208
2287,gex,SAV,1208
2288,bage,SAV,1208
2289,thoire,SAV,1208
2290,beaujeu,FRA,1141
2291,perreux,FRA,1141
2292,trevoux,FRA,1141
2293,villars,DAU,1152
2294,lyon,FRA,1141
2295,feurs,FRZ,1175
2296,montbrison,FRZ,1175
2297,riverie,FRA,1141
2298,roanne,FRZ,1175
2299,saint_etienne,FRZ,1175
2300,caen,NRM,1158
2301,bayeux,NRM,1158
2302,domfront,NRM,1158
2303,falaise,NRM,1158
2304,pont_douilly,NRM,1158
2305,vire,NRM,1158
2306,fecamp,NRM,1158
2307,arques,NRM,1158
2308,aumale,AUM,1186
2309,longueville,EVR,1153
2310,tancarville,NRM,1158
2311,coutances,NRM,1158
2312,cherbourg,NRM,1158
2313,avranches,NRM,1158
2314,jersey,ENG,289
2315,mortain,MRT,1169
2316,st_sauveur,NRM,1158
2317,evreux,EVR,1153
2318,alencon,ALE,1145
2319,argentan,NRM,1158
2320,bernay,NRM,1158
2321,harcourt,EVR,1153
2322,laigle,NRM,1158
2323,rouen,NRM,1158
2324,gisors,NRM,1158
2325,lisieux,NRM,1158
2326,louviers,NRM,1158
2327,pont_audemer,NRM,1158
2328,chateauroux,FRA,1141
2329,boussac,FRA,1141
2330,issoudun,FRA,1141
2331,lignieres,FRA,1141
2332,blois,BLS,1176
2333,chateaudun,BLS,1176
2334,romorantin,BLS,1176
2335,st_aignan,BLS,1176
2336,vendome,VDM,1177
2337,chartres,FRA,1141
2338,auneau,FRA,1141
2339,dreux,DRE,1168
2340,etampes,ETA,1178
2341,bourges,FRA,1141
2342,gien,ETA,1178
2343,sancerre,SAN,1147
2344,sancoins,FRA,1141
2345,vierzon,FRA,1141
2346,orleans,FRA,1141
2347,beaugency,BLS,1176
2348,montargis,FRA,1141
2349,sully,FRA,1141
2350,vitry_aux_loges,FRA,1141
2351,tours,FRA,1141
2352,amboise,FRA,1141
2353,chatillon_sur_indre,FRA,1141
2354,chinon,FRA,1141
2355,loches,FRA,1141
2356,amiens,FRA,1141
2357,breteuil,FRA,1141
2358,corbie,FRA,1141
2359,arras,ARS,1561
2360,bapaume,ARS,1561
2361,cambrai,CAM,1197
2362,lens,ARS,1561
2363,saint_omer,ARS,1561
2364,bethune,ARS,1561
2365,hesdin,ARS,1561
2366,saint_pol,STP,1562
2367,abbeville,ENG,289
2368,calais,ARS,1561
2369,boulogne_sur_mer,BGN,1563
2370,montreuil,ENG,289
2371,guise,FRA,1141
2372,hirson,FRA,1141
2373,marle,FRA,1141
2374,ribemont,FRA,1141
2375,saint_quentin,FRA,1141
2376,nesle,FRA,1141
2377,peronne,FRA,1141
2378,angouleme,ANG,1205
2379,cognac,ANG,1205
2380,chabanais,ANG,1205
2381,thouars,FRA,1141
2382,beauvoir,FRA,1141
2383,fontenay,FRA,1141
2384,la_roche_sur_yon,FRA,1141
2385,mauleon_poitou,FRA,1141
2386,montaigu,FRA,1141
2387,parthenay,FRA,1141
2388,talmont,FRA,1141
2389,poitiers,FRA,1141
2390,aulnay,FRA,1141
2391,chatellerault,FRA,1141
2392,lusignan,FRA,1141
2393,montmorillon,FRA,1141
2394,niort,FRA,1141
2395,saintes,AQN,1144
2396,montendre,AQN,1144
2397,la_rochelle,FRA,1141
2398,oleron,AQN,1144
2399,royan,AQN,1144
2400,st_jean_dangely,FRA,1141
2401,rochefort,AQN,1144
2402,jonzac,AQN,1144
2403,aix_en_provence,PRO,1162
2404,arles,PRO,1162
2405,marseille,PRO,1162
2406,tarascon,PRO,1162
2407,lagoon_of_berre,,
2408,lagoon_of_vaccares,,
2409,avignon,PAP,1497
2410,apt,PRO,1162
2411,forcalquier,PRO,1162
2412,orange,ORA,1163
2413,digne,PRO,1162
2414,barcelonnette,PRO,1162
2415,castellane,PRO,1162
2416,sisteron,PRO,1162
2417,draguignan,PRO,1162
2418,barjols,PRO,1162
2419,brignoles,PRO,1162
2420,frejus,PRO,1162
2421,toulon,PRO,1162
2422,nice,PRO,1162
2423,grasse,PRO,1162
2424,puget_theniers,PRO,1162
2425,maritime_alps1,,
2426,grenoble,DAU,1152
2427,briancon,DAU,1152
2428,gap,DAU,1152
2429,la_mure,DAU,1152
2430,pragelato,DAU,1152
2431,cottian_alps1,,
2432,dauphine_alps1,,
2433,dauphine_alps2,,
2434,chambery,SAV,1208
2435,annecy,GNV,1207
2436,evian,SAV,1208
2437,faucigny,DAU,1152
2438,la_roche_sur_foron,GNV,1207
2439,moutiers,SAV,1208
2440,saint_jean_de_maurienne,SAV,1208
2441,sallanches,DAU,1152
2442,graian_alps1,,
2443,pennine_alps1,,
2444,valence,VLN,1182
2445,condorcet,VLN,1182
2446,die,VLN,1182
2447,mevouillon,DAU,1152
2448,vercors_massif,,
2449,vienne,SAV,1208
2450,romans,DAU,1152
2451,saint_marceilin,DAU,1152
2452,la_tour_du_pin,DAU,1152
2453,basque_coast,,
2454,coast_aquitaine,,
2455,gironde,,
2456,ile_de_re,,
2457,quiberon_bay,,
2458,coast_of_cornouaille,,
2459,north_eastern_atlantic35,,
2460,north_eastern_atlantic36,,
2461,north_eastern_atlantic37,,
2462,cape_penas,,
2463,coast_asturias,,
2464,bay_santander,,
2465,rias_altas,,
2466,north_eastern_atlantic38,,
2467,north_eastern_atlantic39,,
2468,north_eastern_atlantic69,,
2469,north_eastern_atlantic40,,
2470,coruna,CAS,1252
2471,betanzos,CAS,1252
2472,ferrol,CAS,1252
2473,mondonedo,CAS,1252
2474,vivero,CAS,1252
2475,lugo,CAS,1252
2476,monforte_de_lemos,CAS,1252
2477,navia_de_suarna,CAS,1252
2478,sarria,CAS,1252
2479,villalba,CAS,1252
2480,ourense,CAS,1252
2481,barco_de_valdeorras,CAS,1252
2482,ginzo_de_limia,CAS,1252
2483,monterrey,CAS,1252
2484,ribadavia,CAS,1252
2485,viana_bolo,CAS,1252
2486,santiago_compostela,CAS,1252
2487,finisterre,CAS,1252
2488,lalin,CAS,1252
2489,mellid,CAS,1252
2490,noya,CAS,1252
2491,pontevedra,CAS,1252
2492,tuy,CAS,1252
2493,astorga,CAS,1252
2494,castrocalbon,CAS,1252
2495,ponferrada,CAS,1252
2496,villablino,CAS,1252
2497,villafranca_bierzo,CAS,1252
2498,ancares_range,,
2499,leon_mountains,,
2500,benavente,CAS,1252
2501,alcanices,CAS,1252
2502,puebla_de_sanabria,CAS,1252
2503,villalpando,CAS,1252
2504,cabrera_range,,
2505,ciudad_rodrigo,CAS,1252
2506,coria,CAS,1252
2507,ledesma,CAS,1252
2508,san_felices,CAS,1252
2509,yecla_de_yeltes,CAS,1252
2510,francia_mountains,,
2511,villaviciosa,CAS,1252
2512,cangas,CAS,1252
2513,llanes,CAS,1252
2514,mieres,CAS,1252
2515,leon,CAS,1252
2516,mansilla,CAS,1252
2517,riano,CAS,1252
2518,sahagun,CAS,1252
2519,east_cantabrian_mountains,,
2520,salamanca,CAS,1252
2521,alba_de_tormes,CAS,1252
2522,bejar,CAS,1252
2523,matilla_de_canos,CAS,1252
2524,piedrahita,CAS,1252
2525,bejar_mountains,,
2526,oviedo,CAS,1252
2527,aviles,CAS,1252
2528,castropol,CAS,1252
2529,tineo,CAS,1252
2530,west_cantabrian_mountains,,
2531,zamora,CAS,1252
2532,alba_de_aliste,CAS,1252
2533,fermoselle,CAS,1252
2534,toro,CAS,1252
2535,avila,CAS,1252
2536,adrada,CAS,1252
2537,arevalo,CAS,1252
2538,las_navas,CAS,1252
2539,oropesa,CAS,1252
2540,villatoro,CAS,1252
2541,western_central_system,,
2542,burgos,CAS,1252
2543,briviesca,CAS,1252
2544,logrono,CAS,1252
2545,miranda_de_ebro,CAS,1252
2546,najera,CAS,1252
2547,villarcayo,CAS,1252
2548,demanda_range,,
2549,lerma,CAS,1252
2550,aranda_de_duero,CAS,1252
2551,castrojeriz,CAS,1252
2552,sto_domingo_silos,CAS,1252
2553,villadiego,CAS,1252
2554,palencia,CAS,1252
2555,aguilar_de_campoo,CAS,1252
2556,carrion_de_los_condes,CAS,1252
2557,monzon_campos,CAS,1252
2558,palenzuela,CAS,1252
2559,saldana,CAS,1252
2560,reinosa,CAS,1252
2561,segovia,CAS,1252
2562,cuellar,CAS,1252
2563,fuentiduena,CAS,1252
2564,pedraza,CAS,1252
2565,sepulveda,CAS,1252
2566,eastern_central_system1,,
2567,eastern_central_system2,,
2568,eastern_central_system3,,
2569,soria,CAS,1252
2570,agreda,CAS,1252
2571,almazan,CAS,1252
2572,arnedo,CAS,1252
2573,berlanga,CAS,1252
2574,burgo_de_osma,CAS,1252
2575,calahorra,CAS,1252
2576,calatanazor,CAS,1252
2577,medinaceli,CAS,1252
2578,urbion_peaks,,
2579,santander,CAS,1252
2580,laredo,CAS,1252
2581,potes,CAS,1252
2582,san_vicente_barquera,CAS,1252
2583,picos_de_europa,,
2584,valladolid,CAS,1252
2585,medina_de_rioseco,CAS,1252
2586,medina_del_campo,CAS,1252
2587,penafiel,CAS,1252
2588,tordesillas,CAS,1252
2589,badajoz,CAS,1252
2590,albuquerque,CAS,1252
2591,barcarrota,CAS,1252
2592,jerez_de_los_caballeros,CAS,1252
2593,villanueva_del_fresno,CAS,1252
2594,caceres,CAS,1252
2595,alcantara,CAS,1252
2596,arroyo,CAS,1252
2597,brozas,CAS,1252
2598,valencia_de_alcantara,CAS,1252
2599,merida,CAS,1252
2600,azuaga,CAS,1252
2601,llerena,CAS,1252
2602,monesterio,CAS,1252
2603,montanchez,CAS,1252
2604,zafra,CAS,1252
2605,plasencia,CAS,1252
2606,galisteo,CAS,1252
2607,granadilla,CAS,1252
2608,jaraicejo,CAS,1252
2609,valverde,CAS,1252
2610,trujillo,CAS,1252
2611,escurial,CAS,1252
2612,herrera,CAS,1252
2613,puebla_de_alcocer,CAS,1252
2614,villanueva_de_la_serena,CAS,1252
2615,belalcazar,CAS,1252
2616,medellin,CAS,1252
2617,zalamea,CAS,1252
2618,vitoria,CAS,1252
2619,anana,CAS,1252
2620,laguardia,NAV,1258
2621,salvatierra,CAS,1252
2622,bilbao,CAS,1252
2623,durango,CAS,1252
2624,valmaseda,CAS,1252
2625,san_sebastian,CAS,1252
2626,onate,CAS,1252
2627,tolosa,CAS,1252
2628,pamplona,NAV,1258
2629,elizondo,NAV,1258
2630,estella,NAV,1258
2631,olite,NAV,1258
2632,roncesvalles,NAV,1258
2633,sanguesa,NAV,1258
2634,tudela,NAV,1258
2635,viana,NAV,1258
2636,alcaniz,ARA,1251
2637,cantavieja,ARA,1251
2638,caspe,ARA,1251
2639,montalban,ARA,1251
2640,valderrobres,ARA,1251
2641,barbastro,ARA,1251
2642,ainsa,ARA,1251
2643,benabarre,ARA,1251
2644,fraga,ARA,1251
2645,monzon,ARA,1251
2646,sarinena,ARA,1251
2647,south_western_pyrenees2,,
2648,calatayud,ARA,1251
2649,ariza,ARA,1251
2650,carinena,ARA,1251
2651,daroca,ARA,1251
2652,huesca,ARA,1251
2653,almudevar,ARA,1251
2654,anso,ARA,1251
2655,ejea_de_los_caballeros,ARA,1251
2656,jaca,ARA,1251
2657,sos,ARA,1251
2658,south_western_pyrenees1,,
2659,teruel,ARA,1251
2660,albarracin,ARA,1251
2661,alfambra,ARA,1251
2662,mora_de_rubielos,ARA,1251
2663,zaragoza,ARA,1251
2664,belchite,ARA,1251
2665,pina_de_ebro,ARA,1251
2666,tarazona,ARA,1251
2667,zuera,ARA,1251
2668,moncayo_range,,
2669,barcelona,ARA,1251
2670,sitges,ARA,1251
2671,terrassa,ARA,1251
2672,villafranca_del_penedes,ARA,1251
2673,girona,ARA,1251
2674,besalu,ARA,1251
2675,castellon_ampurias,ARA,1251
2676,ripoll,ARA,1251
2677,sant_feliu,ARA,1251
2678,tarragona,ARA,1251
2679,flix,ARA,1251
2680,lleida,ARA,1251
2681,montblanc,ARA,1251
2682,tarrega,ARA,1251
2683,tortosa,ARA,1251
2684,vic,ARA,1251
2685,berga,ARA,1251
2686,cardona,ARA,1251
2687,cervera,ARA,1251
2688,manresa,ARA,1251
2689,perpignan,MLL,1257
2690,prades,MLL,1257
2691,puigcerda,MLL,1257
2692,lagoon_of_salses,,
2693,south_eastern_pyrenees,,
2694,seu_durgell,ARA,1251
2695,agramunt,ARA,1251
2696,andorra_la_vella,ANR,1250
2697,balaguer,ARA,1251
2698,talarn,ARA,1251
2699,vielha,ARA,1251
2700,central_pyrenees,,
2701,south_western_pyrenees3,,
2702,castellon_de_la_plana,ARA,1251
2703,ares_del_maestre,ARA,1251
2704,llucena,ARA,1251
2705,morella,ARA,1251
2706,peniscola,ARA,1251
2707,jativa,ARA,1251
2708,alcoy,ARA,1251
2709,ayora,ARA,1251
2710,denia,ARA,1251
2711,gandia,ARA,1251
2712,orihuela,ARA,1251
2713,alicante,ARA,1251
2714,elche,ARA,1251
2715,valencia,ARA,1251
2716,bunol,ARA,1251
2717,chelva,ARA,1251
2718,lliria,ARA,1251
2719,palma,MLL,1257
2720,ciudadela_de_menorca,MLL,1257
2721,ibiza,MLL,1257
2722,manacor,MLL,1257
2723,pollensa,MLL,1257
2724,viseu,POR,1259
2725,besteiros,POR,1259
2726,guarda,POR,1259
2727,lamego,POR,1259
2728,meda,POR,1259
2729,pinhel,POR,1259
2730,seia,POR,1259
2731,trancoso,POR,1259
2732,estrela_mountains,,
2733,castelo_branco,POR,1259
2734,covilha,POR,1259
2735,idanha,POR,1259
2736,proenca_nova,POR,1259
2737,sabugal,POR,1259
2738,coimbra,POR,1259
2739,chao_de_couce,POR,1259
2740,esgueira,POR,1259
2741,feira,POR,1259
2742,figueira,POR,1259
2743,leiria,POR,1259
2744,porto,POR,1259
2745,barcelos,POR,1259
2746,braga,POR,1259
2747,guimaraes,POR,1259
2748,valenca,POR,1259
2749,viana_do_castelo,POR,1259
2750,braganca,POR,1259
2751,aguiar,POR,1259
2752,chaves,POR,1259
2753,macedo,POR,1259
2754,miranda_de_i_douro,POR,1259
2755,mirandela,POR,1259
2756,moncorvo,POR,1259
2757,montalegre,POR,1259
2758,vila_real,POR,1259
2759,lagos,POR,1259
2760,faro,POR,1259
2761,silves,POR,1259
2762,tavira,POR,1259
2763,evora,POR,1259
2764,avis,POR,1259
2765,crato,POR,1259
2766,elvas,POR,1259
2767,estremoz,POR,1259
2768,montemor,POR,1259
2769,portalegre,POR,1259
2770,portel,POR,1259
2771,vila_vicosa,POR,1259
2772,beja,POR,1259
2773,alvalade,POR,1259
2774,alvito,POR,1259
2775,mertola,POR,1259
2776,moura,POR,1259
2777,odemira,POR,1259
2778,ourique,POR,1259
2779,serpa,POR,1259
2780,sines,POR,1259
2781,lisbon,POR,1259
2782,alcacer_do_sal,POR,1259
2783,alcobaca,POR,1259
2784,setubal,POR,1259
2785,torres_vedras,POR,1259
2786,santarem,POR,1259
2787,mora_portugal,POR,1259
2788,ponte_sor,POR,1259
2789,salvaterra,POR,1259
2790,tomar,POR,1259
2791,torres_novas,POR,1259
2792,alarcon,CAS,1252
2793,belmonte,CAS,1252
2794,iniesta,CAS,1252
2795,jorquera,CAS,1252
2796,moya,CAS,1252
2797,san_clemente,CAS,1252
2798,requena,CAS,1252
2799,alcaraz,CAS,1252
2800,lezuza,CAS,1252
2801,alhambra_location,CAS,1252
2802,montiel,CAS,1252
2803,villapalacios,CAS,1252
2804,villarobledo,CAS,1252
2805,guadalajara,CAS,1252
2806,brihuega,CAS,1252
2807,buitrago_de_lozoya,CAS,1252
2808,cobeta,CAS,1252
2809,siguenza,CAS,1252
2810,zorita,CAS,1252
2811,cuenca,CAS,1252
2812,beteta,CAS,1252
2813,canete,CAS,1252
2814,huete,CAS,1252
2815,molina_de_aragon,CAS,1252
2816,pareja,CAS,1252
2817,torralba,CAS,1252
2818,iberian_system,,
2819,madrid,CAS,1252
2820,alcala_de_henares,CAS,1252
2821,colmenar,CAS,1252
2822,el_escorial,CAS,1252
2823,maqueda,CAS,1252
2824,ocana,CAS,1252
2825,alcazar_de_san_juan,CAS,1252
2826,chinchon,CAS,1252
2827,consuegra,CAS,1252
2828,tomelloso,CAS,1252
2829,ucles,CAS,1252
2830,toledo,CAS,1252
2831,guadalupe,CAS,1252
2832,illescas,CAS,1252
2833,los_yebenes,CAS,1252
2834,navalucillos,CAS,1252
2835,puebla_de_montalban,CAS,1252
2836,puente_arzobispo,CAS,1252
2837,talavera_de_la_reina,CAS,1252
2838,ciudad_real,CAS,1252
2839,almaden,CAS,1252
2840,almodovar_del_campo,CAS,1252
2841,calatrava,CAS,1252
2842,malagon,CAS,1252
2843,manzanares,CAS,1252
2844,puertollano,CAS,1252
2845,madrona_range,,
2846,cadiz,CAS,1252
2847,algeciras,MOR,1576
2848,arcos_de_la_frontera,CAS,1252
2849,gibraltar,MOR,1576
2850,jerez_de_la_frontera,CAS,1252
2851,medina_sidonia,CAS,1252
2852,sanlucar,CAS,1252
2853,tarifa,CAS,1252
2854,cordoba,CAS,1252
2855,baena,CAS,1252
2856,carpio,CAS,1252
2857,espiel,CAS,1252
2858,fuenteovejuna,CAS,1252
2859,lucena,CAS,1252
2860,palma_del_rio,CAS,1252
2861,pedroche,CAS,1252
2862,santa_eufemia,CAS,1252
2863,huelva,CAS,1252
2864,almonaster_la_real,CAS,1252
2865,aracena,CAS,1252
2866,aroche,CAS,1252
2867,ayamonte,CAS,1252
2868,niebla,CAS,1252
2869,puebla_de_guzman,CAS,1252
2870,jaen,CAS,1252
2871,andujar,CAS,1252
2872,baeza,CAS,1252
2873,cazorla,CAS,1252
2874,jodar,CAS,1252
2875,martos,CAS,1252
2876,ubeda,CAS,1252
2877,sevilla,CAS,1252
2878,carmona,CAS,1252
2879,constantina,CAS,1252
2880,coria_del_rio,CAS,1252
2881,ecija,CAS,1252
2882,moron,CAS,1252
2883,olvera,CAS,1252
2884,osuna,CAS,1252
2885,sanlucar_la_mayor,CAS,1252
2886,almeria,GRA,1255
2887,almanzora,GRA,1255
2888,baza,GRA,1255
2889,gergal,GRA,1255
2890,huescar,GRA,1255
2891,mojacar,GRA,1255
2892,velez_rubio,GRA,1255
2893,filambres_range,,
2894,granada,GRA,1255
2895,adra,GRA,1255
2896,almunecar,GRA,1255
2897,guadix,GRA,1255
2898,illora,GRA,1255
2899,loja,GRA,1255
2900,pinar,GRA,1255
2901,orgiva,GRA,1255
2902,nevada_range,,
2903,subbetic_range,,
2904,malaga,GRA,1255
2905,antequera,GRA,1255
2906,marbella,MOR,1576
2907,ronda,MOR,1576
2908,velez_malaga,GRA,1255
2909,albacete,CAS,1252
2910,chinchilla,CAS,1252
2911,jumilla,ARA,1251
2912,villena,CAS,1252
2913,hellin,CAS,1252
2914,caravaca,CAS,1252
2915,cieza,CAS,1252
2916,segura_de_la_sierra,CAS,1252
2917,segura_range,,
2918,murcia,CAS,1252
2919,cartagena,CAS,1252
2920,lorca,CAS,1252
2921,mula,CAS,1252
2922,mouth_sebou,,
2923,coast_gharb,,
2924,trafalgar,,
2925,bay_of_cadiz,,
2926,cape_st_mary,,
2927,cape_sao_vicente,,
2928,coast_tamasna,,
2929,north_eastern_atlantic46,,
2930,north_eastern_atlantic47,,
2931,north_eastern_atlantic48,,
2932,cape_sines,,
2933,bay_setubal,,
2934,berlengas_islands,,
2935,cape_mondego,,
2936,mouth_douro,,
2937,rias_baixas,,
2938,costa_da_morte,,
2939,north_eastern_atlantic41,,
2940,north_eastern_atlantic42,,
2941,north_eastern_atlantic43,,
2942,north_eastern_atlantic44,,
2943,north_eastern_atlantic45,,
2944,corsica_west_coast,,
2945,bay_alghero,,
2946,gulf_asinara,,
2947,gulf_cagliari,,
2948,gulf_oristano,,
2949,strait_bonifacio,,
2950,teulada_cape,,
2951,sardinian_sea1,,
2952,sardinian_sea2,,
2953,sardinian_sea3,,
2954,gulf_of_valencia,,
2955,ebro_delta,,
2956,costa_daurada,,
2957,costa_brava,,
2958,bay_palma,,
2959,bay_alcudia,,
2960,favaritx_cape,,
2961,gulf_of_roses,,
2962,gulf_of_lion,,
2963,coast_languedoc,,
2964,mouths_rhone,,
2965,cape_sicie,,
2966,ligurian_sea_location_1,,
2967,chieti,NAP,1494
2968,lanciano,NAP,1494
2969,vasto,NAP,1494
2970,central_apennines7,,
2971,aquila,NAP,1494
2972,atri,NAP,1494
2973,celano,NAP,1494
2974,cittaducale,NAP,1494
2975,csantangelo,NAP,1494
2976,sulmona,NAP,1494
2977,teramo,NAP,1494
2978,lake_fucine,,
2979,central_apennines2,,
2980,central_apennines3,,
2981,central_apennines4,,
2982,central_apennines5,,
2983,central_apennines6,,
2984,bojano,NAP,1494
2985,isernia,NAP,1494
2986,larino,NAP,1494
2987,trivento,NAP,1494
2988,bari,NAP,1494
2989,altamura,NAP,1494
2990,andria,NAP,1494
2991,barletta,NAP,1494
2992,monopoli,NAP,1494
2993,foggia,NAP,1494
2994,bovino,NAP,1494
2995,lucera,NAP,1494
2996,manfredonia,NAP,1494
2997,rotondo,NAP,1494
2998,sansevero,NAP,1494
2999,lake_varano,,
3000,lecce,NAP,1494
3001,brindisi,NAP,1494
3002,francavilla,NAP,1494
3003,gallipoliita,NAP,1494
3004,martinafr,NAP,1494
3005,taranto,NAP,1494
3006,potenza,NAP,1494
3007,acerenza,NAP,1494
3008,lagonegro,NAP,1494
3009,matera,NAP,1494
3010,melfi,NAP,1494
3011,montepeloso,NAP,1494
3012,santarcangelo,NAP,1494
3013,catanzaro,NAP,1494
3014,cotrone,NAP,1494
3015,gerace,NAP,1494
3016,monteleone,NAP,1494
3017,nicastro,NAP,1494
3018,palmi,NAP,1494
3019,reggiocal,NAP,1494
3020,cosenza,NAP,1494
3021,cassano,NAP,1494
3022,castrovillari,NAP,1494
3023,scalea,NAP,1494
3024,paola,NAP,1494
3025,rossano,NAP,1494
3026,southern_apennines,,
3027,naples,NAP,1494
3028,caserta,NAP,1494
3029,gaeta,NAP,1494
3030,nola,NAP,1494
3031,piedimonte,NAP,1494
3032,sora,NAP,1494
3033,venafro,NAP,1494
3034,salerno,NAP,1494
3035,campagna,NAP,1494
3036,salacon,NAP,1494
3037,vallo,NAP,1494
3038,avellino,NAP,1494
3039,ariano,NAP,1494
3040,benevento,PAP,1497
3041,santangelo,NAP,1494
3042,bologna,BLG,1457
3043,medicina,BLG,1457
3044,vergato,BLG,1457
3045,ferrara,FER,1476
3046,argenta,FER,1476
3047,comacchio,FER,1476
3048,ficarolo,FER,1476
3049,rovigo,FER,1476
3050,lagoon_of_comacchio,,
3051,modena,FER,1476
3052,frassinoro,FER,1476
3053,nonantola,FER,1476
3054,mirandola,MAN,1486
3055,parma,PAR,1498
3056,berceto,PAR,1498
3057,sandonnino,PAR,1498
3058,piacenza,MLO,1488
3059,bardi,MLO,1488
3060,bobbio,MSP,1492
3061,fiorenzuola,MLO,1488
3062,reggioem,MAN,1486
3063,canossa,MAN,1486
3064,guastalla,MAN,1486
3065,rimini,RIM,1511
3066,cesena,CES,1463
3067,faenza,FAE,1474
3068,imola,IMO,1482
3069,modigliana,CES,1463
3070,ravenna,RAV,1509
3071,urbino,URB,1521
3072,gubbio,GUB,1481
3073,montefeltro,URB,1521
3074,pesaro,PES,1502
3075,anagni,PAP,1497
3076,palestrina,PAP,1497
3077,sabina,PAP,1497
3078,tivoli,PAP,1497
3079,rome,PAP,1497
3080,terracina,PAP,1497
3081,velletri,PAP,1497
3082,bracciano,PAP,1497
3083,civitavecchia,PAP,1497
3084,corneto,PAP,1497
3085,orte,PAP,1497
3086,orvietano,PAP,1497
3087,viterbo,PAP,1497
3088,lake_bolsena,,
3089,lake_bracciano,,
3090,bastia,GEN,1480
3091,aleria,GEN,1480
3092,calvi,GEN,1480
3093,corte,GEN,1480
3094,genoa,GEN,1480
3095,lavagna,GEN,1480
3096,sarzana,GEN,1480
3097,ajaccio,GEN,1480
3098,bonifacio,GEN,1480
3099,sartene,GEN,1480
3100,vico,GEN,1480
3101,corsican_mountains,,
3102,albenga,GEN,1480
3103,cairo_montenotte,CRR,1472
3104,finalborgo,CRR,1472
3105,savona,GEN,1480
3106,ventimiglia,GEN,1480
3107,bergamo,MLO,1488
3108,cortenuova,MLO,1488
3109,clusone,MLO,1488
3110,zogno,MLO,1488
3111,lake_iseo,,
3112,rhaetian_alps6,,
3113,brescia,VER,1523
3114,asola,VER,1523
3115,palazzolo,VER,1523
3116,salo_ita,VER,1523
3117,breno,VER,1523
3118,nozza,VER,1523
3119,lake_garda,,
3120,cremona,MLO,1488
3121,casalmaggiore,MLO,1488
3122,soncino,MLO,1488
3123,lodi,MLO,1488
3124,mantova,MAN,1486
3125,goito,MAN,1486
3126,ostiglia,MAN,1486
3127,milano,MLO,1488
3128,legnano,MLO,1488
3129,rho,MLO,1488
3130,varese,MLO,1488
3131,monza,MLO,1488
3132,lecco,MLO,1488
3133,treviglio,MLO,1488
3134,como,MLO,1488
3135,lake_como,,
3136,rhaetian_alps5,,
3137,pavia,PAV,1499
3138,lomello,PAV,1499
3139,voghera,PAV,1499
3140,tresivio,MLO,1488
3141,bormio,MLO,1488
3142,chiavenna,MLO,1488
3143,rhaetian_alps2,,
3144,rhaetian_alps3,,
3145,lugano,MLO,1488
3146,bellinzona,LCA,1483
3147,locarno,LCA,1483
3148,ancona,ANC,1450
3149,ascolipiceno,ASC,1454
3150,camerino,CMR,1467
3151,fabriano,URB,1521
3152,fermo,FRM,1478
3153,macerata,MTA,1493
3154,central_apennines1,,
3155,perugia,PEA,1501
3156,cittacastello,CDC,1461
3157,marsciano,PEA,1501
3158,lake_trasimeno,,
3159,spoleto,PAP,1497
3160,assisi,PAP,1497
3161,narni,PAP,1497
3162,rieti,PAP,1497
3163,todi,PAP,1497
3164,alessandria,ASD,1455
3165,novi,TTN,1520
3166,rovegno,MSP,1492
3167,tortona,TTN,1520
3168,aosta,AOS,2216
3169,chatillonaos,AOS,2216
3170,morgex,AOS,2216
3171,pennine_alps2,,
3172,mondovi,MND,1489
3173,alba,ABA,1449
3174,ceva,CEV,1464
3175,ligurian_alps,,
3176,casale,MFA,1487
3177,acqui,MFA,1487
3178,asti,ATI,1456
3179,novara,MLO,1488
3180,arona,MLO,1488
3181,biella,MLO,1488
3182,domodossola,MLO,1488
3183,varallo,MLO,1488
3184,vercelli,MLO,1488
3185,lake_maggiore,,
3186,turin,PIE,1503
3187,ivrea,CNV,1468
3188,lanzo,MFA,1487
3189,pinerolo,PIE,1503
3190,susa,PIE,1503
3191,graian_alps2,,
3192,saluzzo,SAL,1512
3193,carmagnola,SAL,1512
3194,chieri,CHX,1466
3195,cuneo,PRO,1162
3196,cottian_alps2,,
3197,cottian_alps3,,
3198,oristano,ARB,1452
3199,ales,ARB,1452
3200,sorgono,ARB,1452
3201,terralba,ARB,1452
3202,cagliari,ARA,1251
3203,tratalias,ARA,1251
3204,villa_di_chiesa,ARA,1251
3205,isili,ARA,1251
3206,muravera,ARA,1251
3207,seddori,ARA,1251
3208,tortoli,ARA,1251
3209,gennargentu_mountains,,
3210,terranova_pausania,ARA,1251
3211,orosei,ARA,1251
3212,posada,ARA,1251
3213,tempiopausania,ARA,1251
3214,sassari,ARA,1251
3215,alghero,GEN,1480
3216,bosa,ARB,1452
3217,castelsardo,GEN,1480
3218,macomer,ARB,1452
3219,bitti,ARB,1452
3220,ozieri,ARB,1452
3221,thiesi,GEN,1480
3222,messina,SIC,1513
3223,catania,SIC,1513
3224,mistretta,SIC,1513
3225,nicosiasic,SIC,1513
3226,patti,SIC,1513
3227,piazza,SIC,1513
3228,mount_etna,,
3229,mount_stromboli,,
3230,girgenti,SIC,1513
3231,bivona,SIC,1513
3232,caltanisetta,SIC,1513
3233,cefalu,SIC,1513
3234,sciacca,SIC,1513
3235,termini,SIC,1513
3236,palermo,SIC,1513
3237,corleone,SIC,1513
3238,mazara,SIC,1513
3239,salemi,SIC,1513
3240,trapani,SIC,1513
3241,pantelleria,,
3242,lampedusa,,
3243,syracuse,SIC,1513
3244,caltagirone,SIC,1513
3245,malta,SAO,223
3246,modica,SIC,1513
3247,noto,SIC,1513
3248,terranovasic,SIC,1513
3249,arezzo,FLO,1477
3250,cortona,COT,1470
3251,sansepolcro,PEA,1501
3252,florence,FLO,1477
3253,mangona,FLO,1477
3254,poggibonsi,FLO,1477
3255,prato,PRA,1506
3256,sanlorenzo,FLO,1477
3257,pistoia,PST,1507
3258,grosseto,SIE,1514
3259,massamar,SIE,1514
3260,pitigliano,PTG,1508
3261,piombino,PIS,1505
3262,lucca,LUC,1485
3263,massa,LUC,1485
3264,fosdinovo,MSP,1492
3265,pescia,LUC,1485
3266,north_apennines,,
3267,pisa,PIS,1505
3268,livorno,PIS,1505
3269,pontedera,PIS,1505
3270,volterra,VLT,1525
3271,siena,SIE,1514
3272,chiusi,SIE,1514
3273,montalcino,SIE,1514
3274,belluno,VER,1523
3275,pieve,AQU,1451
3276,feltre,VER,1523
3277,dolomite_alps2,,
3278,dolomite_alps5,,
3279,dolomite_alps6,,
3280,dolomite_alps7,,
3281,aquileia,AQU,1451
3282,cividale,VER,1523
3283,gemona,AQU,1451
3284,tolmezzo,AQU,1451
3285,pordenone,AQU,1451
3286,spilimbergo,AQU,1451
3287,udine,AQU,1451
3288,padova,PAD,1496
3289,este,PAD,1496
3290,monselice,PAD,1496
3291,venice,VEN,1522
3292,mestre,VEN,1522
3293,treviso,VER,1523
3294,castelfranco,VER,1523
3295,ceneda,VER,1523
3296,chioggia,VEN,1522
3297,conegliano,VER,1523
3298,verona,VER,1523
3299,legnago,VER,1523
3300,peschiera,VER,1523
3301,vicenza,VER,1523
3302,bassano,VER,1523
3303,schio,VER,1523
3304,coast_lazio,,
3305,gulf_terracina,,
3306,eolie_islands,,
3307,gulf_castellammare,,
3308,gulf_napoli,,
3309,gulf_policastro,,
3310,gulf_termini,,
3311,tyrrhenian_sea1,,
3312,tyrrhenian_sea2,,
3313,tyrrhenian_sea3,,
3314,tyrrhenian_sea4,,
3315,ferrato_cape,,
3316,corsica_east_coast,,
3317,gulf_olbia,,
3318,gulf_orosei,,
3319,gulf_talamone,,
3320,gulf_genoa,,
3321,gulf_florent,,
3322,corsica_channel,,
3323,riviera_levante,,
3324,riviera_ponente,,
3325,french_riviera,,
3326,bacau,IAS,387
3327,hangu_romania,BIA,383
3328,piatra_lui_craciun,BIA,383
3329,roman,IAS,387
3330,targu_neamt,BIA,383
3331,targu_trotus,BIA,383
3332,balti,SRC,388
3333,hotin,HTN,385
3334,lipnic,SRC,388
3335,soroca,SRC,388
3336,viadineti,SRC,388
3337,barlad,BLD,384
3338,adjud,BIA,383
3339,cudalbi,BLD,384
3340,focsani,BIA,383
3341,galati,BLD,384
3342,oancea,BLD,384
3343,tecuci,BLD,384
3344,tulnici,BIA,383
3345,cetatea_alba,GLH,2248
3346,cahul,BLD,384
3347,chilia,GLH,2248
3348,ismail,GLH,2248
3349,palada,BLD,384
3350,reni,BLD,384
3351,sarata,GLH,2248
3352,alibey_lagoon,,
3353,dniester_liman,,
3354,lake_kahul,,
3355,lake_katlabukh,,
3356,lake_kitai,,
3357,lake_yalpuh,,
3358,sasyk_lagoon,,
3359,dorohoi,IAS,387
3360,cernauti,HTN,385
3361,cetatea_tetina,HTN,385
3362,cotnari,IAS,387
3363,harlau,IAS,387
3364,stefanesti,IAS,387
3365,iasi,IAS,387
3366,husi,IAS,387
3367,targul_saratii,BLD,384
3368,tutova,IAS,387
3369,ungheni,IAS,387
3370,vaslui,IAS,387
3371,orhei,GLH,2248
3372,chisinau,HSC,386
3373,gura_galbenei,GLH,2248
3374,targu_lapusnei,HSC,386
3375,tighina,GLH,2248
3376,tuzara,HSC,386
3377,suceava,BIA,383
3378,campulung_moldovenesc,BIA,383
3379,putna,SSI,389
3380,siret,SSI,389
3381,storozhynets,SSI,389
3382,vatra_dornei,BIA,383
3383,bihar,HUN,381
3384,beius,HUN,381
3385,cheresig,HUN,381
3386,debrecen,HUN,381
3387,oradea,HUN,381
3388,eger,HUN,381
3389,heves,HUN,381
3390,miskolc,HUN,381
3391,borsod,HUN,381
3392,crasna,HUN,381
3393,hodod,HUN,381
3394,zalau,HUN,381
3395,pest,HUN,381
3396,abrahamtelke,HUN,381
3397,jaszbereny,HUN,381
3398,kecskemet,HUN,381
3399,szabolcs,HUN,381
3400,hajduszoboszlo,HUN,381
3401,nagyboszormeny,HUN,381
3402,nagykallo,HUN,381
3403,varda,HUN,381
3404,szatmar,HUN,381
3405,baia_mare,HUN,381
3406,carei,HUN,381
3407,nagyecsed,HUN,381
3408,syvlyush,HUN,381
3409,szolnok,HUN,381
3410,bekes,HUN,381
3411,karcag,HUN,381
3412,szarvas,HUN,381
3413,hont,HUN,381
3414,banska_bystrica,HUN,381
3415,kremnica,HUN,381
3416,krupina,HUN,381
3417,stary_tekov,HUN,381
3418,zvolen,HUN,381
3419,khust,HUN,381
3420,mezhorje,HUN,381
3421,sighet,HUN,381
3422,cuhea,HUN,381
3423,rakhiv,HUN,381
3424,eastern_carpathians1,,
3425,eastern_carpathians2,,
3426,nograd,HUN,381
3427,balassagyarmat,HUN,381
3428,gemer,HUN,381
3429,podmuran,HUN,381
3430,rimavska_sobota,HUN,381
3431,roznava,HUN,381
3432,salgotarjan,HUN,381
3433,bratislava,HUN,381
3434,hlohovec,HUN,381
3435,holic,HUN,381
3436,nitra,HUN,381
3437,prievidza,HUN,381
3438,samorin,HUN,381
3439,trnava,HUN,381
3440,levoca,HUN,381
3441,bardejov,HUN,381
3442,gonc,HUN,381
3443,kosice,HUN,381
3444,lubica,HUN,381
3445,presov,HUN,381
3446,turna,HUN,381
3447,trencin,HUN,381
3448,povazska_bystrica,HUN,381
3449,zilina,HUN,381
3450,oravsky_podzamok,HUN,381
3451,turciansky_svaty_martin,HUN,381
3452,liptovsky_mikulas,HUN,381
3453,western_carpathians1,,
3454,western_carpathians2,,
3455,zemplin,HUN,381
3456,beregovo,HUN,381
3457,humenne,HUN,381
3458,mukachevo,HUN,381
3459,satoraljaujhely,HUN,381
3460,uzhorod,HUN,381
3461,velikyi_bereznyi,HUN,381
3462,csanad,HUN,381
3463,kikinda,HUN,381
3464,mako,HUN,381
3465,szeged,HUN,381
3466,halas,HUN,381
3467,felegyhaza,HUN,381
3468,zenta,HUN,381
3469,timisoara,HUN,381
3470,caransebes,HUN,381
3471,lugoj,HUN,381
3472,mihalt,HUN,381
3473,recas,HUN,381
3474,zarand,HUN,381
3475,arad,HUN,381
3476,baia_crisului,HUN,381
3477,ineu,HUN,381
3478,lipova,HUN,381
3479,kovin,HUN,381
3480,carasova,HUN,381
3481,modos,HUN,381
3482,pancevo,HUN,381
3483,semlacu_mare,HUN,381
3484,veliky_beckerek,HUN,381
3485,bacs,HUN,381
3486,baja_hungary,HUN,381
3487,bodrog,HUN,381
3488,titel,HUN,381
3489,siklos,HUN,381
3490,mohacs,HUN,381
3491,pecs,HUN,381
3492,simontornya,HUN,381
3493,tolna,HUN,381
3494,buda,HUN,381
3495,esztergom,HUN,381
3496,komarom,HUN,381
3497,tata,HUN,381
3498,fehervar,HUN,381
3499,adony,HUN,381
3500,kalocsa,HUN,381
3501,papa,HUN,381
3502,solt,HUN,381
3503,veszprem,HUN,381
3504,somogyvar,HUN,381
3505,csurgo,HUN,381
3506,kaposvar,HUN,381
3507,segesd,HUN,381
3508,lake_balaton,,
3509,sopron,HUN,381
3510,gyor,HUN,381
3511,kapuvar,HUN,381
3512,magyarovar,HUN,381
3513,lake_neusiedl,,
3514,vasvar,HUN,381
3515,kormend,HUN,381
3516,olsnica,HUN,381
3517,szombathely,HUN,381
3518,zalavar,HUN,381
3519,cakovec,HUN,381
3520,nagykanizsa,HUN,381
3521,zalaegerszeg,HUN,381
3522,dabaca,HUN,381
3523,baita,HUN,381
3524,bistrita,HUN,381
3525,dej,HUN,381
3526,sic,HUN,381
3527,eastern_carpathians3,,
3528,eastern_carpathians4,,
3529,alba_iulia,HUN,381
3530,aiud,HUN,381
3531,cetatea_balta,HUN,381
3532,deva,HUN,381
3533,felvint,HUN,381
3534,hateg,HUN,381
3535,hunedoara,HUN,381
3536,southern_carpathians4,,
3537,sibiu,HUN,381
3538,brasov,HUN,381
3539,cincu,HUN,381
3540,fagaras,HUN,381
3541,medias,HUN,381
3542,sebes,HUN,381
3543,sighisoara,HUN,381
3544,southern_carpathians2,,
3545,targu_mures,HUN,381
3546,chezdi_osorheiu,HUN,381
3547,covasna,HUN,381
3548,cristuru_secuiesc,HUN,381
3549,gheorgheni,HUN,381
3550,gurghiu,HUN,381
3551,odorhei,HUN,381
3552,sfantu_gheorghe,HUN,381
3553,miercurea_cluc,HUN,381
3554,eastern_carpathians5,,
3555,eastern_carpathians5b,,
3556,eastern_carpathians6,,
3557,eastern_carpathians6c,,
3558,eastern_carpathians7,,
3559,eastern_carpathians8,,
3560,turda,HUN,381
3561,baia_de_aries,HUN,381
3562,cluj,HUN,381
3563,huedin,HUN,381
3564,reghin,HUN,381
3565,inner_carpathians,,
3566,buzau,WAL,382
3567,braila,WAL,382
3568,bukov,WAL,382
3569,parscov,WAL,382
3570,ramnicu_sarat,WAL,382
3571,valenii_de_munte,WAL,382
3572,viziru,WAL,382
3573,eastern_carpathians9,,
3574,targoviste,WAL,382
3575,arges,WAL,382
3576,campulung_muscel,WAL,382
3577,cetateni,WAL,382
3578,pitesti,WAL,382
3579,ploesti,WAL,382
3580,poenari,WAL,382
3581,slanic,WAL,382
3582,southern_carpathians1,,
3583,craiova,WAL,382
3584,cozia,WAL,382
3585,dragasani,WAL,382
3586,ramnicu_valcea,WAL,382
3587,stramba,WAL,382
3588,targu_jiu,WAL,382
3589,targu_bengai,WAL,382
3590,southern_carpathians3,,
3591,bucharest,WAL,382
3592,cegani,WAL,382
3593,gaiseni,WAL,382
3594,lichiresti,WAL,382
3595,meteleu,WAL,382
3596,orasul_de_floci,WAL,382
3597,slobozia,WAL,382
3598,calafat,WAL,382
3599,caracal,WAL,382
3600,corabia,WAL,382
3601,plenita,WAL,382
3602,radovanu,WAL,382
3603,severin,WAL,382
3604,strehaia,WAL,382
3605,turnu_magurele,WAL,382
3606,comana,WAL,382
3607,glavacioc,WAL,382
3608,gratia,WAL,382
3609,giurgiu,WAL,382
3610,rusii_de_vede,WAL,382
3611,slatina,WAL,382
3612,zimnicea,WAL,382
3613,kuldiga,LIV,233
3614,dundaga,KUR,240
3615,durbe,LIV,233
3616,grobina,LIV,233
3617,kandava,LIV,233
3618,piltene,KUR,240
3619,saldus,LIV,233
3620,ventspils,LIV,233
3621,tallinn,DAN,4
3622,narva,DAN,4
3623,padise,DAN,4
3624,paide,LIV,233
3625,rakvere,DAN,4
3626,rapla,DAN,4
3627,toolse,DAN,4
3628,vasknarva,DAN,4
3629,cesis,LIV,233
3630,aluksne,LIV,233
3631,gulbene,ARR,243
3632,rauna,ARR,243
3633,valmiera,LIV,233
3634,vilaka,ARR,243
3635,jekabpils,ARR,243
3636,kraslava,LIV,233
3637,makonkalns,LIV,233
3638,pietalava,ARR,243
3639,rezekne,LIV,233
3640,lake_lubans,,
3641,lake_razna,,
3642,parnu,LIV,233
3643,karksi,LIV,233
3644,poltsamaa,LIV,233
3645,saarde,LIV,233
3646,suure_jaani,LIV,233
3647,viljandi,LIV,233
3648,lake_vorts,,
3649,hapsal,BIO,239
3650,kaina,LIV,233
3651,kuressaare,BIO,239
3652,lihula,BIO,239
3653,st_martin,BIO,239
3654,valjala,LIV,233
3655,daugavpils,LIV,233
3656,aizkraukle,LIV,233
3657,selpils,LIV,233
3658,jelgava,LIV,233
3659,bauska,LIV,233
3660,dobele,LIV,233
3661,tukums,LIV,233
3662,riga,RIG,242
3663,koknese,ARR,243
3664,limbazi,ARR,243
3665,salaspils,LIV,233
3666,sigulda,LIV,233
3667,straupe,ARR,243
3668,tartu,BID,241
3669,valka,BID,241
3670,vastseliina,BID,241
3671,vonnu,BID,241
3672,dobrzyn,TEU,234
3673,lipno,TEU,234
3674,rypin,TEU,234
3675,wloclawek,POL,1952
3676,bydgoszcz,INO,1958
3677,inowroclaw,INO,1958
3678,kowal,POL,1952
3679,radziejow,POL,1952
3680,leczyca,LCZ,1954
3681,lodz,LCZ,1954
3682,orlow,LCZ,1954
3683,zgierz,LCZ,1954
3684,sieradz,SDZ,1953
3685,brzeznica,SDZ,1953
3686,piotrkow_trybunalski,SDZ,1953
3687,radomsko,SDZ,1953
3688,szadek,SDZ,1953
3689,turek,SDZ,1953
3690,tuszyn,SDZ,1953
3691,uniejow,SDZ,1953
3692,wielun,POL,1952
3693,ostrzeszow,POL,1952
3694,wieruszow,POL,1952
3695,gniezno,POL,1952
3696,mogilno,POL,1952
3697,trzemeszno,POL,1952
3698,kalisz,POL,1952
3699,ostrow_wielkopolski,POL,1952
3700,pleszew,POL,1952
3701,konin,POL,1952
3702,kolo,POL,1952
3703,lad_konin,POL,1952
3704,koscian,POL,1952
3705,babimost,POL,1952
3706,grodzisk_wielkopolski,POL,1952
3707,rawicz,POL,1952
3708,srem,POL,1952
3709,wschowa,GLO,1991
3710,naklo,POL,1952
3711,wyrzysk,POL,1952
3712,zlotow,POL,1952
3713,poznan,POL,1952
3714,buk,POL,1952
3715,czarnkow,POL,1952
3716,miedzyrzecz,POL,1952
3717,oborniki,POL,1952
3718,skwierzyna,POL,1952
3719,szamotuly,POL,1952
3720,wielen,POL,1952
3721,pyzdry,POL,1952
3722,kozmin,POL,1952
3723,sroda_wielkopolska,POL,1952
3724,walcz,BRA,1775
3725,czaplinek,BRA,1775
3726,czlopa,BRA,1775
3727,znin,POL,1952
3728,chodziez,POL,1952
3729,szubin,POL,1952
3730,kielce,POL,1952
3731,opoczno,POL,1952
3732,przedborz,POL,1952
3733,zarnow,POL,1952
3734,czestochowa,POL,1952
3735,lelow,POL,1952
3736,mstow,POL,1952
3737,krakow,POL,1952
3738,chrzanow,POL,1952
3739,ksiaz_wielki,POL,1952
3740,proszowice,POL,1952
3741,lublin,POL,1952
3742,janow_lubelski,POL,1952
3743,kazimierz,POL,1952
3744,lukow,POL,1952
3745,lubartow,POL,1952
3746,urzedow,POL,1952
3747,nowy_sacz,POL,1952
3748,biecz,POL,1952
3749,czchow,POL,1952
3750,jaslo,POL,1952
3751,nowy_targ,POL,1952
3752,pilzno,POL,1952
3753,busko_zdroj,POL,1952
3754,debica,POL,1952
3755,tarnow,POL,1952
3756,wislica,POL,1952
3757,radom,POL,1952
3758,ilza,POL,1952
3759,stezyca,POL,1952
3760,szydlowiec,POL,1952
3761,zwolen,POL,1952
3762,sandomierz,POL,1952
3763,kunow,POL,1952
3764,opatow,POL,1952
3765,rudnik_poland,POL,1952
3766,wieliczka,POL,1952
3767,myslenice,POL,1952
3768,oswiecim,OSW,1978
3769,zywiec,OSW,1978
3770,ashmyany,LIT,245
3771,halshany,LIT,245
3772,hieraniony,LIT,245
3773,kreva,LIT,245
3774,braslaw,LIT,245
3775,drysvyaty,LIT,245
3776,ezerenai,LIT,245
3777,miory,LIT,245
3778,kaunas,LIT,245
3779,alytus,LIT,245
3780,punia,LIT,245
3781,vilkaviskis,LIT,245
3782,lida,LIT,245
3783,astrina,LIT,245
3784,eisiskes,LIT,245
3785,shchuchyn,LIT,245
3786,suwalki,LIT,245
3787,lipsk,LIT,245
3788,veisiejai,LIT,245
3789,trakai,LIT,245
3790,lazdijai,LIT,245
3791,onushkis,LIT,245
3792,merkine,LIT,245
3793,svir,LIT,245
3794,dokshytsy,LIT,245
3795,hlybokaye,LIT,245
3796,myadzyel,LIT,245
3797,svencionys,LIT,245
3798,vileyka,LIT,245
3799,lake_narach,,
3800,upyte,LIT,245
3801,birzai,LIT,245
3802,linkava,LIT,245
3803,panevezys,LIT,245
3804,pasvalys,LIT,245
3805,vilkmerge,LIT,245
3806,anyksciai,LIT,245
3807,maleisiai,LIT,245
3808,rokiskis,LIT,245
3809,utena,LIT,245
3810,vilnius,LIT,245
3811,giedraiciai,LIT,245
3812,kernave,LIT,245
3813,medininkai_vilna,LIT,245
3814,ciechanow,RAW,1956
3815,przasnysz,RAW,1956
3816,rozan,RAW,1956
3817,zakroczym,RAW,1956
3818,czersk,CZK,1957
3819,garwolin,CZK,1957
3820,grojec,CZK,1957
3821,liw,CZK,1957
3822,lomza,RAW,1956
3823,kolno,RAW,1956
3824,ostroleka,RAW,1956
3825,wizna,RAW,1956
3826,zambrow,RAW,1956
3827,plock,PLK,1955
3828,plonsk,PLK,1955
3829,sierpc,PLK,1955
3830,szrensk,PLK,1955
3831,drohiczyn,LIT,245
3832,bielsk_podlaski,LIT,245
3833,goniadz,RAW,1956
3834,mielnik,LIT,245
3835,sokolow,LIT,245
3836,suraz,LIT,245
3837,tykocin,RAW,1956
3838,rawa,RAW,1956
3839,biala_rawska,RAW,1956
3840,gabin,PLK,1955
3841,gostynin,PLK,1955
3842,sochaczew,RAW,1956
3843,warsaw,CZK,1957
3844,kamieniec,CZK,1957
3845,nur,CZK,1957
3846,tarczyn,CZK,1957
3847,chelmno,CHL,236
3848,brodnica,TEU,234
3849,grudziadz,TEU,234
3850,lubawa,CHL,236
3851,torun,TEU,234
3852,gdansk,TEU,234
3853,gniew,TEU,234
3854,koscierzyna,TEU,234
3855,mirochowo,TEU,234
3856,puck,TEU,234
3857,tczew,TEU,234
3858,tilsit,TEU,234
3859,gumbinnen,TEU,234
3860,labiau,TEU,234
3861,memel,TEU,234
3862,ragnit,TEU,234
3863,windenburg,TEU,234
3864,curonian_lagoon,,
3865,konigsberg,TEU,234
3866,balga,TEU,234
3867,brandenburg_prussia,TEU,234
3868,fischhausen,SMD,238
3869,gerdauen,TEU,234
3870,insterburg,TEU,234
3871,wehlau,TEU,234
3872,elk,TEU,234
3873,barten,TEU,234
3874,nibork,TEU,234
3875,ostroda,TEU,234
3876,ryn_poland,TEU,234
3877,szczytno,TEU,234
3878,wegorzewo,TEU,234
3879,lake_mamry,,
3880,lake_sniardwy,,
3881,tuchola,TEU,234
3882,bialobork,TEU,234
3883,czluchow,TEU,234
3884,nowe,TEU,234
3885,swiecie,TEU,234
3886,malbork,TEU,234
3887,dzierzgon,TEU,234
3888,elblag,TEU,234
3889,kwidzyn,PMS,237
3890,morag,TEU,234
3891,lidzbark,ERM,235
3892,frombork,ERM,235
3893,olsztyn,ERM,235
3894,medininkai,LIT,245
3895,palanga,LIT,245
3896,rietavas,LIT,245
3897,silale,LIT,245
3898,skuodas,LIT,245
3899,taurage,LIT,245
3900,raseiniai,LIT,245
3901,jurbarkas,LIT,245
3902,kedainiai,LIT,245
3903,panemune,LIT,245
3904,tendziogala,LIT,245
3905,siauliai,LIT,245
3906,kraziai,LIT,245
3907,mazeikiai,LIT,245
3908,papile,LIT,245
3909,zagare,LIT,245
3910,glogow,GLO,1991
3911,gora,SCI,1983
3912,kozuchow,GLO,1991
3913,szprotawa,GLO,1991
3914,zielona_gora,GLO,1991
3915,legnica,LGC,1974
3916,boleslawiec,JAW,1973
3917,jawor,JAW,1973
3918,wolow,SCI,1983
3919,zlotoryja,LGC,1974
3920,olesnica,OEL,1975
3921,milicz,OEL,1975
3922,namyslow,NMS,1986
3923,sycow,OEL,1975
3924,trzebnica,OEL,1975
3925,opava,OPV,1993
3926,fryvaldov,NYS,1992
3927,glubczyce,OPV,1993
3928,hlucin,OPV,1993
3929,krnov,OPV,1993
3930,opole,OPL,1976
3931,kluczbork,LGC,1974
3932,lubliniec,OPL,1976
3933,olesno,OPL,1976
3934,prudnik,PDK,1977
3935,strzelce_opolskie,STZ,1987
3936,swidnica,SWD,1982
3937,kamienna_gora,SWD,1982
3938,rychbach,SWD,1982
3939,niemcza,BRZ,1985
3940,ziebice,ZIE,1984
3941,tesin,TES,1979
3942,bielsko,TES,1979
3943,bytom,BYM,1980
3944,kozle,BYM,1980
3945,pszczyna,RCB,1981
3946,raciborz,RCB,1981
3947,siewierz,SIZ,1989
3948,toszek,BYM,1980
3949,wroclaw,WRC,1990
3950,brzeg,BRZ,1985
3951,grodkow,NYS,1992
3952,nysa,NYS,1992
3953,niemodlin,NMD,1988
3954,olawa,BRZ,1985
3955,sroda_slaska,WRC,1990
3956,zagan,ZAG,1972
3957,krosno_odrzanskie,ZAG,1972
3958,sulechow,ZAG,1972
3959,zary,ZAG,1972
3960,north_central_baltic,,
3961,gulf_of_riga,,
3962,coast_of_osel,,
3963,west_gulf_of_finland,,
3964,east_gulf_of_finland,,
3965,grodno,LIT,245
3966,bershty,LIT,245
3967,grodek,LIT,245
3968,masty,LIT,245
3969,sokolka,LIT,245
3970,kletsk,SSK,1965
3971,bolshie_krugovichi,SSK,1965
3972,kapyl,SSK,1965
3973,lakhva,TUV,1963
3974,luninets,PNK,1964
3975,mazyr,KIE,1961
3976,buinovichi,KIE,1961
3977,lelchytsy,TUV,1963
3978,kalinkavichy,KIE,1961
3979,pietrykaw,KIE,1961
3980,rudobelka,KIE,1961
3981,zhytkavichy,TUV,1963
3982,novogrudok,NRK,1969
3983,lyakhavichy,NRK,1969
3984,lyubcha,NRK,1969
3985,nyasvizh,LIT,245
3986,turets,NRK,1969
3987,rechytsa,CHR,2045
3988,babruysk,LIT,245
3989,luchin,LIT,245
3990,rahachow,LIT,245
3991,streshyn,CHR,2045
3992,svietlahorsk,LIT,245
3993,slonim,NRK,1969
3994,dzyatlava,NRK,1969
3995,vyada,NRK,1969
3996,zdzitov,NRK,1969
3997,slutsk,SSK,1965
3998,hlusk,SSK,1965
3999,starobin,SSK,1965
4000,staryya_darohi,SSK,1965
4001,vawkavysk,NRK,1969
4002,porazava,NRK,1969
4003,vowpa,NRK,1969
4004,ichnia,KIE,1961
4005,hadiach,KIE,1961
4006,romen,KIE,1961
4007,pryluky,KIE,1961
4008,chornukhy,KIE,1961
4009,lypova_dolyna,KIE,1961
4010,lubny,KIE,1961
4011,pyriatyn,KIE,1961
4012,horodyshche,KIE,1961
4013,horoshino,KIE,1961
4014,zolotonosha,KIE,1961
4015,yahotyn,KIE,1961
4016,pereiaslav,KIE,1961
4017,boryspil,KIE,1961
4018,oster,KIE,1961
4019,kozelets,KIE,1961
4020,yaroslavka,KIE,1961
4021,poltava,KIE,1961
4022,kremenchuk,KIE,1961
4023,myrhorod,KIE,1961
4024,velyki_sorochyntsi,KIE,1961
4025,hovtva,KIE,1961
4026,opishnya,KIE,1961
4027,bratslav,GLH,2248
4028,balta,GLH,2248
4029,bershad,GLH,2248
4030,drahushiv,GLH,2248
4031,karabul,GLH,2248
4032,savran,GLH,2248
4033,ushytsia,HAL,1960
4034,khmilnyk,HAL,1960
4035,letychiv,HAL,1960
4036,mezhybozhe,HAL,1960
4037,mohyliv_podilskyi,HAL,1960
4038,rov,HAL,1960
4039,torhovytsia,GLH,2248
4040,teplyk,GLH,2248
4041,tsybuliv,GLH,2248
4042,uman,GLH,2248
4043,zavallia,GLH,2248
4044,vinnytsia,GLH,2248
4045,buzhskyi,GLH,2248
4046,pohrebyshche,GLH,2248
4047,sokilets,GLH,2248
4048,bakota,HAL,1960
4049,horodok,HAL,1960
4050,kamianets_podilskyi,HAL,1960
4051,zalishchyky,HAL,1960
4052,brest_litowsk,LIT,245
4053,biala_podlaska,LIT,245
4054,chernyany,LIT,245
4055,malaryta,LIT,245
4056,wlodawa,LIT,245
4057,kobryn,LIT,245
4058,dabuchyn,LIT,245
4059,hajnowka,LIT,245
4060,kamyenyets,LIT,245
4061,pinsk,PNK,1964
4062,drahichyn,PNK,1964
4063,liubeshiv,VOL,1959
4064,motal,PNK,1964
4065,nobel,PNK,1964
4066,turov,TUV,1963
4067,davyd_haradok,TUV,1963
4068,dubrovytsia,VOL,1959
4069,hlynne,TUV,1963
4070,stolin,PNK,1964
4071,belz,VOL,1959
4072,busk,VOL,1959
4073,grabowiec,VOL,1959
4074,lubaczow,HAL,1960
4075,sokal,VOL,1959
4076,drohobych,HAL,1960
4077,sambir,HAL,1960
4078,stryi,HAL,1960
4079,turka,HAL,1960
4080,halych,HAL,1960
4081,bohorodchany,HAL,1960
4082,buchach,HAL,1960
4083,rohatyn,HAL,1960
4084,kolomyia,HAL,1960
4085,kosiv,HAL,1960
4086,sniatyn,HAL,1960
4087,tysmenytsia,HAL,1960
4088,lviv,HAL,1960
4089,bereschany,HAL,1960
4090,brody,VOL,1959
4091,zhovkva,HAL,1960
4092,yavoriv,HAL,1960
4093,zvenyhorod,HAL,1960
4094,przemysl,HAL,1960
4095,piskorowice,HAL,1960
4096,rzeszow,HAL,1960
4097,yaroslav_poland,HAL,1960
4098,sanok,HAL,1960
4099,krosno,HAL,1960
4100,lesko,HAL,1960
4101,terebovlia,HAL,1960
4102,khorostkiv,HAL,1960
4103,ternopil,HAL,1960
4104,zhydachiv,HAL,1960
4105,bolekhiv,HAL,1960
4106,dolyna,HAL,1960
4107,bryansk,BRY,2044
4108,foshnya,BRY,2044
4109,knyazhichi,BRY,2044
4110,pochep,BRY,2044
4111,revny,BRY,2044
4112,vshchizh,BRY,2044
4113,chernihiv,CHR,2045
4114,horodnia,CHR,2045
4115,liubech,CHR,2045
4116,lutava,KIE,1961
4117,sosnytsia,CHR,2045
4118,snovsk,CHR,2045
4119,gomel,CHR,2045
4120,chachersk,CHR,2045
4121,dobrush,CHR,2045
4122,tereshkovichy,CHR,2045
4123,volosovichy,CHR,2045
4124,nizhyn,CHR,2045
4125,buryn,KIE,1961
4126,bakhmach,CHR,2045
4127,melnya,KIE,1961
4128,putyvl,KIE,1961
4129,novhorod_siverskyi,NVS,2047
4130,hlukhiv,NVS,2047
4131,verba,NVS,2047
4132,voronizh_chernihiv,NVS,2047
4133,znobov,NVS,2047
4134,starodub_siverskyi,STS,2046
4135,drokov,MSV,1967
4136,klintsy,STS,2046
4137,mglin,MSV,1967
4138,popowa_gora,MSV,1967
4139,ropsk,STS,2046
4140,radogosch,STS,2046
4141,trubchevsk,TRB,2043
4142,boldyzh,BRY,2044
4143,dmitriyev,BRY,2044
4144,rylsk,RYL,2048
4145,sevsk,BRY,2044
4146,chelm,VOL,1959
4147,krasnystaw,VOL,1959
4148,liuboml,VOL,1959
4149,ratne,VOL,1959
4150,shatsk,VOL,1959
4151,ugrovesk,VOL,1959
4152,kremenets,VOL,1959
4153,dubno,VOL,1959
4154,zbarazh,VOL,1959
4155,tykhomel,VOL,1959
4156,lutsk,VOL,1959
4157,chortoryisk,VOL,1959
4158,peremyl,VOL,1959
4159,rozhyshche,VOL,1959
4160,stepan,VOL,1959
4161,volodymyrets,VOL,1959
4162,rivne,VOL,1959
4163,kostopil,VOL,1959
4164,ostroh,VOL,1959
4165,peresopnytsya,VOL,1959
4166,volodymyr,VOL,1959
4167,kamin,VOL,1959
4168,kovel,VOL,1959
4169,melnytsya,VOL,1959
4170,turiisk,VOL,1959
4171,novohrad_volynskyi,VOL,1959
4172,iziaslav,VOL,1959
4173,korets,VOL,1959
4174,liubar,VOL,1959
4175,polonne,VOL,1959
4176,bila_tserkva,KIE,1961
4177,bohuslav,KIE,1961
4178,kaharlyk,KIE,1961
4179,kaniv,KIE,1961
4180,sherbiv,KIE,1961
4181,skvyra,KIE,1961
4182,cherkasy,KIE,1961
4183,chyhyryn,KIE,1961
4184,korsun,KIE,1961
4185,lebedyn,KIE,1961
4186,rozkishna,KIE,1961
4187,smila,KIE,1961
4188,zvenyhorodka,KIE,1961
4189,chornobyl,KIE,1961
4190,belaya_soroka,KIE,1961
4191,brahin,KIE,1961
4192,khoiniki,KIE,1961
4193,kholmyech,KIE,1961
4194,kyiv,KIE,1961
4195,desnyanskyi_horodok,KIE,1961
4196,dymer,KIE,1961
4197,fastiv,KIE,1961
4198,zdvizhen,KIE,1961
4199,olevsk,KIE,1961
4200,kopyshche,KIE,1961
4201,viry,KIE,1961
4202,yemilchyne,KIE,1961
4203,ovruch,KIE,1961
4204,bilokorovychi,KIE,1961
4205,korosten,KIE,1961
4206,malyn,KIE,1961
4207,narodychi,KIE,1961
4208,stodolichi,KIE,1961
4209,zhytomyr,KIE,1961
4210,berdychiv,KIE,1961
4211,chudniv,KIE,1961
4212,chortolisy,KIE,1961
4213,korostyshiv,KIE,1961
4214,mychesk,KIE,1961
4215,barysaw,LIT,245
4216,bobr,DRU,1970
4217,krupki,LIT,245
4218,lukolm,LIT,245
4219,lyubashany,LIT,245
4220,dzisna,POK,1962
4221,asvieja,POK,1962
4222,nevel,VBK,1966
4223,nekloch,POK,1962
4224,rasony,POK,1962
4225,vydritsa,POK,1962
4226,lahoysk,LIT,245
4227,begoml,LIT,245
4228,byerazino,LIT,245
4229,ilya,LIT,245
4230,krasnoe,LIT,245
4231,smalyavichy,LIT,245
4232,minsk,LIT,245
4233,chervyen,LIT,245
4234,koidanova,LIT,245
4235,marjina_horka,LIT,245
4236,rakau,LIT,245
4237,stowbtsy,LIT,245
4238,svislach,LIT,245
4239,mogilev,LIT,245
4240,bykhaw,LIT,245
4241,chavusy,MSV,1967
4242,klichaw,LIT,245
4243,novy_bykhaw,MSV,1967
4244,slawharad,MSV,1967
4245,mstsislaw,MSV,1967
4246,kastsyukovichy,MSV,1967
4247,khotsimsk,MSV,1967
4248,krychaw,MSV,1967
4249,monastyrshchina,MSV,1967
4250,shumyachi,MSV,1967
4251,orsha,VBK,1966
4252,drutsk,DRU,1970
4253,horki,VBK,1966
4254,kopys,VBK,1966
4255,rudnya,VBK,1966
4256,tyatseryn,DRU,1970
4257,polotsk,POK,1962
4258,bocheikovo,POK,1962
4259,lyepyel,POK,1962
4260,ulla,POK,1962
4261,ushachy,POK,1962
4262,zabore,POK,1962
4263,vitebsk,VBK,1966
4264,haradok,VBK,1966
4265,jeziarysca,VBK,1966
4266,mikulino,VBK,1966
4267,syanno,VBK,1966
4268,usvyaty,VBK,1966
4269,velizh,VBK,1966
4270,vydreya,VBK,1966
4271,amadiya,HKK,49
4272,baskale,JLM,52
4273,hakkari,HKK,49
4274,semdinli,ZZR,57
4275,zakho,JLM,52
4276,east_taurus_4,,
4277,bitlis,BIT,44
4278,bahcesaray,JLM,52
4279,catak,JLM,52
4280,hizan,HZN,50
4281,mus,MUS,54
4282,east_taurus_5,,
4283,east_taurus_7,,
4284,erzurum,SUT,37
4285,bayburt,SUT,37
4286,erzincan,ERE,25
4287,ilic,ERE,25
4288,kelkit,ERE,25
4289,kemah,ERE,25
4290,sebinkarahisar,ERE,25
4291,siran,ERE,25
4292,tercan,SUT,37
4293,kose_mountains_2,,
4294,mescit_mountains,,
4295,otlukbeli_mountains,,
4296,harput,SUT,37
4297,adakli,SUT,37
4298,bingol,BIN,43
4299,cemisgezek,CEM,45
4300,genc,BIN,43
4301,keban,SUT,37
4302,kuzucan,CEM,45
4303,palu,SUT,37
4304,pertek,CEM,45
4305,sivrice,EGL,48
4306,lake_hazar,,
4307,mercan_mountains_1,,
4308,mercan_mountains_2,,
4309,kars,SME,394
4310,kagizman,SME,394
4311,surmali,ATZ,516
4312,kars_mountains_2,,
4313,kars_mountains_3,,
4314,malazgirt,SUT,37
4315,hinis,SUT,37
4316,karakilise,SUT,37
4317,hasankale,SME,394
4318,tekman,SUT,37
4319,tutak,SUT,37
4320,varto,SUT,37
4321,aladag_mountains,,
4322,karagol_mountains,,
4323,karasu_aras_mountains,,
4324,van,JLM,52
4325,ahlat,SUT,37
4326,bargiri,SUT,37
4327,ercis,SUT,37
4328,hosap,JLM,52
4329,tatvan,BIT,44
4330,lake_van,,
4331,suphan_mountains,,
4332,ani,SME,394
4333,amberd,AAI,392
4334,artashavan,AAI,392
4335,kumayri,AAI,392
4336,lesser_caucasus_mountains9,,
4337,gandzasar,KCN,409
4338,goroz,JAL,512
4339,haterk,KCN,409
4340,kashatagh,SYU,410
4341,shusha,JAL,512
4342,kapan_armenia,SYU,410
4343,gladzor,VDZ,400
4344,goris,SYU,410
4345,julfa,JAL,512
4346,nakhchivan,JAL,512
4347,tatev,SYU,410
4348,lesser_caucasus_mountains8,,
4349,lesser_caucasus_mountains10,,
4350,lori,AAI,392
4351,gagi,GEO,391
4352,kayen,GEO,391
4353,khunani,GEO,391
4354,spitak,AAI,392
4355,yerevan,ARM,398
4356,bjni,ARM,398
4357,igdir,ATZ,516
4358,khor_virap,ATZ,516
4359,sotk,VDZ,400
4360,lake_sevan,,
4361,lesser_caucasus_mountains5,,
4362,lesser_caucasus_mountains7,,
4363,sukhumi,GEO,391
4364,anacopia,GEO,391
4365,lata_georgia,GEO,391
4366,pitsunda,GEO,391
4367,hereti,GEO,391
4368,balakan,GEO,391
4369,bodbe,GEO,391
4370,khornabuji,GEO,391
4371,qakh,GEO,391
4372,kutaisi,GEO,391
4373,lentekhi,GEO,391
4374,skande,GEO,391
4375,shorapani,GEO,391
4376,tsageri,GEO,391
4377,tsesi,GEO,391
4378,ushguli,GEO,391
4379,vartsikhe,GEO,391
4380,greater_caucasus_mountains2,,
4381,greater_caucasus_mountains3,,
4382,telavi,GEO,391
4383,alaverdi,GEO,391
4384,dusheti,GEO,391
4385,gremi,GEO,391
4386,rustavi,GEO,391
4387,shatili,GEO,391
4388,greater_caucasus_mountains5,,
4389,tbilisi,GEO,391
4390,dmanisi,AAI,392
4391,gori,GEO,391
4392,kasriskari,GEO,391
4393,kldekari,AAI,392
4394,kvenipnevi,GEO,391
4395,mtskheta,GEO,391
4396,tsagvli,GEO,391
4397,greater_caucasus_mountains4,,
4398,artanuji,SME,394
4399,ispir,SME,394
4400,khikhani,SME,394
4401,oltu,SME,394
4402,panaskerti,GEO,391
4403,parkhali,SME,394
4404,savsat,SME,394
4405,tortum,GEO,391
4406,kars_mountains_1,,
4407,yalnizcam_mountains,,
4408,bedia,GEO,391
4409,anaklia,GEO,391
4410,batumi,GEO,391
4411,ozurgeti,GEO,391
4412,poti_caucasus,GEO,391
4413,tsalenjikha,GEO,391
4414,akhaltsikhe,SME,394
4415,akhalkalaki,AAI,392
4416,ardahan,SME,394
4417,tmogvi,SME,394
4418,lake_cildir,,
4419,lesser_caucasus_mountains1,,
4420,lesser_caucasus_mountains2,,
4421,lesser_caucasus_mountains3,,
4422,lesser_caucasus_mountains4,,
4423,dzhulat,GLH,2248
4424,chegem,ALN,411
4425,jariekhi,GEO,391
4426,karcha_kala,ALN,411
4427,koban,ALN,411
4428,tatartup,GLH,2248
4429,khunzakh,AVR,396
4430,kumukh,TRK,397
4431,omalo,GEO,391
4432,tindi,AVR,396
4433,greater_caucasus_mountains6,,
4434,greater_caucasus_mountains7,,
4435,greater_caucasus_mountains9,,
4436,kubachi,KAI,414
4437,khuchni,TBA,417
4438,kurakh,LEK,415
4439,rutul,RUT,416
4440,tpig,LEK,415
4441,greater_caucasus_mountains8,,
4442,greater_caucasus_mountains10,,
4443,khumar,ALN,411
4444,arkhyz,ALN,411
4445,mamiya_kala,ALN,411
4446,rim_gora,ALN,411
4447,greater_caucasus_mountains1,,
4448,simsir,SMS,413
4449,alkhan_kala,GLH,2248
4450,argun,DZK,412
4451,nazran,GLH,2248
4452,targim,DZK,412
4453,tsontaroy_kala,DZK,412
4454,tarki,TRK,397
4455,boynak,TRK,397
4456,endirey,TRK,397
4457,temirkhan_shura,TRK,397
4458,terek,TRK,397
4459,ganja,JAL,512
4460,barda,JAL,512
4461,beylagan,JAL,512
4462,gardman,JAL,512
4463,lemberan,JAL,512
4464,shamkir,JAL,512
4465,lake_agh_gol,,
4466,lake_sarisu,,
4467,lesser_caucasus_mountains6,,
4468,baku,SRV,395
4469,javad,SRV,395
4470,mahmudabad,SRV,395
4471,maraza,SRV,395
4472,qobustan,SRV,395
4473,shamakhi,SRV,395
4474,mughan,JAL,512
4475,baciravan,JAL,512
4476,bilasuvar,JAL,512
4477,germi,JAL,512
4478,salyan,JAL,512
4479,varsan,JAL,512
4480,shaki,SKI,408
4481,agsu,SRV,395
4482,aresh,SKI,408
4483,goychay,SRV,395
4484,qabala,SRV,395
4485,vartashen,SKI,408
4486,zardab,SRV,395
4487,shirvan,SRV,395
4488,derbent,SRV,395
4489,niyazabad,SRV,395
4490,quba,SRV,395
4491,shabran,SRV,395
4492,theodoro,FEO,2252
4493,qirq_yer,GLH,2248
4494,lusta,GLH,2248
4495,qarasuvbazar,GLH,2248
4496,crimean_mountains,,
4497,kaffa,GAZ,2255
4498,soldaia,GLH,2248
4499,vosporo,GAZ,2255
4500,seyitler,GLH,2248
4501,solkhat,GLH,2248
4502,kalay,GLH,2248
4503,kezlev,GLH,2248
4504,aqmecit,GLH,2248
4505,jurchi,GLH,2248
4506,or_qapi,GLH,2248
4507,lake_sasyk_syvash,,
4508,syvash_lagoon,,
4509,syvash_sand_bar,,
4510,taman,TRE,40
4511,mapa,HTY,403
4512,susaco,KIP,406
4513,shanjir,HYT,404
4514,copa,CPA,402
4515,siba_circassia,HYT,404
4516,tuapse,GEO,391
4517,costa,GEO,391
4518,khadyzhi,HYT,404
4519,kuzhyb,KDA,405
4520,maykop,TEM,407
4521,moschevo,TEM,407
4522,akhtar,CPA,402
4523,kalininskaya,GLH,2248
4524,bryukhovetskaya,GLH,2248
4525,bzhedygu_kal,GLH,2248
4526,ust_labinsk,GLH,2248
4527,pavlovskaya,GLH,2248
4528,tbilisskaya,GLH,2248
4529,romanovsky_khutor,GLH,2248
4530,chatyun,GLH,2248
4531,adyukh,GLH,2248
4532,armavir,GLH,2248
4533,shkhancheriekhabl,KDA,405
4534,belorechensk,TEM,407
4535,khadjibey,GLH,2248
4536,teligol,GLH,2248
4537,kuyanlik,GLH,2248
4538,ananiv,GLH,2248
4539,iagorlic,GLH,2248
4540,khadzhibey_liman,,
4541,kuialnyk_liman,,
4542,dashev,GLH,2248
4543,balikley,GLH,2248
4544,aqmecit_prybuzhzhya,GLH,2248
4545,argamakli_sarai,GLH,2248
4546,vithold_hammami,GLH,2248
4547,harbuzynka,GLH,2248
4548,oleshia,GLH,2248
4549,bereznehuvate,GLH,2248
4550,bashtanka,GLH,2248
4551,tavan,GLH,2248
4552,velyka_oleksandrivka,GLH,2248
4553,qalancaq,GLH,2248
4554,aslan_horod,GLH,2248
4555,ordu_bazar,GLH,2248
4556,rohat_kermen,GLH,2248
4557,enice,GLH,2248
4558,velyka_lepetykha,GLH,2248
4559,kichkas,GLH,2248
4560,rozdory,GLH,2248
4561,hryshyne,GLH,2248
4562,pavlohrad,GLH,2248
4563,yelanets,GLH,2248
4564,usivka,GLH,2248
4565,mala_vyska,GLH,2248
4566,umanske,GLH,2248
4567,ingul,GLH,2248
4568,petrove,GLH,2248
4569,karlivka,GLH,2248
4570,kolomak,KIE,1961
4571,berestyn,GLH,2248
4572,samarchyk,GLH,2248
4573,oril,GLH,2248
4574,ternivka,GLH,2248
4575,kodak,GLH,2248
4576,myshuryn_rih,GLH,2248
4577,sofiivka,GLH,2248
4578,kryvyi_rih,GLH,2248
4579,tomakivka,GLH,2248
4580,mykytyn_rih,GLH,2248
4581,kursk,GLH,2248
4582,fatezh,GLH,2248
4583,opalkova,GLH,2248
4584,kosozhichi,GLH,2248
4585,manturovo_kursk,GLH,2248
4586,olgov,GLH,2248
4587,oskol,GLH,2248
4588,troitskoye_na_shchigrakh,GLH,2248
4589,belgorod,GLH,2248
4590,korocha,GLH,2248
4591,oboyan,GLH,2248
4592,muzhech,GLH,2248
4593,rakitnoye,GLH,2248
4594,sudzha,GLH,2248
4595,yelets,GLH,2248
4596,gogol,GLH,2248
4597,talitsa_yelets,GLH,2248
4598,terbuny,GLH,2248
4599,ust_livny,GLH,2248
4600,zemlyansk,GLH,2248
4601,alexeyevka,GLH,2248
4602,rovenki,GLH,2248
4603,valuyki,GLH,2248
4604,chernyanka,GLH,2248
4605,kastornoye,GLH,2248
4606,voronezh,GLH,2248
4607,anna_russia,GLH,2248
4608,novaya_pokrovka,GLH,2248
4609,semidesyatnoye,GLH,2248
4610,ostrogozhsk,GLH,2248
4611,rossosh,GLH,2248
4612,bielska_sloboda,GLH,2248
4613,bilovodsk,GLH,2248
4614,novopskov,GLH,2248
4615,kalnivka,GLH,2248
4616,nyzhnia_duvanka,GLH,2248
4617,konstantinovka,GLH,2248
4618,izium,GLH,2248
4619,adalaga,GLH,2248
4620,barvinkove,GLH,2248
4621,kupiansk,GLH,2248
4622,sloviansk,GLH,2248
4623,vovchansk,GLH,2248
4624,sumy,KIE,1961
4625,glushkovo,KIE,1961
4626,krasnopillia,KIE,1961
4627,vilshana,KIE,1961
4628,donets_kharkiv,GLH,2248
4629,chuhuiv,GLH,2248
4630,khotmyzh,KIE,1961
4631,kotelva,KIE,1961
4632,okhtyrka,KIE,1961
4633,zmiiv,GLH,2248
4634,melitopol,GLH,2248
4635,kyrylivka,GLH,2248
4636,tokmak,GLH,2248
4637,konski_vody,GLH,2248
4638,kuchugur,GLH,2248
4639,berdiansk,GLH,2248
4640,taganrog,GLH,2248
4641,velyka_novosilka,GLH,2248
4642,domakha,GLH,2248
4643,huliaipole,GLH,2248
4644,shyrokyne,GLH,2248
4645,vasylivka,GLH,2248
4646,bakhmut,GLH,2248
4647,lysychansk,GLH,2248
4648,kreminna,GLH,2248
4649,oleksandrivka,GLH,2248
4650,posad,GLH,2248
4651,azok,GLH,2248
4652,bagayevskaya,GLH,2248
4653,shcherbinovka,GLH,2248
4654,balzimachi,GLH,2248
4655,kanevskaya,GLH,2248
4656,starominskaya,GLH,2248
4657,yegorlykskaya,GLH,2248
4658,tana,GAZ,2255
4659,krasny_sulin,GLH,2248
4660,shakhty,GLH,2248
4661,rovenky,GLH,2248
4662,kalmius,GLH,2248
4663,kamenskaya,GLH,2248
4664,semikarakorsk,GLH,2248
4665,bol_shaya_martynovka,GLH,2248
4666,cheplak,GLH,2248
4667,bolshoy_gashun,GLH,2248
4668,dubovskoye,GLH,2248
4669,yundin,GLH,2248
4670,ust_tsimla,GLH,2248
4671,konstantinovsk,GLH,2248
4672,tatsinskaya,GLH,2248
4673,tormosin,GLH,2248
4674,luhansk,GLH,2248
4675,mityakinskaya,GLH,2248
4676,novoaidar,GLH,2248
4677,belaya_kalitva,GLH,2248
4678,millerovo,GLH,2248
4679,kremenskaya,GLH,2248
4680,kletskaya,GLH,2248
4681,ust_medveditskaya,GLH,2248
4682,oblivskaya,GLH,2248
4683,nizhny_chir,GLH,2248
4684,kashary,GLH,2248
4685,chertkovo,GLH,2248
4686,bokovskaya,GLH,2248
4687,milyutinskaya,GLH,2248
4688,boguchar,GLH,2248
4689,borisoglebsk,GLH,2248
4690,bannoye,GLH,2248
4691,kalach,GLH,2248
4692,sadovoye,GLH,2248
4693,bolshaya_gribanovka,GLH,2248
4694,buturlinovka,GLH,2248
4695,verkhny_mamon,GLH,2248
4696,uryupin,GLH,2248
4697,mikhaylovka,GLH,2248
4698,novoanninsky,GLH,2248
4699,alexeyevskaya,GLH,2248
4700,veesky,GLH,2248
4701,kumylzhenskaya,GLH,2248
4702,zimnyatsky,GLH,2248
4703,malodelskaya,GLH,2248
4704,ilovlya,GLH,2248
4705,mechet,GLH,2248
4706,stepanevka,GLH,2248
4707,sarai_al_jadid,GLH,2248
4708,beljamen,GLH,2248
4709,zenzevatka,GLH,2248
4710,nagavskaya,GLH,2248
4711,aksay,GLH,2248
4712,yelan,GLH,2248
4713,machekha,GLH,2248
4714,novonikolayevsky,GLH,2248
4715,samoylovka,GLH,2248
4716,rudnya_pontic,GLH,2248
4717,danilovka,GLH,2248
4718,kotovo,GLH,2248
4719,kamyshin,GLH,2248
4720,goly_karamysh,GLH,2248
4721,astrakhan,GLH,2248
4722,khosheutovo,GLH,2248
4723,krasny_yar,GLH,2248
4724,ganyushkino,GLH,2248
4725,pologoye_zaymishche,GLH,2248
4726,srednyaya_akhtuba,GLH,2248
4727,bykovo,GLH,2248
4728,elton,GLH,2248
4729,zolotari,GLH,2248
4730,berezhnovka,GLH,2248
4731,zamyany,GLH,2248
4732,yenotayevka,GLH,2248
4733,sapara,GLH,2248
4734,chernyye_zemli,GLH,2248
4735,ikryanoye,GLH,2248
4736,chyorny_yar,GLH,2248
4737,nikolskoye_pontic,GLH,2248
4738,malye_derbety,GLH,2248
4739,sadovoye_kalmykia,GLH,2248
4740,ded_khulsun,GLH,2248
4741,zavetnoye,GLH,2248
4742,bolkhuny,GLH,2248
4743,mikhaylovka_pontic,GLH,2248
4744,rechnoye,GLH,2248
4745,bokey,GLH,2248
4746,botkul,GLH,2248
4747,zhanybek,GLH,2248
4748,dardeling,GLH,2248
4749,mekletin,GLH,2248
4750,kok_usn,GLH,2248
4751,yashkul,GLH,2248
4752,iki_burul,GLH,2248
4753,priyutnoye,GLH,2248
4754,elista,GLH,2248
4755,remontnoye,GLH,2248
4756,gorodovikovsk,GLH,2248
4757,raguli,GLH,2248
4758,lake_manych,,
4759,majar,GLH,2248
4760,zelenokumsk,GLH,2248
4761,arzgir,GLH,2248
4762,levokumskoye,GLH,2248
4763,novopavlovsk,GLH,2248
4764,yessentuq,GLH,2248
4765,alexandrovskoye,GLH,2248
4766,blagodarnoye,GLH,2248
4767,novoselitskoye,GLH,2248
4768,naurskaya,GLH,2248
4769,kara_bazaar,GLH,2248
4770,terekli_mekteb,GLH,2248
4771,kurskaya,GLH,2248
4772,kamysh_burun,GLH,2248
4773,stavropol,GLH,2248
4774,grigoropolisskaya,GLH,2248
4775,uspenskoye,GLH,2248
4776,shad_kirman,GLH,2248
4777,petrovskoye_pontic,GLH,2248
4778,privolnoye,GLH,2248
4779,belaya_glina,GLH,2248
4780,peschanokopskoye,GLH,2248
4781,novo_alexandrovskoye,GLH,2248
4782,bezopasnoye,GLH,2248
4783,ipatovo,GLH,2248
4784,kalmyk,GLH,2248
4785,karatobe,GLH,2248
4786,shyngyrlau,GLH,2248
4787,aksay_pointic,GLH,2248
4788,zhympity,GLH,2248
4789,terekti,GLH,2248
4790,oral,GLH,2248
4791,shalkar_lake,,
4792,ryn,GLH,2248
4793,ushtagan,GLH,2248
4794,sarayjuk,GLH,2248
4795,kisikkamys,GLH,2248
4796,kulagin,GLH,2248
4797,saryadyn,GLH,2248
4798,talowski,GLH,2248
4799,inder_lake,,
4800,piterka,GLH,2248
4801,krasny_kut_pontic,GLH,2248
4802,mokrous,GLH,2248
4803,savinka,GLH,2248
4804,rovnoye,GLH,2248
4805,pokrovsk,GLH,2248
4806,baronsk,GLH,2248
4807,taskala,GLH,2248
4808,dergachi,GLH,2248
4809,chertanla,GLH,2248
4810,alexandrov_gay,GLH,2248
4811,ozinki,GLH,2248
4812,mechetnaya,GLH,2248
4813,perelyub,GLH,2248
4814,ivanteyevka,GLH,2248
4815,balakovo,GLH,2248
4816,dukhovnitskoye,GLH,2248
4817,sakminskoye_vodokhranilishche,GLH,2248
4818,yershov,GLH,2248
4819,moscow,MOS,2025
4820,bronnitsy,MOS,2025
4821,odintsovo,MOS,2025
4822,pushkino,MOS,2025
4823,rogozh,MOS,2025
4824,vokhna,MOS,2025
4825,mozhaysk,MOS,2025
4826,borovsk,MOS,2025
4827,medyn,VYA,2042
4828,maloyaroslavets,MOS,2025
4829,vereya,MOS,2025
4830,vetza,MOS,2025
4831,kolomna,MOS,2025
4832,khatun,MOS,2025
4833,przemysl_moscow,MOS,2025
4834,serpukhov,MOS,2025
4835,koshira,MOS,2025
4836,vysokoye,MOS,2025
4837,zvenigorod,MOS,2025
4838,dmitrov,DMI,2039
4839,mushkov_pogost,MOS,2025
4840,rogachevo,DMI,2039
4841,ruza,MOS,2025
4842,volok,NOV,2020
4843,odoyev,NSL,2049
4844,belyov,NSL,2049
4845,rzhavets,NSL,2049
4846,vorotynsk,NSL,2049
4847,masalsk,KCH,2050
4848,fominichi,KCH,2050
4849,lyubun,KCH,2050
4850,pogostishche,KCH,2050
4851,yukhnov,KCH,2050
4852,karachev,KCH,2050
4853,bolkhov,KCH,2050
4854,khotiml,KCH,2050
4855,kromy,KCH,2050
4856,zvenihorod_siverskyi,KCH,2050
4857,kozelsk,KZK,2051
4858,khvastovichi,KCH,2050
4859,ktsyn,KCH,2050
4860,meshchovsk,KCH,2050
4861,usty,KCH,2050
4862,novosil,NSL,2049
4863,bogorodskoye,NSL,2049
4864,kolpny,NSL,2049
4865,mikhailovka,NSL,2049
4866,mtsensk,NSL,2049
4867,plavsk,NSL,2049
4868,tagin,NSL,2049
4869,vorotynsk_novosil,NSL,2049
4870,tarusa,TRS,2052
4871,kaluga,TRS,2052
4872,obolensk,TRS,2052
4873,volkona,TRS,2052
4874,tula_russia,GLH,2248
4875,arkhangelskoye,GLH,2248
4876,bogoroditsk,GLH,2248
4877,kurkino,GLH,2248
4878,bely,SMO,2023
4879,bolshevo,SMO,2023
4880,fomin_gorodok,FMB,2024
4881,shoptovo,SMO,2023
4882,verkhovye,SMO,2023
4883,yotkino,SMO,2023
4884,dorogobuzh,SMO,2023
4885,demensk,SMO,2023
4886,gorodechnya,SMO,2023
4887,mozhino,SMO,2023
4888,shui,SMO,2023
4889,yartsevo,SMO,2023
4890,kozlov_vyazma,VYA,2042
4891,orekhovna,VYA,2042
4892,pogoreloye,KCH,2050
4893,trufany,VYA,2042
4894,zhulino,VYA,2042
4895,roslavl,SMO,2023
4896,izyaslavl,SMO,2023
4897,pustosel,SMO,2023
4898,rognedino,SMO,2023
4899,zaroy,SMO,2023
4900,smolensk,SMO,2023
4901,belik,SMO,2023
4902,berezhnyany,SMO,2023
4903,dukhovshchina,SMO,2023
4904,krasny,SMO,2023
4905,yelnya,SMO,2023
4906,toropets,TPS,2031
4907,andreapol,TPS,2031
4908,bibirevo,SMO,2023
4909,dubrovna,TPS,2031
4910,ilyino,VBK,1966
4911,nizhelskoe,TPS,2031
4912,zhizhets,VBK,1966
4913,lake_dvinye,,
4914,lake_zhizhitskoye,,
4915,verzhavsk,SMO,2023
4916,demidov,SMO,2023
4917,katyn,SMO,2023
4918,luchani,SMO,2023
4919,shchuchye_smolensk,SMO,2023
4920,vetlitsy,SMO,2023
4921,vyazma,VYA,2042
4922,izdeshkovo,VYA,2042
4923,khlepen,VYA,2042
4924,kholm_zhirkovsky,VYA,2042
4925,sychyovka,VYA,2042
4926,kasimov,GLH,2248
4927,ardatov,GLH,2248
4928,azeevo,GLH,2248
4929,kadom,GLH,2248
4930,tuma,MRM,2059
4931,murom,MRM,2059
4932,gorbatovo,MRM,2059
4933,klepiki,MRM,2059
4934,melenki,MRM,2059
4935,shatur,MRM,2059
4936,starodub_votsky,MRM,2059
4937,rostislavl_ryazansky,RYA,2053
4938,lyubichi,RYA,2053
4939,lopasnya,RYA,2053
4940,perevitska,RYA,2053
4941,serebryanye_prudy,PRK,2054
4942,venyov,RYA,2053
4943,ryazan,RYA,2053
4944,kazari,RYA,2053
4945,koponovo,RYA,2053
4946,putyatino,RYA,2053
4947,shilovo,RYA,2053
4948,staraya_ryazan,RYA,2053
4949,pronsk,PRK,2054
4950,dubok,PRK,2054
4951,karniki,PRK,2054
4952,knyazhoye,PRK,2054
4953,mikhaylov,PRK,2054
4954,skopin,PRK,2054
4955,ryazhsk,PRK,2054
4956,mokhcha,GLH,2248
4957,nizhny_lomov,GLH,2248
4958,zemetchino,GLH,2248
4959,insar,GLH,2248
4960,tarbeevka,GLH,2248
4961,zubova_polyana,GLH,2248
4962,sarov,GLH,2248
4963,bolshoye_boldino,GLH,2248
4964,temnikov,GLH,2248
4965,krasnoslobodsk,GLH,2248
4966,lukoyanov,GLH,2248
4967,shatki,GLH,2248
4968,arzamas,GLH,2248
4969,pavlovo,GLH,2248
4970,ruzayevka,GLH,2248
4971,tambov,GLH,2248
4972,staroyuryevo,GLH,2248
4973,sasovo,GLH,2248
4974,rasskazovo,GLH,2248
4975,bondari,GLH,2248
4976,morsha,GLH,2248
4977,mordovo,GLH,2248
4978,zherdevka,GLH,2248
4979,uvarovo,GLH,2248
4980,kirsanov,GLH,2248
4981,penza,GLH,2248
4982,gorodishche,GLH,2248
4983,mokshan,GLH,2248
4984,lunino,GLH,2248
4985,nikolskoye,GLH,2248
4986,malaya_serdoba,GLH,2248
4987,shemysheyka,GLH,2248
4988,chembar,GLH,2248
4989,serdobinskaya,GLH,2248
4990,russky_kameshkir,GLH,2248
4991,atkarsk,GLH,2248
4992,lysye_gory,GLH,2248
4993,yekaterinovka,GLH,2248
4994,balanda,GLH,2248
4995,rtishchevo,GLH,2248
4996,balashov,GLH,2248
4997,turki,GLH,2248
4998,arkadak,GLH,2248
4999,ukek,GLH,2248
5000,sosnovy_ostrov,GLH,2248
5001,malykovka,GLH,2248
5002,novye_burasy,GLH,2248
5003,tereshka,GLH,2248
5004,petrovsk,GLH,2248
5005,lipetsk,GLH,2248
5006,donkov,GLH,2248
5007,usman,GLH,2248
5008,ust_stanovykh_ryas,GLH,2248
5009,izberdey,GLH,2248
5010,teshevka,GLH,2248
5011,kozlov,GLH,2248
5012,samara,GLH,2248
5013,shigony,GLH,2248
5014,morkvash,GLH,2248
5015,khvorostyanka,GLH,2248
5016,stavropol_na_volge,GLH,2248
5017,kondurcha,GLH,2248
5018,pestravka,GLH,2248
5019,poganovka,GLH,2248
5020,alatyr,GLH,2248
5021,bolshoye_murashkino,GLH,2248
5022,perevoz,GLH,2248
5023,sechenovo,GLH,2248
5024,sergach,GLH,2248
5025,spasskoye_lyskovo,GLH,2248
5026,cheboksary,GLH,2248
5027,kozmodemyansk,GLH,2248
5028,alikovo,GLH,2248
5029,vasilsursk,GLH,2248
5030,tsivilsk,GLH,2248
5031,atishchevo,GLH,2248
5032,sviyazhsk,GLH,2248
5033,kurmysh,GLH,2248
5034,khakhaly,GLH,2248
5035,lyskovo,GLH,2248
5036,raznezhye,GLH,2248
5037,voskresenskoye,GLH,2248
5038,simbirsk,GLH,2248
5039,pokrovskoye,GLH,2248
5040,cherdakly,GLH,2248
5041,melekess,GLH,2248
5042,staraya_mayna,GLH,2248
5043,tetyushi,GLH,2248
5044,atrat,GLH,2248
5045,batyrevo,GLH,2248
5046,altyshevo,GLH,2248
5047,troitskoye_kuroedovo,GLH,2248
5048,bazarny_syzgan,GLH,2248
5049,staraya_kulatka,GLH,2248
5050,solovtsovo,GLH,2248
5051,karsun,GLH,2248
5052,promsa,GLH,2248
5053,chamzinka,GLH,2248
5054,saransk,GLH,2248
5055,nizhny_novgorod,NZH,2056
5056,dalneye_konstantinovo,NZH,2056
5057,gorokhovets,NZH,2056
5058,meshchersk,NZH,2056
5059,pestyaki,NZH,2056
5060,rastyapino,NZH,2056
5061,galich,GLM,2040
5062,chukhloma,GLM,2040
5063,nikolo_dor,GLM,2040
5064,parfenyevo,GLM,2040
5065,sol_galichskaya,GLM,2040
5066,sudai,GLM,2040
5067,lake_galichskoye,,
5068,gorodets,GRS,2057
5069,korenevo,GRS,2057
5070,lukh,GRS,2057
5071,vasilyeva_sloboda,GRS,2057
5072,yuryev_povolzhsk,GRS,2057
5073,kadyy,GRS,2057
5074,uren,GLH,2248
5075,tonshayevo,GLH,2248
5076,vetluga,GLH,2248
5077,semyonov,GLH,2248
5078,kovernino,GLH,2248
5079,krasnye_baki,GLH,2248
5080,sharanga,GLH,2248
5081,varnavino,GLH,2248
5082,unzha,GLM,2040
5083,kologriv,GLM,2040
5084,kuzhbal,GLM,2040
5085,manturovo,GLM,2040
5086,pyshchug,GLM,2040
5087,shuya,SZL,2058
5088,ivanovo,SZL,2058
5089,lezhnevo,SZL,2058
5090,vichuga,SZL,2058
5091,starodub_on_the_klyazma,SKY,2055
5092,palekh,SKY,2055
5093,rozhdestveno,SKY,2055
5094,suzdal,SZL,2058
5095,gavrilovskoye,SZL,2058
5096,ilyinskoye_khovanskoye,SZL,2058
5097,yuryev_polsky,YRV,2030
5098,pereyaslavl,MOS,2025
5099,alexandrovskaya_sloboda,MOS,2025
5100,bogorodskoye_pereyaslavl,MOS,2025
5101,kirzhach,MOS,2025
5102,poreevo,MOS,2025
5103,yanovo,MOS,2025
5104,lake_pleshcheyevo,,
5105,rostov,RSO,2034
5106,borisogleb,RSO,2034
5107,petrovsk_rostov,RSO,2034
5108,lake_nero,,
5109,uglich,UGL,2029
5110,koi,UGL,2029
5111,rozhalovo,UGL,2029
5112,vladimir,VLR,2028
5113,moshok,VLR,2028
5114,muromtsevo_murom,VLR,2028
5115,osovets,VLR,2028
5116,sudogda,VLR,2028
5117,vlasovo,VLR,2028
5118,yaropolch,VLR,2028
5119,zolotkovo,VLR,2028
5120,kashin,KAS,2036
5121,kimra,KAS,2036
5122,kesova_gora,KAS,2036
5123,kalyazin,KAS,2036
5124,rzhev,RZH,2041
5125,bor_volgo,RZH,2041
5126,khotoshino,RZH,2041
5127,molodoi_tud,RZH,2041
5128,ostashkov,NOV,2020
5129,lake_volgo,,
5130,torzhok,NOV,2020
5131,bernovo,NOV,2020
5132,kuvshinovo,NOV,2020
5133,mednoye,NOV,2020
5134,tver,TVE,2035
5135,brody_tver,TVE,2035
5136,dubna,KLN,2037
5137,klin,KLN,2037
5138,vertyazin,TVE,2035
5139,zubtsov,ZUB,2038
5140,gorodok,ZUB,2038
5141,kholm_tver,ZUB,2038
5142,lotoshino,ZUB,2038
5143,mikulino_tver,ZUB,2038
5144,yaroslavl,YAR,2033
5145,bolshoye_selo,YAR,2033
5146,danilov,YAR,2033
5147,kurba,YAR,2033
5148,romanov,YAR,2033
5149,sol_velikaya,YAR,2033
5150,ust_sheksna,YAR,2033
5151,gorodetsk,NOV,2020
5152,ramenki,NOV,2020
5153,spas_na_kholmu,NOV,2020
5154,ves_yogonskaya,NOV,2020
5155,yezsk,NOV,2020
5156,buy,KOS,2060
5157,demyanovo,KOS,2060
5158,gryazovets,KOS,2060
5159,lyubim,KOS,2060
5160,kostroma,KOS,2060
5161,nerekhta,KOS,2060
5162,ostrovskoye,KOS,2060
5163,sudislavl,KOS,2060
5164,yakovlevskoye_bolshoye,KOS,2060
5165,mologa,MOG,2061
5166,ilovna,MOG,2061
5167,prozorovo,MOG,2061
5168,beloe,BLO,2032
5169,knyazhich_gorodok,BLO,2032
5170,lukoves,BLO,2032
5171,pokrovskoye_yaroslav,BLO,2032
5172,poshekhonye,BLO,2032
5173,beloozero,BLO,2032
5174,badozhsky,BLO,2032
5175,chuzboy,BLO,2032
5176,goroditse_megra,BLO,2032
5177,koloshma,BLO,2032
5178,lake_beloye,,
5179,lake_kovzhskoye,,
5180,cherepoves,BLO,2032
5181,georgievskoye,BLO,2032
5182,nikolskoye_andoma,BLO,2032
5183,spasskoye,BLO,2032
5184,ust_ugla,BLO,2032
5185,ustyuzhna_zheleznopolskaya,BLO,2032
5186,yorga,BLO,2032
5187,vashki,BLO,2032
5188,charonda,BLO,2032
5189,kirillov,BLO,2032
5190,nikolskoye_kema,BLO,2032
5191,svir_beloozero,BLO,2032
5192,vognema,BLO,2032
5193,lake_vozhe,,
5194,vologda,NOV,2020
5195,arkhangelskoye_vologda,NOV,2020
5196,kubenskoye,NOV,2020
5197,shuyskoye,RSO,2034
5198,ustye,NOV,2020
5199,lake_kubenskoye,,
5200,velsk,NOV,2020
5201,sumino,NOV,2020
5202,tavrenga,NOV,2020
5203,verkhovazhye,NOV,2020
5204,vozhega,NOV,2020
5205,totma,NOV,2020
5206,ust_kuloy,NOV,2020
5207,vekshenga,RSO,2034
5208,tarnogsky_gorodok,NOV,2020
5209,nyuksenitsa,RSO,2034
5210,gorodishna,RSO,2034
5211,ledengskoye,RSO,2034
5212,kunozh,GLM,2040
5213,veliky_ustyug,RSO,2034
5214,porog,RSO,2034
5215,kichmengsky_gorodok,RSO,2034
5216,nikolsk,VYT,2063
5217,pyras,RSO,2034
5218,krasavino,RSO,2034
5219,uftyuga,NOV,2020
5220,verkhnyaya_toyma,NOV,2020
5221,malaya_ilesha,,
5222,vyya,,
5223,koryazhma,NOV,2020
5224,yarensk,NOV,2020
5225,ilyinsko_podomskoye,NOV,2020
5226,russian_wastelands_9,,
5227,zaostrovskoye,RSO,2034
5228,alferovskaya,RSO,2034
5229,ileza,RSO,2034
5230,shangaly,RSO,2034
5231,krasny_bor,RSO,2034
5232,nizhnyaya_toyma,NOV,2020
5233,shenga_kurya,NOV,2020
5234,voznesenskoye,RSO,2034
5235,izboishchi,NOV,2020
5236,babayevo,NOV,2020
5237,belye_kresty,NOV,2020
5238,megrino,NOV,2020
5239,okhona,NOV,2020
5240,ozerevo,NOV,2020
5241,lyubytino,NOV,2020
5242,borovichi,NOV,2020
5243,moshenskoye,NOV,2020
5244,troshovo,NOV,2020
5245,demon,NOV,2020
5246,berezovets,NOV,2020
5247,lyakhovichy,NOV,2020
5248,lyubno,NOV,2020
5249,maryovo,NOV,2020
5250,nalyuchi,NOV,2020
5251,zhabny,NOV,2020
5252,lake_seliger,,
5253,tikhvin,NOV,2020
5254,burga,NOV,2020
5255,khotsy,NOV,2020
5256,lipno_nov,NOV,2020
5257,nebolchi,NOV,2020
5258,pashozero,NOV,2020
5259,pikalyovo,NOV,2020
5260,tervenichi,NOV,2020
5261,megra,NOV,2020
5262,lodenoye_pole,NOV,2020
5263,maselga,NOV,2020
5264,spirkovo,NOV,2020
5265,vinnitsy,NOV,2020
5266,voznesenye,NOV,2020
5267,vyshny_volochyok,NOV,2020
5268,maksatikha,NOV,2020
5269,mikshino,NOV,2020
5270,smerdyn,NOV,2020
5271,udomlya,NOV,2020
5272,novgorod,NOV,2020
5273,gruzino,NOV,2020
5274,mezhutka,NOV,2020
5275,soltsy_kirishi,NOV,2020
5276,staraya_ladoga,NOV,2020
5277,yazhelbitsy,NOV,2020
5278,bologoye,NOV,2020
5279,bronnitsa,NOV,2020
5280,kresttsy,NOV,2020
5281,kulotino,NOV,2020
5282,rakitnya,NOV,2020
5283,valday,NOV,2020
5284,veliky_porog,NOV,2020
5285,staraya_russa,NOV,2020
5286,dolchinyo,NOV,2020
5287,golino,NOV,2020
5288,kosichkoj,NOV,2020
5289,kuretsk,NOV,2020
5290,soltsy,NOV,2020
5291,svinort,NOV,2020
5292,visokoye,NOV,2020
5293,lake_ilmen,,
5294,oreshek,ORE,2022
5295,chudovo,NOV,2020
5296,lisino,NOV,2020
5297,lyuban,NOV,2020
5298,markovo,NOV,2020
5299,martyshkino,NOV,2020
5300,neva,ORE,2022
5301,toksovo,ORE,2022
5302,porkhov,NOV,2020
5303,dubronjo,NOV,2020
5304,gorodets_luga,NOV,2020
5305,lyady,NOV,2020
5306,plyussa,NOV,2020
5307,pribuzh,NOV,2020
5308,staropolye,NOV,2020
5309,zaplyusye,NOV,2020
5310,pskov,PSK,2021
5311,gdov,PSK,2021
5312,izborsk,PSK,2021
5313,kobyle,PSK,2021
5314,meletovo,PSK,2021
5315,prudy,PSK,2021
5316,lake_peipus,,
5317,rzheva_pustaya,NOV,2020
5318,ashevo,NOV,2020
5319,bezhanitsy,NOV,2020
5320,kholm,NOV,2020
5321,podberezye,NOV,2020
5322,velikiye_luki,NOV,2020
5323,vlitsy,NOV,2020
5324,ostrov,PSK,2021
5325,opochka,PSK,2021
5326,sebech,PSK,2021
5327,slavkovitchi,PSK,2021
5328,volodimerets,PSK,2021
5329,voronich,PSK,2021
5330,koporye,NOV,2020
5331,ivangorod,NOV,2020
5332,izori,NOV,2020
5333,khotchino,NOV,2020
5334,moloskovitsa,NOV,2020
5335,soikino,NOV,2020
5336,tesov,NOV,2020
5337,yama,NOV,2020
5338,kargopol,NOV,2020
5339,iksa,NOV,2020
5340,konyovo,NOV,2020
5341,vershinino,NOV,2020
5342,volosovskaya,NOV,2020
5343,lake_kenozero_ark,,
5344,lake_lacha,,
5345,lake_lyokshmozero,,
5346,lake_vodlozero,,
5347,village_onega,NOV,2020
5348,luda,NOV,2020
5349,malye_oserki,NOV,2020
5350,nyonoksa,NOV,2020
5351,priluky,NOV,2020
5352,solovetsky,,
5353,maloshuyka,NOV,2020
5354,sumsky_posad,NOV,2020
5355,unezhma,NOV,2020
5356,vygozero,NOV,2020
5357,russian_wastelands_1,,
5358,lake_kozhozero,,
5359,vaga,NOV,2020
5360,bereznik,NOV,2020
5361,rovdino,NOV,2020
5362,sogra,NOV,2020
5363,ust_vayenga,NOV,2020
5364,yemetsk,NOV,2020
5365,sheleksa,NOV,2020
5366,navolok,NOV,2020
5367,shalakusha,NOV,2020
5368,pudoga,NOV,2020
5369,andomsky_pogost,NOV,2020
5370,chelmuzhi,NOV,2020
5371,shalskii,NOV,2020
5372,vodlozero,NOV,2020
5373,vytegra,NOV,2020
5374,lake_sumozero,,
5375,kholmogory,NOV,2020
5376,arkhangelsk,NOV,2020
5377,pomorye,NOV,2020
5378,ust_pinega,NOV,2020
5379,vaymuga,NOV,2020
5380,brin_navolok,NOV,2020
5381,siya,NOV,2020
5382,kuloy,,
5383,verkhnyaya_zolotitsa,,
5384,koyda,,
5385,pinega,,
5386,russian_wastelands_4,,
5387,russian_wastelands_5,,
5388,russian_wastelands_6,,
5389,okladnikova_sloboda,,
5390,nes,,
5391,khimzha,,
5392,vizhas,,
5393,oma,,
5394,leshukonskoye,,
5395,kanin_peninsula,,
5396,russian_wastelands_8,,
5397,kolguyev,,
5398,lake_peschanka_to,,
5399,zanyukhcha,,
5400,verkola,,
5401,shardonem,,
5402,pokshenga,,
5403,chakola,,
5404,ust_chulasa,,
5405,koptyuga,,
5406,chirki,,
5407,russian_wastelands_7,,
5408,russian_wastelands_2,,
5409,russian_wastelands_10,,
5410,yuzhny,,
5411,lake_lednikovoye,,
5412,lake_goltsovoye,,
5413,kazan,GLH,2248
5414,laish,GLH,2248
5415,calli,GLH,2248
5416,mamadysh,GLH,2248
5417,bogatye_saby,GLH,2248
5418,oli_baraza,GLH,2248
5419,dobyaz,GLH,2248
5420,yaransk,GLH,2248
5421,kiknur,GLH,2248
5422,yoshkar_ola,GLH,2248
5423,kutarka,GLH,2248
5424,sernur,GLH,2248
5425,kabachischi,GLH,2248
5426,morki,GLH,2248
5427,urzhum,GLH,2248
5428,sarapul,PRM,2062
5429,mozhga,PRM,2062
5430,yelabuga,PRM,2062
5431,izhevsk,PRM,2062
5432,vavozh_mozhga,PRM,2062
5433,vyatskiye_polyany,PRM,2062
5434,kilmez,PRM,2062
5435,stelty,PRM,2062
5436,falenki,PRM,2062
5437,uni,PRM,2062
5438,ural_nema,PRM,2062
5439,igra,PRM,2062
5440,dondykar,PRM,2062
5441,yakshur_bodya,PRM,2062
5442,votkings,PRM,2062
5443,vyatka,VYT,2063
5444,ust_cheptsa,VYT,2063
5445,suna,VYT,2063
5446,nikolsky,VYT,2063
5447,verkhoshizhemye,VYT,2063
5448,omutninsk,VYT,2063
5449,nagorsk,VYT,2063
5450,kholunitsky,VYT,2063
5451,kobra,VYT,2063
5452,kirs,PRM,2062
5453,afanasyevo,PRM,2062
5454,orlov,VYT,2063
5455,belozerye,VYT,2063
5456,koksharov,VYT,2063
5457,slobodskoy,VYT,2063
5458,bolshaya_yakshanga,VYT,2063
5459,oparino,VYT,2063
5460,vokhma,VYT,2063
5461,bolghar,GLH,2248
5462,cukataw,GLH,2248
5463,bilyar,GLH,2248
5464,almetyevsk,GLH,2248
5465,zainsk,GLH,2248
5466,sergiyevsk,GLH,2248
5467,koshki,GLH,2248
5468,kamyshla,GLH,2248
5469,bolshoy_cheremshan,GLH,2248
5470,staryi_amanak,GLH,2248
5471,bavly,GLH,2248
5472,bugulma,GLH,2248
5473,buguruslan,GLH,2248
5474,abdulino,GLH,2248
5475,aznakayevo,GLH,2248
5476,syun,GLH,2248
5477,verkhneyarkeyevo,GLH,2248
5478,menzelinsk,GLH,2248
5479,lower_aktanyshbash,GLH,2248
5480,chalninsky_pochinok,GLH,2248
5481,chekmagush,GLH,2248
5482,sorochinskaya,GLH,2248
5483,buzuluk,GLH,2248
5484,grachevka,GLH,2248
5485,bol_shoy_uran,GLH,2248
5486,malyy_uran,GLH,2248
5487,sadak,GLH,2248
5488,s_ezzaja,GLH,2248
5489,bogatoye,GLH,2248
5490,chishmy,GLH,2248
5491,ulukulevo,GLH,2248
5492,davlekanovo,GLH,2248
5493,bizhbulyak,GLH,2248
5494,turkmenevo,GLH,2248
5495,sterlibashevo,GLH,2248
5496,sterlitamak,GLH,2248
5497,meleuz,GLH,2248
5498,tabynsky,GLH,2248
5499,ishimbay,GLH,2248
5500,beloretsk,GLH,2248
5501,kapova_pesera,GLH,2248
5502,siberian_wasteland_2,,
5503,siberian_wasteland_3,,
5504,krasnaya_gorka,GLH,2248
5505,belekes,GLH,2248
5506,bolshoy_ik,GLH,2248
5507,ust_katav,GLH,2248
5508,mesyagutovo,GLH,2248
5509,zlatoust,GLH,2248
5510,karagay,PRM,2062
5511,siva,PRM,2062
5512,nytva,PRM,2062
5513,kudymkar,PRM,2062
5514,chyormoz,PRM,2062
5515,ochyor,PRM,2062
5516,okhannoye,PRM,2062
5517,chastye,PRM,2062
5518,debyosy,PRM,2062
5519,stepanenki,PRM,2062
5520,usolye,PRM,2062
5521,yusva,PRM,2062
5522,kelich,PRM,2062
5523,kosa_perm,PRM,2062
5524,gayny,PRM,2062
5525,perm_forest,,
5526,perm,PRM,2062
5527,kungur,PRM,2062
5528,aspa,PRM,2062
5529,orda,PRM,2062
5530,suksun,PRM,2062
5531,beryozovka,PRM,2062
5532,lysva,PRM,2062
5533,ust_kishert,PRM,2062
5534,kizel,PRM,2062
5535,gubakha,PRM,2062
5536,dobryanka,PRM,2062
5537,solikamsk,PRM,2062
5538,bisert,,
5539,arti,,
5540,archit,,
5541,krasnoufimsk,,
5542,nyazepetrovsk,,
5543,sverdlovsk_forest_1,,
5544,ufa,GLH,2248
5545,askino,GLH,2248
5546,baltas,GLH,2248
5547,burayevo,GLH,2248
5548,perm_forest_3,,
5549,kasevo,PRM,2062
5550,yanaul,PRM,2062
5551,tatyshly,PRM,2062
5552,saygatsky,PRM,2062
5553,yelovo,PRM,2062
5554,osa,PRM,2062
5555,ust_sysola,PRM,2062
5556,kortkeros,PRM,2062
5557,ust_vym,PRM,2062
5558,zheshart,PRM,2062
5559,bolshaya_laptyuga,,
5560,vashka,,
5561,mezen,,
5562,lalsk,VYT,2063
5563,podosinovets,VYT,2063
5564,obyachevo,VYT,2063
5565,koygorodok,PRM,2062
5566,vizinga,PRM,2062
5567,siberian_wasteland_1,,
5568,cherdyn,PRM,2062
5569,lupya,PRM,2062
5570,ust_kulom,PRM,2062
5571,chernaya,PRM,2062
5572,nyrob,PRM,2062
5573,vorkuta,,
5574,pechora,,
5575,usa_reka,,
5576,siberian_wasteland_4,,
5577,ural_mountains,,
5578,ural_mountains2,,
5579,ural_forest,,
5580,izhma,,
5581,ust_tsilma,,
5582,pustozersk,,
5583,nenets,,
5584,west_siberian_forests,,
5585,lake_golodnaya_guba,,
5586,vukyl,PRM,2062
5587,troitsko_pechorsk,PRM,2062
5588,ukhta,PRM,2062
5589,uktus,,
5590,kalatay,,
5591,rezh,,
5592,pervouralsk,,
5593,nizhny_tagil,,
5594,nizhnyaya_salda,,
5595,kushva,,
5596,novaya_lyalya,,
5597,turyinskiye_rudniki,,
5598,sosva,,
5599,verkhoturye,,
5600,ponil,,
5601,ivdel,,
5602,pelym,,
5603,gari,,
5604,pelymskiy_tuman,,
5605,turinsk,,
5606,baykalovo,,
5607,irbit,,
5608,alapayevsk,,
5609,verkhnyaya_sinyachikha,,
5610,sankina,,
5611,tabory,,
5612,kamyshlov,,
5613,yegorshin_povytok,,
5614,kamensky_zavod,,
5615,kataysky,,
5616,talitsa,,
5617,kaslinsky,,
5618,kyshtym,,
5619,chelyaba,,
5620,polevskoy,,
5621,uyelgi,,
5622,irtyash,,
5623,uvildy,,
5624,gorizia,GOR,226
5625,tolmin,AQU,1451
5626,trieste,TTE,1519
5627,julian_alps,,
5628,novo_mesto,HAB,2146
5629,ilirska_bistrica,AQU,1451
5630,kocevje,ORT,2212
5631,metlika,GOR,226
5632,postojna,HAB,2146
5633,ljubljana,HAB,2146
5634,bled,BXN,2213
5635,kranj,HAB,2146
5636,skofja_loka,FRE,2184
5637,bjelovar,HUN,381
5638,koprivnica,HUN,381
5639,kutina,HUN,381
5640,pakrac,HUN,381
5641,vaska,HUN,381
5642,virovitica,HUN,381
5643,vukovar,HUN,381
5644,ilok,HUN,381
5645,osijek,HUN,381
5646,petrovaradin,HUN,381
5647,pozega,HUN,381
5648,sremska_mitrovica,HUN,381
5649,zagreb,HUN,381
5650,karlovac,HUN,381
5651,petrinja,HUN,381
5652,sisak,HUN,381
5653,slunj,HUN,381
5654,varazdin,HUN,381
5655,pola,VEN,1522
5656,buzet,AQU,1451
5657,pazin,GOR,226
5658,rovinj,VEN,1522
5659,senj,CRO,196
5660,crikvenica,CRO,196
5661,kaseg,CRO,196
5662,krk,CRO,196
5663,otocac,CRO,196
5664,pag,VEN,1522
5665,rijeka,AQU,1451
5666,dinaric_alps9,,
5667,knin,CRO,196
5668,novigrad,CRO,196
5669,sibenik,CRO,196
5670,sinj,CRO,196
5671,zadar,VEN,1522
5672,dinaric_alps1,,
5673,dubrovnik,RAG,213
5674,brac,VEN,1522
5675,makarska,BOS,212
5676,metkovic,BOS,212
5677,lastovo_island_wasteland,,
5678,slano,RAG,213
5679,split,VEN,1522
5680,vrhbosna,BOS,212
5681,borac,BOS,212
5682,konjic,BOS,212
5683,olovo,BOS,212
5684,srebrenica,BOS,212
5685,zenica,BOS,212
5686,dinaric_alps2,,
5687,dinaric_alps3,,
5688,jajce,BOS,212
5689,glamoc,BOS,212
5690,kljuc,BOS,212
5691,livno,BOS,212
5692,trebinje,SER,206
5693,drijeva,BOS,212
5694,gacko,SER,206
5695,mostar,BOS,212
5696,nevesinje,BOS,212
5697,dinaric_alps4,,
5698,ustikolina,SER,206
5699,pljevlja,SER,206
5700,soko_grad,SER,206
5701,dinaric_alps5,,
5702,dinaric_alps6,,
5703,bihac,CRO,196
5704,dubica,HUN,381
5705,gradiski_brod,HUN,381
5706,kozara,BOS,212
5707,srb,CRO,196
5708,doboj,BOS,212
5709,glaz,BOS,212
5710,soli,BOS,212
5711,srebrenik,BOS,212
5712,teocak,BOS,212
5713,branicevo,SER,206
5714,kucevo,SER,206
5715,ravno,SER,206
5716,peja,SER,206
5717,gjakova,SER,206
5718,mitrovica,SER,206
5719,novo_brdo,SER,206
5720,pristina,SER,206
5721,prizren,SER,206
5722,dinaric_alps8,,
5723,debrc,HUN,381
5724,krupanj,SER,206
5725,sabac,HUN,381
5726,valjevo,SER,206
5727,nis,SER,206
5728,glubocica,SER,206
5729,medveda,SER,206
5730,prokuplje,SER,206
5731,vranje,SER,206
5732,balkan_mountains3,,
5733,trgoviste_SER,SER,206
5734,brskovo,SER,206
5735,brvenik,SER,206
5736,budimlja,SER,206
5737,sjenica,SER,206
5738,dinaric_alps7,,
5739,belgrad,HUN,381
5740,smederevo,SER,206
5741,rudnik,SER,206
5742,krusevac,SER,206
5743,jagodina,SER,206
5744,stalac,SER,206
5745,zica,SER,206
5746,podgorica,SER,206
5747,bar_cg,SER,206
5748,gradina,SER,206
5749,kotor,SER,206
5750,onogost,SER,206
5751,lake_skadar,,
5752,uzice,SER,206
5753,arilje,SER,206
5754,gradac,SER,206
5755,prijepolje,SER,206
5756,visegrad,SER,206
5757,babadag,BUL,214
5758,cernavoda,BUL,214
5759,constanta,BUL,214
5760,enisala,BUL,214
5761,isaccea,BUL,214
5762,tulcea,BUL,214
5763,harsova,BUL,214
5764,pleven,BUL,214
5765,bozhenitsa,BUL,214
5766,dobrolak,BUL,214
5767,gigen,BUL,214
5768,hotalich,BUL,214
5769,lovech,BUL,214
5770,oryahovo,BUL,214
5771,balkan_mountains5,,
5772,balkan_mountains6,,
5773,veliki_preslav,BUL,214
5774,ktenia,BUL,214
5775,ovech,BUL,214
5776,razgrad,BUL,214
5777,shumen,BUL,214
5778,targoviste_BUL,BUL,214
5779,varna,BUL,214
5780,sredets,BUL,214
5781,dupnitsa,BUL,214
5782,pirot,BUL,214
5783,tsaribrod,BUL,214
5784,velbuzd,SER,206
5785,samokov,BUL,214
5786,svoge,BUL,214
5787,zemlungrad,BUL,214
5788,balkan_mountains4,,
5789,karvuna,BUL,214
5790,drastar,BUL,214
5791,kaliakra,BUL,214
5792,kladentsi,BUL,214
5793,pangalia,BUL,214
5794,tutrakan,BUL,214
5795,tarnovo,BUL,214
5796,cherven,BUL,214
5797,lyaskovets,BUL,214
5798,nikopol,BUL,214
5799,ruse,BUL,214
5800,tryavna,BUL,214
5801,vidin,BUL,214
5802,archar,BUL,214
5803,kozelj,BUL,214
5804,kutlovitsa,BUL,214
5805,lom,BUL,214
5806,svrljig,BUL,214
5807,visesav,BUL,214
5808,vratsa,BUL,214
5809,balkan_mountains1,,
5810,balkan_mountains2,,
5811,edessa,BYZ,203
5812,giannitsa,BYZ,203
5813,gynaikokastro,BYZ,203
5814,hatera,BYZ,203
5815,kilkis,BYZ,203
5816,veria,BYZ,203
5817,thessaloniki,BYZ,203
5818,kassandreia,BYZ,203
5819,mount_athos,BYZ,203
5820,polygyros,BYZ,203
5821,lake_volvi,,
5822,serres,BYZ,203
5823,drama,BYZ,203
5824,kavala,BYZ,203
5825,rentina,BYZ,203
5826,thasos,BYZ,203
5827,lake_achinos,,
5828,melnik,BUL,214
5829,bansko,BUL,214
5830,krupnik,BUL,214
5831,dospat,BUL,214
5832,nevrokop,BUL,214
5833,rhodope_mountains1,,
5834,rhodope_mountains2,,
5835,rhodope_mountains3,,
5836,rhodope_mountains4,,
5837,prilep,SER,206
5838,bitola,SER,206
5839,florina,SER,206
5840,kicevo,SER,206
5841,ohrid,SER,206
5842,tetovo,SER,206
5843,lake_ohrid,,
5844,lake_prespa,,
5845,pindus_mountains1,,
5846,pindus_mountains2,,
5847,pindus_mountains3,,
5848,pindus_mountains4,,
5849,pindus_mountains8,,
5850,grevena,BYZ,203
5851,kastoria,BYZ,203
5852,servia,BYZ,203
5853,siatista,BYZ,203
5854,ostrovo,BYZ,203
5855,pindus_mountains5,,
5856,pindus_mountains9,,
5857,pindus_mountains10,,
5858,skopje,SER,206
5859,prosek,SER,206
5860,kocani,SER,206
5861,kratovo,SER,206
5862,kumanovo,SER,206
5863,shtip,SER,206
5864,strumica,SER,206
5865,veles,SER,206
5866,burgas,BUL,214
5867,anhialo,BUL,214
5868,aytos,BUL,214
5869,lardeja,BUL,214
5870,rusokastro,BUL,214
5871,sozopol,BUL,214
5872,constantinople,BYZ,203
5873,vize,BYZ,203
5874,catalca,BYZ,203
5875,silivri,BYZ,203
5876,corlu,BYZ,203
5877,gallipoli,BYZ,203
5878,enez,BYZ,203
5879,hayrabolu,BYZ,203
5880,malgara,BYZ,203
5881,rodoscuk,BYZ,203
5882,kesan,BYZ,203
5883,edirne,BYZ,203
5884,ahtopol,BYZ,203
5885,luleburgaz,BYZ,203
5886,kiyikoy,BYZ,203
5887,kirklareli,BYZ,203
5888,demotica,BYZ,203
5889,komotini,BYZ,203
5890,traianopolis,BYZ,203
5891,xanthia,BYZ,203
5892,stanimaka,BUL,214
5893,beden,BUL,214
5894,haskovo,BUL,214
5895,ormenio,BYZ,203
5896,perperek,BUL,214
5897,smolyan,BUL,214
5898,ustra,BYZ,203
5899,rhodope_mountains5,,
5900,rhodope_mountains6,,
5901,sliven,BUL,214
5902,boruy,BUL,214
5903,bukelon,BYZ,203
5904,constantia_bul,BUL,214
5905,elhovo,BUL,214
5906,hiambouli,BUL,214
5907,plovdiv,BUL,214
5908,kostenets,BUL,214
5909,kran,BUL,214
5910,stipon,BUL,214
5911,strelcha,BUL,214
5912,tsepina,BUL,214
5913,durres,ALB,207
5914,ballsh,MZK,209
5915,berat,BYZ,203
5916,debar,SER,206
5917,devol,BYZ,203
5918,elbasan,ANT,210
5919,kavaje,MTR,211
5920,kruje,THP,208
5921,tirana,THP,208
5922,shkoder,SER,206
5923,dukagjini,SER,206
5924,has,SER,206
5925,koman,SER,206
5926,lezha,SER,206
5927,avlonya,EPI,202
5928,argyrokastro,EPI,202
5929,butrint,ALB,207
5930,kleisoura_epirus,EPI,202
5931,konitsa,EPI,202
5932,pindus_mountains6,,
5933,angelokastron,EPI,202
5934,karpenisi,EPI,202
5935,loidoriki,SAO,223
5936,nafpaktos,ACH,197
5937,salona,SAO,223
5938,vonitsa,ARG,219
5939,lake_trichonida,,
5940,pindus_mountains11,,
5941,pindus_mountains12,,
5942,athens,ATH,198
5943,atalanti,ATH,198
5944,livadeia,ATH,198
5945,megara,ATH,198
5946,thebes,ATH,198
5947,lake_kopais,,
5948,corfu,ALB,207
5949,cephalonia,CEP,199
5950,leukas,ARG,219
5951,zakynthos,CEP,199
5952,neopatras,NEO,217
5953,bodonitsa,BOD,218
5954,gravia,ATH,198
5955,zetounion,NEO,217
5956,arta,EPI,202
5957,ioannina,EPI,202
5958,parga,EPI,202
5959,preveza,EPI,202
5960,pyli,BYZ,203
5961,pindus_mountains7,,
5962,larissa,BYZ,203
5963,demetrias,BYZ,203
5964,elassona,BYZ,203
5965,farsala,BYZ,203
5966,karditsa,BYZ,203
5967,stomio,BYZ,203
5968,trikala,BYZ,203
5969,tyrnavos,BYZ,203
5970,mount_olympos,,
5971,patras,PAT,228
5972,chalandritsa,PAT,228
5973,kalavryta,ACH,197
5974,vostitsa,ACH,197
5975,tripolitsa,BYZ,203
5976,karytaina,BYZ,203
5977,veligosti,BYZ,203
5978,argos,ARG,219
5979,astros,BYZ,203
5980,ermioni,ACH,197
5981,nafplio,ARG,219
5982,corinth,ACH,197
5983,damala,ACH,197
5984,xylokastro,ACH,197
5985,peloponnesian_mountains1,,
5986,andravida,ACH,197
5987,andritsaina,ACH,197
5988,pontikokastro,ACH,197
5989,mystras,BYZ,203
5990,kythira,VEN,1522
5991,monemvasia,BYZ,203
5992,oitylo,BYZ,203
5993,kalamata,ACH,197
5994,kyparissia,ACH,197
5995,leuktron,BYZ,203
5996,modon,VEN,1522
5997,peloponnesian_mountains2,,
5998,chios,BYZ,203
5999,ikaria,BYZ,203
6000,samos,BYZ,203
6001,candia,CRT,221
6002,chania,CRT,221
6003,elounda,CRT,221
6004,gergeri,CRT,221
6005,hagios_pavlos,CRT,221
6006,rethymno,CRT,221
6007,siteia,CRT,221
6008,viannos,CRT,221
6009,negroponte,NEG,222
6010,eretreia,NEG,222
6011,karystos,SAO,223
6012,kleisoura,NEG,222
6013,kymi,NEG,222
6014,oreos,NEG,222
6015,mitilene,BYZ,203
6016,molyvos,BYZ,203
6017,imbros,BYZ,203
6018,lemnos,BYZ,203
6019,sporades,BYZ,203
6020,naxos,NAX,201
6021,amorgos,VEN,1522
6022,andros,VEN,1522
6023,kythnos,NAX,201
6024,milos,NAX,201
6025,mykonos,VEN,1522
6026,rodos,KNI,220
6027,karpathos,VEN,1522
6028,kos,KNI,220
6029,romagna_coast,,
6030,po_delta,,
6031,gulf_venice,,
6032,cape_kamenjak,,
6033,kvarner_gulf,,
6034,zadar_strait,,
6035,murter_strait,,
6036,conero_cape,,
6037,abruzzo_coast,,
6038,gulf_kastela,,
6039,korcula_strait,,
6040,gulf_manfredonia,,
6041,penne_cape,,
6042,tremiti_islands,,
6043,bay_kotor,,
6044,drin_bay,,
6045,strait_otranto,,
6046,maria_leuca_cape,,
6047,coast_corfu,,
6048,gulf_taranto,,
6049,ambracian_gulf,,
6050,gulf_patras,,
6051,gulf_corinth,,
6052,strait_messina,,
6053,gulf_catania,,
6054,gulf_noto,,
6055,spartivento_cape,,
6056,gulf_squillace,,
6057,coast_cephalonia,,
6058,kyparissia_gulf,,
6059,messinia_gulf,,
6060,lakonikos_gulf,,
6061,ionian_sea1,,
6062,ionian_sea2,,
6063,ionian_sea3,,
6064,ionian_sea4,,
6065,prasonisi_cape,,
6066,sideros_cape,,
6067,chania_bay,,
6068,gulf_mirambelos,,
6069,karpathian_sea,,
6070,east_cyclades,,
6071,south_cyclades,,
6072,west_cyclades,,
6073,saronic_gulf,,
6074,argolic_gulf,,
6075,myrtoan_sea,,
6076,gulf_smyrna,,
6077,edremit_gulf,,
6078,gulf_kusadasi,,
6079,cape_mesta,,
6080,icarian_sea,,
6081,dardanelles,,
6082,gulf_izmit,,
6083,thracian_sea,,
6084,gulf_saros,,
6085,strymonian_gulf,,
6086,cape_lecton,,
6087,singitic_gulf,,
6088,thermaic_gulf,,
6089,gulf_kassandreia,,
6090,gulf_kymi,,
6091,sporades_sea,,
6092,euboic_sea,,
6093,petalion_gulf,,
6094,cape_caphereus,,
6095,fayzabad,BKH,1028
6096,araska,QUN,1937
6097,jurm,BKH,1028
6098,sar_sang,BKH,1028
6099,zebak,BKH,1028
6100,hindu_kush2,,
6101,hindu_kush3,,
6102,hindu_kush4,,
6103,pamir3,,
6104,qalai_khumb,BKH,1028
6105,kham_bahar,BKH,1028
6106,ragh,BKH,1028
6107,vanch,BKH,1028
6108,pamir4,,
6109,pamir5,,
6110,pamir6,,
6111,hissar,SLD,1941
6112,aiwanj,SLD,1941
6113,basand,SLD,1941
6114,darzanji,SLD,1941
6115,denov,SLD,1941
6116,qubodijon,SLD,1941
6117,shuman,SLD,1941
6118,termez,SLD,1941
6119,kulob,QUN,1937
6120,farkhor,KTT,1944
6121,hulbuk,KTT,1944
6122,munk,QUN,1937
6123,vakhs,KTT,1944
6124,wesgird,KTT,1944
6125,gharm,KRG,1030
6126,daroot_korgon,KRG,1030
6127,karakol,KRG,1030
6128,muksu,KRG,1030
6129,sangvor,KRG,1030
6130,karakul_lake,,
6131,shighnan,BKH,1028
6132,gunt,BKH,1028
6133,murghab,BKH,1028
6134,oksu,BKH,1028
6135,shiveh,BKH,1028
6136,vamar,BKH,1028
6137,pamir7,,
6138,pamir8,,
6139,qila_panjeh,BKH,1028
6140,ishkashim,BKH,1028
6141,roshtqala,BKH,1028
6142,sarhad,BKH,1028
6143,hindu_kush5,,
6144,hindu_kush6,,
6145,hindu_kush7,,
6146,bakanas,GLH,2248
6147,ashchyozek,GLH,2248
6148,dagandely,GLH,2248
6149,koksala,GLH,2248
6150,sayak,GLH,2248
6151,baytak,GLH,2248
6152,ilek,GLH,2248
6153,kargaly_aktobe,GLH,2248
6154,kobda,GLH,2248
6155,irgiz,GLH,2248
6156,chet_irgiz,GLH,2248
6157,karasay,GLH,2248
6158,kayrakty,GLH,2248
6159,sazanbay,GLH,2248
6160,zhuban_ana,GLH,2248
6161,kaip_ata,GLH,2248
6162,karagau,GLH,2248
6163,korgan,GLH,2248
6164,maulimberdy,GLH,2248
6165,gebergeyel,GLH,2248
6166,irek,GLH,2248
6167,khaiylmysh,GLH,2248
6168,khaqmar,GLH,2248
6169,shikashin,GLH,2248
6170,yuldibay,GLH,2248
6171,ushkan,GLH,2248
6172,koskuduk,GLH,2248
6173,manysai,GLH,2248
6174,shagan,GLH,2248
6175,zhaksy_karasay,GLH,2248
6176,tagatay,GLH,2248
6177,dandybay,GLH,2248
6178,karabay,GLH,2248
6179,smai_samkai,GLH,2248
6180,yegindybulak,GLH,2248
6181,kurgaldzhin_lake,,
6182,sarykopa,GLH,2248
6183,karasu,GLH,2248
6184,saryozen,GLH,2248
6185,ulkayak,GLH,2248
6186,kiikkol_lake,,
6187,sarykopa_lake,,
6188,bolgan_ana,GLH,2248
6189,aitbulat,GLH,2248
6190,belen_ana,GLH,2248
6191,talmas_ata,GLH,2248
6192,aqkol_lake,,
6193,arys_lake,,
6194,karakoyin_lake,,
6195,shalkarteniz_lake,,
6196,aral_karakum_desert,,
6197,hunger_steppe,,
6198,tas_kichu,GLH,2248
6199,kaynar,GLH,2248
6200,shagiz,GLH,2248
6201,tenteksor,GLH,2248
6202,tengiz,GLH,2248
6203,kon_tengiz,GLH,2248
6204,kulanotpes,GLH,2248
6205,sonaly,GLH,2248
6206,tengiz_lake,,
6207,tokrau,GLH,2248
6208,espe,GLH,2248
6209,kusak,GLH,2248
6210,zhamankul,GLH,2248
6211,aybas,GLH,2248
6212,kabyrga,GLH,2248
6213,karaturgay,GLH,2248
6214,turgay,GLH,2248
6215,zhaldama,GLH,2248
6216,ayrkol_lake,,
6217,mavliberda,GLH,2248
6218,kiyl,GLH,2248
6219,koptam,GLH,2248
6220,uil,GLH,2248
6221,orda_bazar,GLH,2248
6222,alashakhan,GLH,2248
6223,baskamyr,GLH,2248
6224,ulytau,GLH,2248
6225,emba,GLH,2248
6226,atzhaksy,GLH,2248
6227,shatyrlysay,GLH,2248
6228,temir,GLH,2248
6229,namjan,GLH,2248
6230,atach,GLH,2248
6231,or_aktobe,GLH,2248
6232,ishkul,GLH,2248
6233,kumak,GLH,2248
6234,suyunduk,GLH,2248
6235,tanalyk,GLH,2248
6236,yaik,GLH,2248
6237,zhamshy,GLH,2248
6238,kashkanteniz,GLH,2248
6239,kyzylsay,GLH,2248
6240,moiynty,GLH,2248
6241,mukur,GLH,2248
6242,marv_al_rudh,KRT,1902
6243,ghormach,KRT,1902
6244,jawand,KRT,1902
6245,kusk,KRT,1902
6246,kusk_kohneh,KRT,1902
6247,qala_kohistan,KRT,1902
6248,qala_naw,KRT,1902
6249,qasr_ahnaf,KRT,1902
6250,balkh,SLD,1941
6251,aqca,SLD,1941
6252,boyena_qara,SLD,1941
6253,khamyab,SLD,1941
6254,khulm,SLD,1941
6255,mazar_i_sharif,SLD,1941
6256,samangan,SLD,1941
6257,zadian,SLD,1941
6258,bamyan,QUN,1937
6259,andarab,QUN,1937
6260,bagram,QUN,1937
6261,charikar,QUN,1937
6262,istalif,QUN,1937
6263,kahmard,QUN,1937
6264,panjshir,QUN,1937
6265,yakawlang,QUN,1937
6266,hindu_kush1,,
6267,paropamisus_mountains4,,
6268,herat,KRT,1902
6269,awbeh,KRT,1902
6270,chishti_sarif,KRT,1902
6271,firozkoh,KRT,1902
6272,karokh,KRT,1902
6273,pushang,KRT,1902
6274,tulak,KRT,1902
6275,paropamisus_mountains7,,
6276,kunduz,QUN,1937
6277,arkhan,APD,1940
6278,ashkamesh,QUN,1937
6279,baghlan,QUN,1937
6280,kishim,QUN,1937
6281,taleqan,QUN,1937
6282,maymana,ART,1939
6283,andkhoy,APD,1940
6284,chiras,APD,1940
6285,dawlat_abad,ART,1939
6286,qaisar,ART,1939
6287,sangcharak,APD,1940
6288,sar_pol,APD,1940
6289,sheberghan,APD,1940
6290,paropamisus_mountains1,,
6291,merv,MRV,1933
6292,barkdiz,KRT,1902
6293,pandjih,KRT,1902
6294,karakum_desert3,,
6295,karakum_desert4,,
6296,karakum_desert5,,
6297,karakum_desert6,,
6298,kath,YSU,1943
6299,khurgancha,GLH,2248
6300,pulzhai,GLH,2248
6301,qonirat,GLH,2248
6302,shimbay,GLH,2248
6303,xojeli,GLH,2248
6304,aral_sea,,
6305,khiva,YSU,1943
6306,darganata,YSU,1943
6307,hazarasp,YSU,1943
6308,urgench,GLH,2248
6309,kyat_kala,YSU,1943
6310,nyzvar,YSU,1943
6311,vezir,GLH,2248
6312,kattashor_lake,,
6313,karakum_desert1,,
6314,masat_ata,GLH,2248
6315,beket_ata,GLH,2248
6316,beki,GLH,2248
6317,kenderli_kayasan,GLH,2248
6318,koshkar_ata,GLH,2248
6319,temir_baba,GLH,2248
6320,karagiye_lake,,
6321,ketik_kala,GLH,2248
6322,kabakty,GLH,2248
6323,karatobe_mangyshlak,GLH,2248
6324,kyzylkala,GLH,2248
6325,dead_kultuk,,
6326,dead_kultuk_sor,,
6327,beleuli,GLH,2248
6328,kyushe,GLH,2248
6329,sam,GLH,2248
6330,shuruk,GLH,2248
6331,sisem_ata,GLH,2248
6332,uchkuduk,GLH,2248
6333,sarygamysh_lake,,
6334,ust_yurt_lakes,,
6335,ust_yurt_plateau1,,
6336,ust_yurt_plateau2,,
6337,orta_kuyu,GRG,1904
6338,talaikhan_ata,GRG,1904
6339,uzboy,GRG,1904
6340,big_balkhan,,
6341,akhsikath,CHG,897
6342,asht,CHG,897
6343,karasuu,CHG,897
6344,kasan,CHG,897
6345,kerben,CHG,897
6346,pop_fargana,CHG,897
6347,amol_turkmenabad,BRL,1942
6348,alat,YSU,1943
6349,daya_kathyn,YSU,1943
6350,paykend,YSU,1943
6351,vardanzi,YSU,1943
6352,andijan,CHG,897
6353,arslanbob,CHG,897
6354,gulcha,CHG,897
6355,jalalabad_fergana,CHG,897
6356,uzkand,CHG,897
6357,bukhara,YSU,1943
6358,chiroqchi,BRL,1942
6359,firabr,BRL,1942
6360,kish_shahrisabz,BRL,1942
6361,koson,BRL,1942
6362,muborak,BRL,1942
6363,paikend,BRL,1942
6364,tim_samarkand,YSU,1943
6365,dengizkul_lake,,
6366,chach,CHG,897
6367,almalik_chach,CHG,897
6368,altyntobe,CHG,897
6369,bogiston,CHG,897
6370,burchmullo,CHG,897
6371,fanakat,CHG,897
6372,nuket,CHG,897
6373,tian_shan14,,
6374,tian_shan15,,
6375,fergana,CHG,897
6376,marghinan,CHG,897
6377,osh,CHG,897
6378,quva,CHG,897
6379,rishton,CHG,897
6380,tian_shan7,,
6381,isbijab,CHG,897
6382,arsubaniket,CHG,897
6383,badam,CHG,897
6384,karabulak,CHG,897
6385,kazatlyk,CHG,897
6386,shymkent,CHG,897
6387,jizzakh,JLY,1945
6388,pishagar,JLY,1945
6389,ura_tyube,JLY,1945
6390,zomin,JLY,1945
6391,tuzkan_lake,,
6392,kelif,SLD,1941
6393,akhsisek,BRL,1942
6394,guzor,BRL,1942
6395,kerki,BRL,1942
6396,khoja_idat_kala,BRL,1942
6397,nasaf,BRL,1942
6398,navidakh,BRL,1942
6399,khujand,JLY,1945
6400,dakhkat,JLY,1945
6401,isfara,JLY,1945
6402,kokand,JLY,1945
6403,konibodom,JLY,1945
6404,koshoy_korgon,CHG,897
6405,cholok_kaiyn,CHG,897
6406,chon_naryn,CHG,897
6407,jumgal,CHG,897
6408,ketmen_tobe,CHG,897
6409,naryn,CHG,897
6410,chatyr_kol_lake,,
6411,song_kul_lake,,
6412,tian_shan8,,
6413,tian_shan9,,
6414,tian_shan11,,
6415,tian_shan12,,
6416,tian_shan13,,
6417,nurota,YSU,1943
6418,ishtixon,YSU,1943
6419,karmana,YSU,1943
6420,primkent,YSU,1943
6421,yangirabod,YSU,1943
6422,otrar,CHG,897
6423,artyk_ata,CHG,897
6424,kyr_uzkand,CHG,897
6425,mardankuyik,CHG,897
6426,sutkent,CHG,897
6427,zemukh,CHG,897
6428,zhaushikumtobe,CHG,897
6429,vpadina_ayakalytma_lake,,
6430,kyzylkum_desert,,
6431,samarkand,YSU,1943
6432,ayni,YSU,1943
6433,dimishk,YSU,1943
6434,panjakent,YSU,1943
6435,hissar_mountains1,,
6436,hissar_mountains2,,
6437,hissar_mountains3,,
6438,sighnaq,GLH,2248
6439,asanas,GLH,2248
6440,barchkend,GLH,2248
6441,jand,GLH,2248
6442,kamyskala,GLH,2248
6443,turkestan,CHG,897
6444,aktas_kystagy,CHG,897
6445,baydibek_ata,CHG,897
6446,ikan,CHG,897
6447,karnak,CHG,897
6448,sawran,CHG,897
6449,shilik,CHG,897
6450,yangikent,GLH,2248
6451,buzikkala,GLH,2248
6452,jubara,GLH,2248
6453,karmakshi,GLH,2248
6454,qamystybas_lake,,
6455,bojnord,GRG,1904
6456,khabushan,GRG,1904
6457,quchan,JKR,1929
6458,raz,GRG,1904
6459,samalqan,GRG,1904
6460,shirvan_iran,GRG,1904
6461,esfarayen,SFR,1930
6462,agh_qala,SBZ,1931
6463,azadvar,SFR,1930
6464,bam_esfarayen,SFR,1930
6465,jajarm,SFR,1930
6466,meshkan_khorasan,JKR,1929
6467,shoqan,SFR,1930
6468,faraveh,GRG,1904
6469,dehistan,GRG,1904
6470,ganlygala,GRG,1904
6471,gazanjyk,GRG,1904
6472,jargalan,GRG,1904
6473,maraveh,GRG,1904
6474,sarlawuk,GRG,1904
6475,small_balkhan,,
6476,konjikala,GRG,1904
6477,anew,GRG,1904
6478,dargaz,GRG,1904
6479,durun,GRG,1904
6480,karakum_desert2,,
6481,mashhad,JKR,1929
6482,farhadgerd,JKR,1929
6483,mazdaran,JKR,1929
6484,radkan,JKR,1929
6485,tus,JKR,1929
6486,nishapur,JKR,1929
6487,fadisheh,JKR,1929
6488,kadkan,JKR,1929
6489,pivehzhan,JKR,1929
6490,khorasan_mountains1,,
6491,khorasan_mountains2,,
6492,sabzevar,SBZ,1931
6493,beyarjomand,SRB,1903
6494,farumad,SBZ,1931
6495,haresabad,SRB,1903
6496,kharturan,SRB,1903
6497,meyami,SFR,1930
6498,tejend,JKR,1929
6499,abiward,JKR,1929
6500,kalat_nader,JKR,1929
6501,sarakhs,JKR,1929
6502,torbat_e_jam,KRT,1902
6503,bakharz,KRT,1902
6504,fariman,KRT,1902
6505,mashhad_rizeh,KRT,1902
6506,salehabad,KRT,1902
6507,tamdy,CHG,897
6508,akkesene,CHG,897
6509,baba_ata,CHG,897
6510,nurlykent,CHG,897
6511,saudakent,CHG,897
6512,shavgar,CHG,897
6513,sholakkorgan,CHG,897
6514,akkol_lake,,
6515,bilikol_lake,,
6516,almaliq,CHG,897
6517,gulja,CHG,897
6518,narat,CHG,897
6519,nilka,CHG,897
6520,tokkuztara,CHG,897
6521,borohoro2,,
6522,tian_shan6,,
6523,wusun,,
6524,almaty,CHG,897
6525,boyauli,CHG,897
6526,karakastek,CHG,897
6527,karamergen,CHG,897
6528,kargaly,CHG,897
6529,kurty,CHG,897
6530,shengeldy,CHG,897
6531,talkhir,CHG,897
6532,balkhash_lake,,
6533,sorbulaq_lake,,
6534,saryesik_atyrau_desert,,
6535,taukum_desert,,
6536,tian_shan10,,
6537,balasagun,CHG,897
6538,dzhul,CHG,897
6539,harandzuvan,CHG,897
6540,kysmyci,CHG,897
6541,nuzket,CHG,897
6542,sargau,CHG,897
6543,soltobe,CHG,897
6544,targabatay,CHG,897
6545,dahra_sasykkol,CHG,897
6546,emin,CHG,897
6547,ilanbalyk,CHG,897
6548,koktuma,CHG,897
6549,toli,CHG,897
6550,alakol_lake,,
6551,koshkarkol_lake,,
6552,sasykkol_lake,,
6553,balruq,,
6554,targabatay_mountains,,
6555,ilibalyk,CHG,897
6556,charyn,CHG,897
6557,chundzha,CHG,897
6558,kegen,CHG,897
6559,koktal,CHG,897
6560,lavar,CHG,897
6561,shelek,CHG,897
6562,barskoon,CHG,897
6563,balykchy,CHG,897
6564,kochkor,CHG,897
6565,san_tash,CHG,897
6566,issyk_kul_lake,,
6567,kayalyk,CHG,897
6568,ayagoz,OGE,1018
6569,dungene,CHG,897
6570,lepsy,CHG,897
6571,sagabuyen,CHG,897
6572,tansyk,CHG,897
6573,tekeli,CHG,897
6574,merki,CHG,897
6575,aspara,CHG,897
6576,khantau,CHG,897
6577,kulan,CHG,897
6578,sretenskoe,CHG,897
6579,tasuktul,CHG,897
6580,tolekskoe,CHG,897
6581,sozak,GLH,2248
6582,aksumbe,GLH,2248
6583,gulshara,GLH,2248
6584,kyzylkorgan,GLH,2248
6585,ran,GLH,2248
6586,tasty,GLH,2248
6587,moiynkum_desert,,
6588,talas,CHG,897
6589,dzhulsub,CHG,897
6590,sarvaslyk,CHG,897
6591,tekabket,CHG,897
6592,yangi,CHG,897
6593,zherkorgan,CHG,897
6594,caspian_sea1,,
6595,caspian_sea2,,
6596,caspian_sea3,,
6597,caspian_sea4,,
6598,caspian_sea5,,
6599,caspian_sea6,,
6600,caspian_sea7,,
6601,caspian_sea8,,
6602,caspian_sea9,,
6603,caspian_sea10,,
6604,caspian_sea11,,
6605,caspian_sea12,,
6606,caspian_sea13,,
6607,caspian_sea14,,
6608,caspian_sea15,,
6609,caspian_sea16,,
6610,caspian_sea17,,
6611,caspian_sea18,,
6612,caspian_sea19,,
6613,caspian_sea20,,
6614,caspian_sea23,,
6615,caspian_sea24,,
6616,caspian_sea28,,
6617,caspian_sea30,,
6618,caspian_sea31,,
6619,caspian_sea32,,
6620,caspian_sea33,,
6621,caspian_sea34,,
6622,caspian_sea35,,
6623,caspian_sea36,,
6624,caspian_sea37,,
6625,caspian_sea38,,
6626,caspian_sea39,,
6627,amasya,TDJ,38
6628,gadegara,KBD,32
6629,ladik_pontus,KBD,32
6630,merzifon,KBD,32
6631,sonisa,TDJ,38
6632,bozok,ERE,25
6633,baliseyh,ERE,25
6634,candir,ERE,25
6635,dinek_keskin,ERE,25
6636,sorgun,ERE,25
6637,corum,ERE,25
6638,gumus,KBD,32
6639,huseyinabad,ERE,25
6640,iskilip,CND,21
6641,sungurlu,ERE,25
6642,divrigi,ERE,25
6643,arapgir,ERE,25
6644,arguvan,ERE,25
6645,egin,ERE,25
6646,east_taurus_1,,
6647,east_taurus_9,,
6648,kayseri,ERE,25
6649,bogazliyan,ERE,25
6650,develi,ERE,25
6651,tomarza,ERE,25
6652,yahyali,ERE,25
6653,hodul_mountains,,
6654,middle_taurus_5,,
6655,kirsehir,KAR,31
6656,hacibektas,ERE,25
6657,nevsehir,KAR,31
6658,sariyahsi,KAR,31
6659,urgup,ERE,25
6660,nigde,KAR,31
6661,bekarlar,KAR,31
6662,bor_tur,KAR,31
6663,melendiz_mountains,,
6664,sivas,ERE,25
6665,darende,ERE,25
6666,dasmenda,ERE,25
6667,deliktash,ERE,25
6668,gemerek,ERE,25
6669,gurun,ERE,25
6670,hafik,ERE,25
6671,sarkisla,ERE,25
6672,zara,ERE,25
6673,ak_mountains,,
6674,kose_mountains_1,,
6675,middle_taurus_4,,
6676,middle_taurus_6,,
6677,middle_taurus_7,,
6678,tokat,ERE,25
6679,akdagmadeni,ERE,25
6680,aydincik,ERE,25
6681,koyulhisar,ERE,25
6682,niksar,TDJ,38
6683,sulusaray,ERE,25
6684,zile,ERE,25
6685,aksaray,KAR,31
6686,kochisar,KAR,31
6687,kulu_turkey,KAR,31
6688,insuyu,KAR,31
6689,lake_tuz,,
6690,ankara,AHI,15
6691,cubuk,AHI,15
6692,haymana,AHI,15
6693,kalecik,AHI,15
6694,karakecili,AHI,15
6695,polatli,AHI,15
6696,beysehir,KAR,31
6697,aksehir,KAR,31
6698,bolvadin,SHP,35
6699,ilgin,KAR,31
6700,sarkikaraagac,KAR,31
6701,seydisehir,KAR,31
6702,yalvac,HMD,27
6703,lake_aksehir,,
6704,lake_beysehir,,
6705,lake_eber,,
6706,lake_egirdir,,
6707,lake_sugla,,
6708,erenler_mountains,,
6709,sultan_mountains_1,,
6710,sultan_mountains_2,,
6711,sultan_mountains_3,,
6712,cankiri,CND,21
6713,bayat,CND,21
6714,cerkes,CND,21
6715,kursunlu,CND,21
6716,sabanozu,CND,21
6717,tosya,CND,21
6718,karahisar_i_sahib,SHP,35
6719,altintas,GRM,26
6720,emirdag,GRM,26
6721,sandikli,GRM,26
6722,seyitgazi,GRM,26
6723,suhut,SHP,35
6724,sandikli_mountains,,
6725,konya,KAR,31
6726,altinekin,KAR,31
6727,celtik,KAR,31
6728,cumra,KAR,31
6729,ladik,KAR,31
6730,suluklu,KAR,31
6731,turgut,KAR,31
6732,larende,KAR,31
6733,eregli_kar,KAR,31
6734,eskil,KAR,31
6735,hatunsaray,KAR,31
6736,karapinar,KAR,31
6737,obruk,KAR,31
6738,pirloganda,KAR,31
6739,middle_taurus_1,,
6740,sivrihisar,GRM,26
6741,beypazari,TUR,41
6742,bozan,GRM,26
6743,kaymaz,GRM,26
6744,kibrus,TUR,41
6745,kizilca,TUR,41
6746,mihaliccik,GRM,26
6747,koroglu_mountains_1,,
6748,koroglu_mountains_2,,
6749,adana,CIL,20
6750,ayas,CIL,20
6751,iskenderun,MAM,1137
6752,kars_armenia,CIL,20
6753,nur_mountains_1,,
6754,nur_mountains_2,,
6755,nicosia_cyp,CYP,22
6756,famagusta,CYP,22
6757,kyrenia,CYP,22
6758,larnaca,CYP,22
6759,limassol,CYP,22
6760,morphou,CYP,22
6761,paphos,CYP,22
6762,silifke,KAR,31
6763,anamur,KAR,31
6764,ermenek,KAR,31
6765,mut,KAR,31
6766,west_taurus_2,,
6767,malatya,ERE,25
6768,besni,DUL,24
6769,gerger,DUL,24
6770,kahta,DUL,24
6771,kaysun,DUL,24
6772,samsat,DUL,24
6773,east_taurus_2,,
6774,east_taurus_8,,
6775,marash,DUL,24
6776,afsin,DUL,24
6777,elbistan,DUL,24
6778,enguzud,DUL,24
6779,goksun,DUL,24
6780,kapan,CIL,20
6781,ulnia,DUL,24
6782,middle_taurus_8,,
6783,sis,CIL,20
6784,anavarza,CIL,20
6785,caxud,CIL,20
6786,comana_cil,ERE,25
6787,hargan,CIL,20
6788,middle_taurus_2,,
6789,middle_taurus_3,,
6790,tarsus,CIL,20
6791,candir_cil,CIL,20
6792,corycus,CIL,20
6793,molevon,CIL,20
6794,biga,BYZ,203
6795,ayvacik,KRD,33
6796,bandirma,KRD,33
6797,bayramic,KRD,33
6798,can,KRD,33
6799,canakkale,KRD,33
6800,gonen,KRD,33
6801,lapseki,KRD,33
6802,bursa,TUR,41
6803,adranos,TUR,41
6804,dursunbey,KRD,33
6805,harmancik,KRD,33
6806,iznik,TUR,41
6807,lake_iznik,,
6808,balikesir,KRD,33
6809,balya,KRD,33
6810,bergama,KRD,33
6811,bigadic,KRD,33
6812,edremit,KRD,33
6813,manyas,KRD,33
6814,mihalic,KRD,33
6815,soma,KRD,33
6816,susurluk,KRD,33
6817,lake_manyas,,
6818,lake_uluabat,,
6819,izmit,TUR,41
6820,atpazari,TUR,41
6821,uskudar,BYZ,203
6822,silli,BYZ,203
6823,kutahya,GRM,26
6824,aslanapa,GRM,26
6825,domanic,TUR,41
6826,emet,GRM,26
6827,simav,GRM,26
6828,tavsanli,GRM,26
6829,sultanonu,TUR,41
6830,bilecik,TUR,41
6831,goynuk,TUR,41
6832,eynegol,TUR,41
6833,inonu,TUR,41
6834,nalli,TUR,41
6835,sogut,TUR,41
6836,bolu,TUR,41
6837,akcasehir,TUR,41
6838,akyazi,TUR,41
6839,eregli,BYZ,203
6840,konrapa,TUR,41
6841,mudurnu,TUR,41
6842,giresun,TRE,40
6843,akkus,TDJ,38
6844,bayramlu,TRE,40
6845,mesudiye,HCI,28
6846,terme,TDJ,38
6847,unye,TRE,40
6848,west_pontus_mountains_1,,
6849,west_pontus_mountains_2,,
6850,kastamonu,CND,21
6851,arac,CND,21
6852,devrekani,CND,21
6853,inebolu,CND,21
6854,kure_i_mamure,CND,21
6855,taskopru,CND,21
6856,ilgaz_mountains,,
6857,safranbolu,CND,21
6858,amasra,GEN,1480
6859,bartin,CND,21
6860,gerede,TUR,41
6861,mengen,TUR,41
6862,ulus,CND,21
6863,yenicepazari,CND,21
6864,sinop,CND,21
6865,bafra,BFR,19
6866,boyabat,CND,21
6867,gerze,BFR,19
6868,samsun,KBD,32
6869,trebizond,TRE,40
6870,gorele,TRE,40
6871,gumushane,TRE,40
6872,khupati,SME,394
6873,rize,SME,394
6874,surmene,TRE,40
6875,east_pontus_mountains_1,,
6876,east_pontus_mountains_2,,
6877,east_pontus_mountains_3,,
6878,alaiye,ALY,16
6879,karahisar_i_teke,TEK,39
6880,manavgat,TEK,39
6881,selinti,ALY,16
6882,west_taurus_3,,
6883,west_taurus_5,,
6884,antalya,TEK,39
6885,elmali,TEK,39
6886,finike,TEK,39
6887,kas,TEK,39
6888,istanoz,TEK,39
6889,tire,AYD,18
6890,alasehir,BYZ,203
6891,balat,AYD,18
6892,birgi,AYD,18
6893,cine,MEN,34
6894,guzelhisar,AYD,18
6895,milas,MEN,34
6896,nazilli,AYD,18
6897,lake_bafa,,
6898,isparta,HMD,27
6899,burdur,HMD,27
6900,dinar,HMD,27
6901,egirdir,HMD,27
6902,stefani,HMD,27
6903,uluborlu,HMD,27
6904,lake_acigol,,
6905,lake_burdur,,
6906,mugla,MEN,34
6907,bodrum,MEN,34
6908,gokabat,MEN,34
6909,golhisar,HMD,27
6910,marmaris,MEN,34
6911,megri,MEN,34
6912,tavas,TVS,59
6913,yuksekkum,MEN,34
6914,lake_koyceghiz,,
6915,west_taurus_1,,
6916,west_taurus_4,,
6917,manisa,SRU,36
6918,akhisar,SRU,36
6919,demirci,SRU,36
6920,foca,GEN,1480
6921,gordes,SRU,36
6922,kula,SRU,36
6923,lake_marmara,,
6924,smyrna,AYD,18
6925,ayasuluk,AYD,18
6926,cesme,AYD,18
6927,menemen,SRU,36
6928,urla,AYD,18
6929,usak,GRM,26
6930,banaz,GRM,26
6931,gediz,GRM,26
6932,honaz,INA,30
6933,lazkiye,INA,30
6934,seyhli,GRM,26
6935,bosphorus,,
6936,stomoplo_bay,,
6937,gulf_varna,,
6938,kaliakra_point,,
6939,south_danube_delta,,
6940,north_danube_delta,,
6941,dniester_estuary,,
6942,black_sea5,,
6943,dnieper_bug_estuary,,
6944,karadzhynska_bay,,
6945,karkinit_bay,,
6946,cape_fiolent,,
6947,kalamita_bay,,
6948,cape_tarkhankut,,
6949,cape_sarych,,
6950,black_sea6,,
6951,strait_kerch,,
6952,cape_meganom,,
6953,kaffa_bay,,
6954,circassian_coast,,
6955,gelendzhik_bay,,
6956,tsemess_bay,,
6957,black_sea2,,
6958,black_sea3,,
6959,balik_gulf,,
6960,cape_yasurt,,
6961,east_pontic_coast,,
6962,cape_fener,,
6963,batumi_bay,,
6964,sokhumi_bay,,
6965,pitsunda_cape,,
6966,black_sea1,,
6967,cape_pazarbasi,,
6968,cape_baba,,
6969,west_pontic_coast,,
6970,cape_kerempe,,
6971,central_pontic_coast,,
6972,cape_sinop,,
6973,black_sea4,,
6974,obitochny_gulf,,
6975,genichskaya_channel,,
6976,taganrog_gulf,,
6977,belosaraysk_gulf,,
6978,yasensk_bay,,
6979,temryuk_bay,,
6980,bay_arabat,,
6981,baghdad,JAL,512
6982,badra,HLG,1935
6983,balad_ruz,JAL,512
6984,baqubah,JAL,512
6985,dayr_aqul,HLG,1935
6986,khalis,JAL,512
6987,basra,HLG,1935
6988,abadan,HLG,1935
6989,abdas,HLG,1935
6990,al_madar,HLG,1935
6991,al_qatr,HLG,1935
6992,suq_al_shuyukh,HLG,1935
6993,zuwayr,HLG,1935
6994,an_nil,HLG,1935
6995,nasiriyah,HLG,1935
6996,numaniyyah,HLG,1935
6997,rusafa,HLG,1935
6998,samawa,HLG,1935
6999,qaladiza,ZBR,531
7000,akre,DMB,47
7001,mawet,ZBR,531
7002,piranshahr,SLI,529
7003,rawanduz,SOH,55
7004,sardasht,KTW,523
7005,gilan_gharb,KLR,522
7006,eyvan,JAL,512
7007,ilam,HLG,1935
7008,khanaqin,JAL,512
7009,mandali,JAL,512
7010,kufa,HLL,513
7011,al_udayb,HLL,513
7012,ayn_tamr,FDL,511
7013,hillah,HLL,513
7014,karbala,FDL,511
7015,qadisiyyah,HLL,513
7016,kirkuk,SYY,530
7017,altun_kupri,SYY,530
7018,chamchamal,SYY,530
7019,daquq,SYY,530
7020,erbil,MZJ,53
7021,tuz_khurma,SYY,530
7022,samarra,JAL,512
7023,al_anbar,FDL,511
7024,ar_rabb,JAL,512
7025,hit,FDL,511
7026,tikrit,JAL,512
7027,ukbara,JAL,512
7028,lake_habbaniyah,,
7029,tharthar,,
7030,wasit,HLG,1935
7031,abdanan,HLG,1935
7032,al_tib,HLG,1935
7033,arkvaz,HLG,1935
7034,bakusaya,HLG,1935
7035,dehloran,HLG,1935
7036,meymeh,HLG,1935
7037,urfa,DGE,510
7038,birecik,DGE,510
7039,cermik,SUT,37
7040,harran,DGE,510
7041,siverek,DGE,510
7042,suruc,DGE,510
7043,diyarbekir,SUT,37
7044,egil,EGL,48
7045,ergani,SUT,37
7046,heni,HZR,51
7047,hazro,HZR,51
7048,savur,HSN,29
7049,karacadag,,
7050,anah,FDL,511
7051,abu_kemal,FDL,511
7052,haditha,FDL,511
7053,rahba,FDL,511
7054,jazair,,
7055,hasankeyf,HSN,29
7056,kozluk,DIL,23
7057,kulp,HZR,51
7058,mayyafariqin,ZRQ,56
7059,sason,HZR,51
7060,siirt,DIL,23
7061,east_taurus_3,,
7062,mardin,ATQ,17
7063,hasakah,ATQ,17
7064,dunaysir,ATQ,17
7065,ras_ayn,ATQ,17
7066,tunanir,ATQ,17
7067,viransehir,DGE,510
7068,mosul,SUT,37
7069,al_sinn,JAL,512
7070,balad,DSN,46
7071,duhok,DSN,46
7072,qayyarah,SUT,37
7073,sinjar,ATQ,17
7074,tal_afar,SUT,37
7075,nusaybin,ATQ,17
7076,bara_iraq,ATQ,17
7077,barqaid,ATQ,17
7078,cizre,BHT,42
7079,eruh,BHT,42
7080,midyat,ATQ,17
7081,sirnak,BHT,42
7082,raqqa,DGE,510
7083,araban,ATQ,17
7084,busayrah,DGE,510
7085,jabar,DGE,510
7086,madinat_far,DGE,510
7087,makisin,ATQ,17
7088,antioch,MAM,1137
7089,afrin,KIL,58
7090,arsuz,MAM,1137
7091,artah,MAM,1137
7092,idlib,MAM,1137
7093,lake_amik,,
7094,ayntab,MAM,1137
7095,dluk,MAM,1137
7096,kilis,KIL,58
7097,trapessac,KIL,58
7098,deir_ez_zor,FDL,511
7099,ithriya,FDL,511
7100,sukhnah,FDL,511
7101,tabqah,FDL,511
7102,taybah,FDL,511
7103,jerusalem,MAM,1137
7104,acre,MAM,1137
7105,beersheba,MAM,1137
7106,gaza,MAM,1137
7107,hebron,MAM,1137
7108,jaffa,MAM,1137
7109,majdal,MAM,1137
7110,nablus,MAM,1137
7111,safed,MAM,1137
7112,dead_sea,,
7113,sea_galilee,,
7114,aleppo,MAM,1137
7115,al_bab,MAM,1137
7116,dabiq,MAM,1137
7117,jabbul,MAM,1137
7118,manbij,MAM,1137
7119,marrat,FDL,511
7120,maskanah,MAM,1137
7121,zardana,MAM,1137
7122,lake_jabbul,,
7123,bosra,AMR,509
7124,azraq,AMR,509
7125,dara,AMR,509
7126,irbid,AMR,509
7127,nawa,AMR,509
7128,salkhad,AMR,509
7129,suwayda,AMR,509
7130,mountain_druze,,
7131,homs,MAM,1137
7132,hama,MAM,1137
7133,kafartab,MAM,1137
7134,khanaser,FDL,511
7135,masyaf,MAM,1137
7136,qastal,FDL,511
7137,qusayr,MAM,1137
7138,salamiyya,FDL,511
7139,latakia,MAM,1137
7140,baniyas,MAM,1137
7141,jableh,MAM,1137
7142,tartus,MAM,1137
7143,beirut,MAM,1137
7144,baalbek,MAM,1137
7145,deir_qamar,MAM,1137
7146,sidon,MAM,1137
7147,tripoli_syria,MAM,1137
7148,lebanon_mountains,,
7149,damascus,MAM,1137
7150,burraq,AAL,508
7151,jayrud,AAL,508
7152,nabek,MAM,1137
7153,qutayfah,AAL,508
7154,antilebanon_mountains1,,
7155,antilebanon_mountains2,,
7156,antilebanon_mountains3,,
7157,karak,MAM,1137
7158,al_quwayrah,MAM,1137
7159,amman,MAM,1137
7160,aqaba,MAM,1137
7161,maan,MAM,1137
7162,madaba,MAM,1137
7163,shoubak,MAM,1137
7164,sughar,MAM,1137
7165,tadmur,FDL,511
7166,arak,FDL,511
7167,huwwarin,FDL,511
7168,qaryatayn,FDL,511
7169,cape_al_hikmah,,
7170,arabs_gulf,,
7171,rosetta_mouth,,
7172,damietta_mouth,,
7173,bardawil_coast,,
7174,coastal_plain,,
7175,bay_haifa,,
7176,bay_beirut,,
7177,coast_lebanon,,
7178,cape_apostolos_andreas,,
7179,famagusta_bay,,
7180,akrotiri_bay,,
7181,episkopi_bay,,
7182,cape_arnauti,,
7183,levantine_sea1,,
7184,levantine_sea2,,
7185,levantine_sea3,,
7186,levantine_sea4,,
7187,levantine_sea5,,
7188,levantine_sea6,,
7189,ceramic_gulf,,
7190,gulf_fethiye,,
7191,teke_peninsula,,
7192,gulf_finike,,
7193,west_gulf_adalia,,
7194,cape_ad_dariah,,
7195,gulf_alexandretta,,
7196,gulf_mersin,,
7197,cape_tisan,,
7198,morphou_bay,,
7199,east_gulf_adalia,,
7200,al_ahsa,JRW,135
7201,al_jubayl,JRW,135
7202,al_qatif,JRW,135
7203,al_uqayr,JRW,135
7204,baqqa,JRW,135
7205,manama,ORM,1911
7206,sayhat,ORM,1911
7207,al_jafurah2,,
7208,hafar_al_batin,AAD,152
7209,ar_rukai,JRW,135
7210,ash_shuaybah,JRW,135
7211,kazimah,HLG,1935
7212,mashdhubah,AAD,152
7213,qurain,JRW,135
7214,ad_dibdibah,,
7215,nita_arabia,JRW,135
7216,al_suman,JRW,135
7217,al_uyayna,JRW,135
7218,jannah,JRW,135
7219,jarrarah,JRW,135
7220,qaryat_ulya,JRW,135
7221,ad_dahna4,,
7222,al_bidda,JRW,135
7223,al_huwaila,JRW,135
7224,al_mashqar,JRW,135
7225,al_udayd,JRW,135
7226,eglat_faisal,JRW,135
7227,sir_bani_yas,YAS,149
7228,zubarah,JRW,135
7229,yabrin,MRH,147
7230,al_hunayy,JRW,135
7231,harad_al_ahsa,JRW,135
7232,khurays,JRW,135
7233,rumah,JRW,135
7234,urayrah,JRW,135
7235,rumah_jarrarah_corridor,,
7236,ad_dahna5,,
7237,al_jafurah1,,
7238,dhalam,SBY,146
7239,al_hufayrah,SBY,146
7240,ar_ruwailiyyah,SBY,146
7241,muwayh,SBY,146
7242,qasr_al_qaba,SBY,146
7243,umm_ad_dawm,SBY,146
7244,duba,MAM,1137
7245,ad_disah,MAM,1137
7246,al_azlam,MAM,1137
7247,al_wajh,MAM,1137
7248,bada_yaqub,MAM,1137
7249,bir_al_qurr,MAM,1137
7250,al_hinakiyah,AZF,154
7251,al_mundassah,ZIB,155
7252,an_nakhil,MUT,142
7253,ar_rabadha,AZF,154
7254,madin_bani_sulaym,ZIB,155
7255,murayghan,ZIB,155
7256,khaybar,ANZ,139
7257,al_ayn_khaybar,ANZ,139
7258,al_thamad,MDA,150
7259,buwat,MDA,150
7260,shajwa,MDA,150
7261,khulays,MEC,137
7262,al_abwa,MEC,137
7263,al_juhfah,MEC,137
7264,al_muthainiyah,MEC,137
7265,ar_rayyan,HRB,141
7266,asfan,MEC,137
7267,qudayd,MEC,137
7268,aynuna,MAM,1137
7269,al_bad,MAM,1137
7270,al_muwaylih,MAM,1137
7271,haql,MAM,1137
7272,makna,MAM,1137
7273,mecca,MEC,137
7274,al_jumum,MEC,137
7275,al_lith,MEC,137
7276,dhat_irq,MEC,137
7277,ghumayqah,MEC,137
7278,jeddah,MEC,137
7279,yalamlam,MEC,137
7280,medina,MDA,150
7281,al_furaish,MDA,150
7282,al_hegrieah,HRB,141
7283,as_suwaydirah,AZF,154
7284,khalis_medina,HRB,141
7285,al_ula,MAM,1137
7286,al_bleiteh,MAM,1137
7287,al_farah_ula,MAM,1137
7288,al_marwa,MAM,1137
7289,az_zubayir,MAM,1137
7290,mughayra,MAM,1137
7291,tabuk_arabia,MAM,1137
7292,al_khanbarah,MAM,1137
7293,al_muazzam,MAM,1137
7294,al_ukhaydir,MAM,1137
7295,bajdah,MAM,1137
7296,bir_ibn_hermas,MAM,1137
7297,dhat_al_hajj,MAM,1137
7298,taif,UTB,143
7299,al_hadhah,HRB,141
7300,al_kharabah,UTB,143
7301,al_mahani,UTB,143
7302,as_suwayriqiyah,HRB,141
7303,bani_saad,UTB,143
7304,sufaynah,HRB,141
7305,umm_al_ghiran,HRB,141
7306,umluj,MAM,1137
7307,al_ais,MDA,150
7308,al_hawra,MAM,1137
7309,al_manjur,MAM,1137
7310,al_maramiyah,MAM,1137
7311,yanbu,MDA,150
7312,al_ahmar,MDA,150
7313,al_jar,MDA,150
7314,ash_shibahah,MDA,150
7315,badr_hunayn,MDA,150
7316,yanbu_an_nakhil,MDA,150
7317,afif,BNL,153
7318,al_baharah,BNL,153
7319,al_ghrabah,ZIB,155
7320,al_laghfiyyah,BNL,153
7321,ramah,BNL,153
7322,al_hisu,MUT,142
7323,al_aythamah,MUT,142
7324,an_nuhaytiyyah,MUT,142
7325,an_nuqrah,MUT,142
7326,bilghah,MUT,142
7327,dawbah,MUT,142
7328,ar_rayn,SBY,146
7329,al_mardamah,SBY,146
7330,al_maslum,SBY,146
7331,al_quway,SBY,146
7332,halaban,SBY,146
7333,rawdat_al_ard,SBY,146
7334,al_hajr,KLB,151
7335,diriyah,KLB,151
7336,malham,KLB,151
7337,muzahmiyah,SBY,146
7338,thadiq,KLB,151
7339,aqiq_banu_uqayi,DWS,144
7340,ad_dawasir,DWS,144
7341,habiyah,DWS,144
7342,tamrah,DWS,144
7343,ar_rakbah1,,
7344,ar_rakbah2,,
7345,buraydah,BNL,153
7346,al_mithnab,BNL,153
7347,an_nibaj,BNL,153
7348,tanumah,AAD,152
7349,unaizah,BNL,153
7350,uyun_al_jiwa,BNL,153
7351,tanumah_mashdhubah_corridor,,
7352,fadak,ANZ,139
7353,al_ghazalah,MUT,142
7354,al_huwayyit,ANZ,139
7355,ar_rawdah,MUT,142
7356,as_sulaymi,MUT,142
7357,darghat,ANZ,139
7358,laila,DWS,144
7359,al_aflaj,DWS,144
7360,al_haddar,DWS,144
7361,qasr_himam,DWS,144
7362,rub_al_khali1,,
7363,al_majmaah,AAD,152
7364,al_ghat,AAD,152
7365,al_qaiyah,AAD,152
7366,az_zilfi,AAD,152
7367,ad_dahna2,,
7368,ad_dahna3,,
7369,udakh,BNL,153
7370,al_bijadiyah,BNL,153
7371,al_fuqarah,BNL,153
7372,ash_shuara,BNL,153
7373,miskah,BNL,153
7374,nifi,BNL,153
7375,al_yamamah,KLB,151
7376,ad_dilam,SBY,146
7377,al_majazah,DWS,144
7378,naam,SBY,146
7379,saqra,SBY,146
7380,al_burud,BNL,153
7381,al_maghib,BNL,153
7382,asila_arabia,SBY,146
7383,dhurma,SBY,146
7384,ar_rass,BNL,153
7385,al_udhaim,BNL,153
7386,an_nabhaniyah,BNL,153
7387,at_tarfawi,BNL,153
7388,samira,BNL,153
7389,thadij,BNL,153
7390,suhar,ORM,1911
7391,al_khaburah,ORM,1911
7392,khor_fakkan,ORM,1911
7393,nakhal,ORM,1911
7394,rustaq,ORM,1911
7395,saham,ORM,1911
7396,shinas,ORM,1911
7397,julfar,ORM,1911
7398,abu_dhabi,ORM,1911
7399,al_ayn,ORM,1911
7400,al_dhaid,ORM,1911
7401,dubai,ORM,1911
7402,liwa,YAS,149
7403,marawah,YAS,149
7404,sharjah,ORM,1911
7405,masqat,ORM,1911
7406,al_kamil_wal_wafi,ORM,1911
7407,as_sib,ORM,1911
7408,jalan_buani_buali,ORM,1911
7409,masirah,ORM,1911
7410,qalhat,ORM,1911
7411,sur,ORM,1911
7412,mirbat_masirah_corridor1,,
7413,mirbat_masirah_corridor2,,
7414,mirbat_masirah_corridor3,,
7415,nizwa,OMA,136
7416,bahla,OMA,136
7417,ibra,OMA,136
7418,ibri,OMA,136
7419,izki,OMA,136
7420,sinaw,OMA,136
7421,yanqul,OMA,136
7422,hajar_mountains,,
7423,hail,SHM,138
7424,al_ajfar,BNL,153
7425,ash_shuaybah_hail,SHM,138
7426,baqa,SHM,138
7427,fayd,BNL,153
7428,sara,BNL,153
7429,ad_dahna1,,
7430,dumat_al_jandal,AAL,508
7431,aba_al_qur,AAL,508
7432,al_hamad,AAL,508
7433,arar,AAL,508
7434,sakaka,AAL,508
7435,syrian_desert_corridor1,,
7436,syrian_desert_corridor2,,
7437,syrian_desert_corridor3,,
7438,syrian_desert_corridor4,,
7439,syrian_desert_corridor5,,
7440,syrian_desert_corridor6,,
7441,syrian_desert_corridor7,,
7442,syrian_desert_corridor8,,
7443,syrian_desert_corridor9,,
7444,syrian_desert_corridor10,,
7445,syrian_desert_corridor11,,
7446,syrian_desert_corridor12,,
7447,syrian_desert_corridor13,,
7448,an_nafud2,,
7449,syrian_desert2,,
7450,syrian_desert3,,
7451,syrian_desert4,,
7452,syrian_desert5,,
7453,syrian_desert6,,
7454,syrian_desert7,,
7455,tayma,HUT,140
7456,al_hufayr,SHM,138
7457,ash_shamli,HUT,140
7458,jubbah,SHM,138
7459,mawqaq,SHM,138
7460,umm_al_qulban,SHM,138
7461,ash_shamli_tayma_corridor,,
7462,bir_fajr_tayma_corridor,,
7463,an_nafud1,,
7464,an_nafud3,,
7465,an_nafud4,,
7466,kaf,AMR,509
7467,abu_qasr,HUT,140
7468,al_harrah,AMR,509
7469,an_nasifah,AMR,509
7470,basithah,HUT,140
7471,bir_fajr,HUT,140
7472,qurayyat_al_milh,AMR,509
7473,bir_fajr_basithah_corridor,,
7474,syrian_desert1,,
7475,zubala,FDL,511
7476,al_labbah,FDL,511
7477,al_thulayma,FDL,511
7478,al_waqbi,FDL,511
7479,linah,FDL,511
7480,lowqah,FDL,511
7481,al_ijarah,,
7482,abha,QHT,145
7483,abil,QHT,145
7484,samakh,QHT,145
7485,tabalah,SBY,146
7486,tanomah,QHT,145
7487,hali,MEC,137
7488,adham,MEC,137
7489,al_qunfudhah,MEC,137
7490,al_shuqayq,MEC,137
7491,al_sirrayn,MEC,137
7492,bariq,MEC,137
7493,dhi_ain,MEC,137
7494,muhayil,MEC,137
7495,rijal_almaa,MEC,137
7496,al_hirda,YEM,134
7497,hajjah,YEM,134
7498,harad_asir,YEM,134
7499,khamir,YEM,134
7500,shaharah,YEM,134
7501,haraz_mountains1,,
7502,jazan,YEM,134
7503,al_haqu,YEM,134
7504,al_khosuf,YEM,134
7505,farasan,YEM,134
7506,sabt_bani_bishr,YEM,134
7507,sabya,YEM,134
7508,ranyah,SBY,146
7509,al_abala,SBY,146
7510,al_amlah,SBY,146
7511,ash_shaqiqah,SBY,146
7512,qalat_bishah,SBY,146
7513,raghdan,UTB,143
7514,sana_yemen,YEM,134
7515,al_husayniyah,QHT,145
7516,al_mahjal,YAM,148
7517,dhahran,YAM,148
7518,huth,YAM,148
7519,main,YAM,148
7520,najran,YAM,148
7521,sadah,YAM,148
7522,suq_al_ghinan,YAM,148
7523,thula,YEM,134
7524,haraz_mountains2,,
7525,tathlith,QHT,145
7526,al_amwah,QHT,145
7527,al_harjah,QHT,145
7528,al_maddah,QHT,145
7529,khaybar_janoub,QHT,145
7530,yadamah,QHT,145
7531,turbah,SBY,146
7532,abu_rakah,UTB,143
7533,ad_dughmiyah,SBY,146
7534,barahrah,UTB,143
7535,adan,YEM,134
7536,al_arah,YEM,134
7537,al_mafalis,YEM,134
7538,lahj,YEM,134
7539,zinjibar,YEM,134
7540,birali,YEM,134
7541,al_mukalla,YEM,134
7542,al_shihr,YEM,134
7543,azzan,YEM,134
7544,balhaf,YEM,134
7545,habban,YEM,134
7546,hajar,YEM,134
7547,ahwar,YEM,134
7548,al_qara,YEM,134
7549,jurrah,YEM,134
7550,lawdar,YEM,134
7551,shuqra,YEM,134
7552,shibam,YEM,134
7553,al_khuraybah,YEM,134
7554,arrayda,YEM,134
7555,dha_sohis,YEM,134
7556,huraydah,YEM,134
7557,khayrij,YEM,134
7558,rakhyah,YEM,134
7559,sayun,YEM,134
7560,tarim,YEM,134
7561,rub_al_khali2,,
7562,hudaida,YEM,134
7563,al_luhayyah,YEM,134
7564,as_salif,YEM,134
7565,kamaran_islands_wasteland,,
7566,hutayb,YEM,134
7567,kawkaban,YEM,134
7568,ibb,YEM,134
7569,dhafar,YEM,134
7570,juban,YEM,134
7571,musaymir,YEM,134
7572,yahr,YEM,134
7573,dhufar,DHF,156
7574,hadibu,DHF,156
7575,qulensya,DHF,156
7576,khalfut,DHF,156
7577,mirbat,DHF,156
7578,qishn,DHF,156
7579,raysut,DHF,156
7580,abdalkuri_island,,
7581,marib,YEM,134
7582,baraqish,YEM,134
7583,dhamar,YEM,134
7584,harib,YEM,134
7585,radaa,YEM,134
7586,shabwa,YEM,134
7587,al_bayda_yemen,YEM,134
7588,bayhan,YEM,134
7589,markha,YEM,134
7590,nisab,YEM,134
7591,taizz,YEM,134
7592,al_mandab,YEM,134
7593,al_mukha,YEM,134
7594,hays,YEM,134
7595,mawza,YEM,134
7596,haraz_mountains3,,
7597,zabid,YEM,134
7598,al_ghulayfiqah,YEM,134
7599,as_salafiyah,YEM,134
7600,mikhlaf_al_hubishiyah,YEM,134
7601,mudhaykirah,YEM,134
7602,haraz_mountains4,,
7603,abdalkuri_coast,,
7604,arabian_sea1,,
7605,arabian_sea2,,
7606,arabian_sea3,,
7607,arabian_sea4,,
7608,arabian_sea7,,
7609,arabian_sea8,,
7610,arabian_sea9,,
7611,dharbat_ali_cape,,
7612,fartak_cape,,
7613,mirbat_bay,,
7614,mirbat_cape,,
7615,qishn_bay,,
7616,shuub_cape,,
7617,abyan_coast,,
7618,mahrah_coast,,
7619,marshaq_cape,,
7620,saylan_cape,,
7621,sharmah_cape,,
7622,al_kalb_cape,,
7623,al_ushaydah_cape,,
7624,gulf_aden1,,
7625,gulf_aden2,,
7626,gulf_aden3,,
7627,gulf_tadjoura,,
7628,coast_adal,,
7629,khansiir_cape,,
7630,cape_surud,,
7631,cape_cadcadde,,
7632,aantaara_point,,
7633,cape_elephant,,
7634,gulf_aqaba,,
7635,gulf_suez,,
7636,cape_muhammad,,
7637,safaga_island,,
7638,red_sea_coast,,
7639,north_hijaz_coast,,
7640,north_tihamah_coast,,
7641,shibara_archipelago,,
7642,cape_hadarba,,
7643,yanbu_harbour,,
7644,south_hijaz_coast,,
7645,central_tihamah_coast,,
7646,ghurab_island,,
7647,beja_coast,,
7648,suakin_archipelago,,
7649,cape_kasar,,
7650,al_shuaiba_coast,,
7651,abulat_island,,
7652,south_tihamah_coast,,
7653,red_sea2,,
7654,eritrean_coast,,
7655,massawa_channel,,
7656,bay_aqiq,,
7657,asir_coast,,
7658,dahlak_archipelago,,
7659,farasan_islands,,
7660,kamaran_islands,,
7661,red_sea1,,
7662,coast_danakil,,
7663,yemenite_coast,,
7664,zuqar_island,,
7665,bab_el_mandeb,,
7666,qumaylah_cape,,
7667,ar_ruays_cape,,
7668,gulf_masirah,,
7669,hadd_cape,,
7670,abu_dawood_cape,,
7671,fujairah_coast,,
7672,tehama_coast,,
7673,arabian_sea5,,
7674,arabian_sea6,,
7675,indian_coast2,,
7676,cape_jask,,
7677,cape_kalat,,
7678,chabahar_bay,,
7679,jiwani_bay,,
7680,hamra_cape,,
7681,strait_oman,,
7682,gulf_oman1,,
7683,gulf_oman2,,
7684,ardabil,KKL,525
7685,ahar,JAL,512
7686,aslanduz,JAL,512
7687,kaleybar,JAL,512
7688,khiyav,JAL,512
7689,mardanaqom,JAL,512
7690,qahqaheh,JAL,512
7691,nir,KKL,525
7692,qaradagh_mountains1,,
7693,qaradagh_mountains2,,
7694,barza,KTW,523
7695,bukan,KTW,523
7696,malekan,HBN,518
7697,miandoab,HBN,518
7698,sain,HBN,518
7699,santeh,JAL,512
7700,takht_e_soleyman,JAL,512
7701,zagros_mountains3,,
7702,zagros_mountains4,,
7703,khoy,DML,517
7704,bayazit,ATZ,516
7705,maku,ATZ,516
7706,hadishahr,JAL,512
7707,marand,JAL,512
7708,nazok_olya,ATZ,516
7709,qarahziaoddin,ATZ,516
7710,siah_cheshmeh,ATZ,516
7711,east_taurus_6,,
7712,miyaneh,JAL,512
7713,aghkand,JAL,512
7714,hashatjin,KKL,525
7715,hashtrud,HBN,518
7716,khalkhal,KKL,525
7717,tabriz,JAL,512
7718,heris,JAL,512
7719,maragheh,JAL,512
7720,sarab,JAL,512
7721,tufarqan,JAL,512
7722,ujan,HBN,518
7723,qaradagh_mountains3,,
7724,qaradagh_mountains4,,
7725,urmia,JAL,512
7726,khameneh,JAL,512
7727,mahabad,SLI,529
7728,osnavieh,MKW,527
7729,salmas,JAL,512
7730,lake_urmia,,
7731,zagros_mountains1,,
7732,zagros_mountains2,,
7733,bampur,BMP,1917
7734,bazman,BMP,1917
7735,dalgan,BMP,1917
7736,espakeh,BMP,1917
7737,fahrej,BMP,1917
7738,karvandar,BMP,1917
7739,rameshk,BMP,1917
7740,hamun_jaz_murian,,
7741,bannajbur,BLA,1918
7742,mahgas,BLA,1918
7743,murt,BLA,1918
7744,nagh,BLA,1918
7745,paroom,BLA,1918
7746,saravan,BLA,1918
7747,suran,BLA,1918
7748,bela,KHZ,1920
7749,hinglaj,MKR,1916
7750,lakhsar,KHZ,1920
7751,ormara,MKR,1916
7752,sonamiani,KHZ,1920
7753,wadh,KHZ,1920
7754,gwadar,MKR,1916
7755,buleda,BLA,1918
7756,irafshan,BLA,1918
7757,kuddan,MKR,1916
7758,pasni,MKR,1916
7759,tump,MKR,1916
7760,turbat,MKR,1916
7761,zik,KLW,1919
7762,kharan,KHN,1906
7763,besima,KHN,1906
7764,chagai,KHN,1906
7765,naalbandin,KHN,1906
7766,washuk,KHN,1906
7767,kharan_desert2,,
7768,kharan_desert3,,
7769,khash,KHN,1906
7770,jaleq,KHN,1906
7771,ladiz,KHN,1906
7772,mashkel,KHN,1906
7773,hamun_mashkel,,
7774,kharan_desert1,,
7775,qasr_e_qand,MKR,1916
7776,gwatar,MKR,1916
7777,kalmat,MKR,1916
7778,rask,MKR,1916
7779,sarbaz,MKR,1916
7780,quetta,NGD,1936
7781,gulistan,NGD,1936
7782,kalat,KLA,1921
7783,mastung,KHN,1906
7784,nushki,KHN,1906
7785,shorabak,NGD,1936
7786,hamun_lora,,
7787,khuzdar,KHZ,1920
7788,awaran,KLW,1919
7789,jhao,KLW,1919
7790,mashkai,KLW,1919
7791,nal,KHZ,1920
7792,surab,KLA,1921
7793,al_tiz,MKR,1916
7794,bandar_e_jask,JSK,1913
7795,bashagard,BMP,1917
7796,bent,MKR,1916
7797,bih,MKR,1916
7798,jagin_zir,JSK,1913
7799,zarabad,MKR,1916
7800,abarkuh,MZF,1898
7801,abadeh,INJ,1900
7802,bavanat,MZF,1898
7803,dehshir,MZF,1898
7804,eqlid,INJ,1900
7805,marvast,MZF,1898
7806,dasht_khara1,,
7807,dasht_khara2,,
7808,behbahan,HZP,1910
7809,dehdasht,HZP,1910
7810,dishmok,HZP,1910
7811,dogonbadan,HZP,1910
7812,hendijan,HZP,1910
7813,suq,HZP,1910
7814,darab,JUR,1908
7815,hajjiabad_zarrindasht,SHB,1907
7816,jannat_shahr,JUR,1908
7817,rostaq,JUR,1908
7818,tarom,JUR,1908
7819,zagros_mountains21,,
7820,firuzabad,INJ,1900
7821,bandar_deyr,INJ,1900
7822,dehram,INJ,1900
7823,kalameh,INJ,1900
7824,khormoj,INJ,1900
7825,riz,INJ,1900
7826,gamrun,ORM,1911
7827,bandar_charak,ORM,1911
7828,bandar_khamir,ORM,1911
7829,bandar_lengeh,ORM,1911
7830,hormuz,ORM,1911
7831,harat,MZF,1898
7832,khabar,MZF,1898
7833,khatunabad,KRM,1899
7834,meshkan,UGH,1909
7835,shahr_e_babak,MZF,1898
7836,istakhr,INJ,1900
7837,aspas,INJ,1900
7838,beyza,INJ,1900
7839,qaryat_al_bidh,INJ,1900
7840,saadatshahr,INJ,1900
7841,shahr_meyan,INJ,1900
7842,jahrom,SHB,1907
7843,fasa,SHB,1907
7844,ij_iran,SHB,1907
7845,juyom,SHB,1907
7846,kavar,INJ,1900
7847,meymand,SHB,1907
7848,kariyan,LST,1923
7849,alamarvdasht,KHU,1901
7850,bagh_iran,KHU,1901
7851,jahreh,KHU,1901
7852,karzin,KHU,1901
7853,khunj,KHU,1901
7854,kazerun,INJ,1900
7855,borazjan,INJ,1900
7856,reyshahr,INJ,1900
7857,farashband,INJ,1900
7858,sar_mashhad,INJ,1900
7859,zagros_mountains16,,
7860,lar,LST,1923
7861,darz,LST,1923
7862,dehtal,LST,1923
7863,fin,LST,1923
7864,ruydar,LST,1923
7865,qala_safid,INJ,1900
7866,bandar_deylam,INJ,1900
7867,bandar_rig,INJ,1900
7868,basht,INJ,1900
7869,jannaba,INJ,1900
7870,nurabad,INJ,1900
7871,shiraz,INJ,1900
7872,abadeh_tashk,INJ,1900
7873,kherameh,INJ,1900
7874,neyriz,SHB,1907
7875,sarvestan,INJ,1900
7876,zarqan,INJ,1900
7877,lake_batkhtegan,,
7878,lake_maharlu,,
7879,lake_tashk,,
7880,siraf,FAL,1912
7881,ahel,KHU,1901
7882,asir,FAL,1912
7883,bastak,LST,1923
7884,kish,ORM,1911
7885,ardestan,INJ,1900
7886,anarak,MZF,1898
7887,aqda,MZF,1898
7888,nain,MZF,1898
7889,natanz,INJ,1900
7890,zavareh,MZF,1898
7891,golpayegan,HZP,1910
7892,delijan,HDN,1925
7893,khwansar,HZP,1910
7894,khomeyn,HDN,1925
7895,mahallat,HDN,1925
7896,nimvar,HDN,1925
7897,hamadan,HDN,1925
7898,karaj_abi_dulaf,HDN,1925
7899,khondab,HDN,1925
7900,kurijan,HDN,1925
7901,qorveh_darjazin,HDN,1925
7902,saruk,HDN,1925
7903,tafresh,HDN,1925
7904,zagros_mountains7,,
7905,isfahan,INJ,1900
7906,dehagh,INJ,1900
7907,dowlatabad,INJ,1900
7908,komshecheh,INJ,1900
7909,murcheh_khvort,INJ,1900
7910,tudeshk,INJ,1900
7911,zagros_mountains13,,
7912,zagros_mountains14,,
7913,qazvin,BDS,1915
7914,abhar,GRG,1904
7915,avaj,GRG,1904
7916,qeydar,GRG,1904
7917,sagzabad,GRG,1904
7918,savojbolagh,BDS,1915
7919,takestan,GRG,1904
7920,zagros_mountains6,,
7921,qom,QOM,1926
7922,aveh,QOM,1926
7923,kahak,QOM,1926
7924,kashan,KSA,1927
7925,maranjab,KSA,1927
7926,neyasar,KSA,1927
7927,saveh,QOM,1926
7928,lake_hovz_soltan,,
7929,lake_namak,,
7930,zagros_mountains8,,
7931,qumisha,INJ,1900
7932,fereydunshahr,HZP,1910
7933,karkevand,INJ,1900
7934,ramsheh,INJ,1900
7935,sohrfiruzan,INJ,1900
7936,yangabad,INJ,1900
7937,yazdikhwast,INJ,1900
7938,rey,BDS,1915
7939,damavand,GRG,1904
7940,eyvanekey,GRG,1904
7941,karaj,BDS,1915
7942,khwar,GRG,1904
7943,rahimabad,GRG,1904
7944,razeqan,GRG,1904
7945,varamin,GRG,1904
7946,yazd,MZF,1898
7947,ardakan,MZF,1898
7948,meybod,MZF,1898
7949,nadushan,MZF,1898
7950,saryazd,MZF,1898
7951,taft,MZF,1898
7952,zagros_mountains15,,
7953,zanjan,JAL,512
7954,mahneshan,JAL,512
7955,sarcham,JAL,512
7956,sojas,JAL,512
7957,soltaniyeh,GRG,1904
7958,elburz_mountains4,,
7959,zagros_mountains5,,
7960,bam,KRM,1899
7961,fahraj_narmashir,KRM,1899
7962,narmashir,KRM,1899
7963,rayen,KRM,1899
7964,rigan,KRM,1899
7965,sepeh,KHN,1906
7966,dasht_lut2,,
7967,jiroft,KRM,1899
7968,baft,KRM,1899
7969,dowlatabad_esfandaqeh,KRM,1899
7970,rabor,KRM,1899
7971,sarduiyeh,KRM,1899
7972,zakht,KRM,1899
7973,zagros_mountains19,,
7974,zagros_mountains20,,
7975,kahnuj,KRM,1899
7976,mardehek,KRM,1899
7977,qaleh_ganj,BMP,1917
7978,shahabad_kerman,BMP,1917
7979,kerman,KRM,1899
7980,ghobeyra,KRM,1899
7981,mahan,KRM,1899
7982,shahdad,KRM,1899
7983,hamun_dasht_lut,,
7984,dasht_lut1,,
7985,dasht_lut5,,
7986,minab,ORM,1911
7987,golashkerd,KRM,1899
7988,manujan,ORM,1911
7989,nowdezh,ORM,1911
7990,rudkhaneh,ORM,1911
7991,shaqrud,ORM,1911
7992,senderk,ORM,1911
7993,sirik,ORM,1911
7994,rafsanjan,KRM,1899
7995,anar,MZF,1898
7996,baghin,KRM,1899
7997,bahreman,MZF,1898
7998,bardsir,KRM,1899
7999,dehaj,MZF,1898
8000,ernan,MZF,1898
8001,negar,KRM,1899
8002,zagros_mountains17,,
8003,zagros_mountains18,,
8004,sirjan,KRM,1899
8005,arzu,KRM,1899
8006,hajjiabad,UGH,1909
8007,khabr,KRM,1899
8008,qatruyeh,UGH,1909
8009,saadatabad,KRM,1899
8010,soghan,KRM,1899
8011,zarand_iran,KRM,1899
8012,bafq,MZF,1898
8013,behabad,MZF,1898
8014,kuhbanan,MZF,1898
8015,ravar,KRM,1899
8016,ravar_nayband_corridor,,
8017,dasht_lut4,,
8018,ahvaz,HLG,1935
8019,dowraq,HLG,1935
8020,hamidiyeh,HLG,1935
8021,hoveyzeh,HLG,1935
8022,mosharahat,HLG,1935
8023,muhammerah,HLG,1935
8024,borujerd,LCK,1922
8025,aligurdaz,LCK,1922
8026,borborud,LCK,1922
8027,dorud,LCK,1922
8028,gerit,LCK,1922
8029,sibak,LCK,1922
8030,deh_kord,INJ,1900
8031,borujen,INJ,1900
8032,samiram,INJ,1900
8033,sisakht,INJ,1900
8034,vanak,INJ,1900
8035,yasuj,INJ,1900
8036,dezful,HZP,1910
8037,andimeshk,HZP,1910
8038,masjed_soleyman,HZP,1910
8039,shush,HZP,1910
8040,shushtar,HZP,1910
8041,somaleh,HZP,1910
8042,izeh,HZP,1910
8043,andika,HZP,1910
8044,dehdez,HZP,1910
8045,lordegan,HZP,1910
8046,naghan,HZP,1910
8047,zagros_mountains12,,
8048,khorramabad,LCK,1922
8049,aleshtar,LCK,1922
8050,kuhdast,LCK,1922
8051,pol_dokhtar,LCK,1922
8052,sarab_dowreh,LCK,1922
8053,ramhormoz,HZP,1910
8054,bagh_malek,HZP,1910
8055,khalafabad,HLG,1935
8056,machul,ORM,1911
8057,quban,HLG,1935
8058,bijar,JAL,512
8059,bashqurtaran,JAL,512
8060,dehgolan,JAL,512
8061,divandarreh,JAL,512
8062,ghorveh,JAL,512
8063,sohrevard,JAL,512
8064,yasukand,JAL,512
8065,kermanshah,RKL,528
8066,badreh,KLR,522
8067,darrehshahr,KLR,522
8068,harunabad,KLR,522
8069,holeylan,RKL,528
8070,kamyaran,KEL,524
8071,nahavand,KEL,524
8072,asadabad,KEL,524
8073,bisotun,RKL,528
8074,malayer,KEL,524
8075,sonqor,KEL,524
8076,zagros_mountains9,,
8077,zagros_mountains10,,
8078,zagros_mountains11,,
8079,sahrazur,HNY,520
8080,hawraman,ARD,515
8081,javanrud,KRI,526
8082,marivan,ARD,515
8083,muchesh,KEL,524
8084,qasr_shirin,KRI,526
8085,sanandaj,ARD,515
8086,sulaymaniyah,HDR,519
8087,damghan,GRG,1904
8088,bastam,GRG,1904
8089,lasjerd,GRG,1904
8090,qumis,GRG,1904
8091,semnan,GRG,1904
8092,elburz_mountains9,,
8093,elburz_mountains10,,
8094,rudbar,GRG,1904
8095,shahrestan_sofla,GRG,1904
8096,shamiram,GRG,1904
8097,sirdan,GRG,1904
8098,rasht,RSH,1949
8099,fuman,FMN,1948
8100,lahijan,LHJ,1946
8101,langarud,RNK,1947
8102,gorgan,GRG,1904
8103,aliabad_katul,GRG,1904
8104,astarabad,ASR,1928
8105,etrek,GRG,1904
8106,incheh_borun,GRG,1904
8107,minudasht,GRG,1904
8108,mubarakabad,GRG,1904
8109,nardin,GRG,1904
8110,tammisha,ASR,1928
8111,amol,MZN,1914
8112,al_mamtir,MZN,1914
8113,chalus,BDS,1915
8114,kojur,BDS,1915
8115,tonekabon,BDS,1915
8116,elburz_mountains5,,
8117,elburz_mountains6,,
8118,sari,MZN,1914
8119,ashraf,MZN,1914
8120,farim_iran,MZN,1914
8121,firuzkuh,GRG,1904
8122,lafur,MZN,1914
8123,elburz_mountains7,,
8124,elburz_mountains8,,
8125,dulab,IHB,521
8126,astara,IHB,521
8127,bandar_e_anzali,TLM,1950
8128,lankaran,IHB,521
8129,elburz_mountains1,,
8130,elburz_mountains2,,
8131,elburz_mountains3,,
8132,birjand,KHT,1932
8133,deyhuk,KHT,1932
8134,khusf,KHT,1932
8135,khvor,KHT,1932
8136,mazhan,KHT,1932
8137,nayband,KHT,1932
8138,qala_zari,KHT,1932
8139,dasht_lut3,,
8140,gonabad,KHT,1932
8141,azghand,KRT,1902
8142,mahvelat,KRT,1902
8143,roshtkhar,KRT,1902
8144,salameh,KHF,1934
8145,zaveh,KRT,1902
8146,qaen,KHT,1932
8147,abiz,KHT,1932
8148,khargerd,KHF,1934
8149,shahrakht,KHT,1932
8150,tabas_al_unnab,KHT,1932
8151,yazduye,KHT,1932
8152,zohan,KHT,1932
8153,zozan,KHF,1934
8154,dasht_khaf1,,
8155,dasht_khaf2,,
8156,tabas_al_tamr,KHT,1932
8157,dastgerdan,KHT,1932
8158,jondaq,MZF,1898
8159,korit,KHT,1932
8160,ribat_ushturan,MZF,1898
8161,saghand,MZF,1898
8162,anarak_jondaq_corridor,,
8163,ribat_ushturan_jondaq_corridor,,
8164,tabas_al_tamr_ribat_ushturan_corridor,,
8165,hamun_dasht_kavir,,
8166,dasht_kavir1,,
8167,dasht_kavir2,,
8168,turaythith,KRT,1902
8169,bajestan,KHT,1932
8170,boshruyeh,KHT,1932
8171,kashmar,KRT,1902
8172,sarayan,KHT,1932
8173,tun,KHT,1932
8174,adraskan,KRT,1902
8175,azab,KRT,1902
8176,firuzkuh_afghanistan,KRT,1902
8177,khaysar,KRT,1902
8178,shindand,KRT,1902
8179,paropamisus_mountains2,,
8180,bost,MIH,1905
8181,baghran,BSD,1938
8182,deh_kundi,BSD,1938
8183,gereshk,MIH,1905
8184,kajran,BSD,1938
8185,musa_qala,MIH,1905
8186,tarinkot,BSD,1938
8187,paropamisus_mountains3,,
8188,paropamisus_mountains5,,
8189,farah,MIH,1905
8190,anardara,MIH,1905
8191,doroh,KHT,1932
8192,lash_joveyn,MIH,1905
8193,sarbisheh,KHT,1932
8194,shahr_sabz,MIH,1905
8195,garmsir,MIH,1905
8196,banader,MIH,1905
8197,khanashin,MIH,1905
8198,maiwand,MIH,1905
8199,pangvay,MIH,1905
8200,dasht_registan,,
8201,ghazni,NGD,1936
8202,gardez,NGD,1936
8203,muqur,NGD,1936
8204,nawah,NGD,1936
8205,wazakhwa,NGD,1936
8206,zarghun_shahr,NGD,1936
8207,kabul,QUN,1937
8208,alishang,QUN,1937
8209,chak,QUN,1937
8210,gandamak,QUN,1937
8211,jalalabad,QUN,1937
8212,logar,QUN,1937
8213,kohi_safi,QUN,1937
8214,paropamisus_mountains6,,
8215,tora_bora_mountains,,
8216,kandahar,NGD,1936
8217,arghestan,NGD,1936
8218,chaman,NGD,1936
8219,deychopan,NGD,1936
8220,maruf,NGD,1936
8221,qalat_ghilji,NGD,1936
8222,zabol,MIH,1905
8223,chehl_dokhtaran,MIH,1905
8224,dowzdab,KHN,1906
8225,nehbandan,MIH,1905
8226,shusef,MIH,1905
8227,zaranj,MIH,1905
8228,bahramchah,MIH,1905
8229,delaram,MIH,1905
8230,khash_sistan,MIH,1905
8231,qala_fateh,MIH,1905
8232,qarnin,MIH,1905
8233,rudbar_sistan,MIH,1905
8234,hamun_gowd_zerah,,
8235,hamun_pushak,,
8236,hamun_saberi,,
8237,dasht_khash,,
8238,dasht_margoh,,
8239,dasht_tarakun,,
8240,khann_cape,,
8241,bushehr_bay,,
8242,khark_island,,
8243,iranian_bay,,
8244,tarout_bay,,
8245,gulf_bahrein,,
8246,matbakh_cape,,
8247,abu_gamys_cape,,
8248,das_island,,
8249,kish_island,,
8250,tangeh_khoran_strait,,
8251,lavan_island,,
8252,nayband_gulf,,
8253,persian_gulf,,
8254,strait_hormuz,,
8255,shaykh_masud_cape,,
8256,abu_abyad_island,,
8257,southern_trucial_coast,,
8258,northern_trucial_coast,,
8259,kuwait_bay,,
8260,zawr_cape,,
8261,mishab_cape,,
8262,alaly_cape,,
8263,ningde,CHI,761
8264,fuan,CHI,761
8265,changshi,CHI,761
8266,minxian,CHI,761
8267,lianjiang,CHI,761
8268,luoyuan,CHI,761
8269,houguan,CHI,761
8270,minqing,CHI,761
8271,changle_fujian,CHI,761
8272,gutian,CHI,761
8273,yongfu_fuzhou,CHI,761
8274,ouning,CHI,761
8275,jianan,CHI,761
8276,pucheng_jianning,CHI,761
8277,songxi,CHI,761
8278,jianyang,CHI,761
8279,chongan,CHI,761
8280,zhenghe,CHI,761
8281,wuyishan2,,
8282,jinjiang,CHI,761
8283,tongan,CHI,761
8284,anxi,CHI,761
8285,dehua,CHI,761
8286,huian,CHI,761
8287,yongchun,CHI,761
8288,nanan_quanzhou,CHI,761
8289,shaowu,CHI,761
8290,guangze,CHI,761
8291,taining,CHI,761
8292,jianning,CHI,761
8293,changting,CHI,761
8294,ninghua_tingzhou,CHI,761
8295,liancheng,CHI,761
8296,shanghang,CHI,761
8297,qingliu,CHI,761
8298,wuping,CHI,761
8299,mingxi,CHI,761
8300,yongding_shanghang,CHI,761
8301,putian,CHI,761
8302,fuqing,CHI,761
8303,xianyou,CHI,761
8304,nanping,CHI,761
8305,datian,CHI,761
8306,shaxian,CHI,761
8307,jiangle,CHI,761
8308,shunchang,CHI,761
8309,yongan_sha,CHI,761
8310,youxi,CHI,761
8311,longxi,CHI,761
8312,zhaoan,CHI,761
8313,huafeng,CHI,761
8314,longyan,CHI,761
8315,pinghe,CHI,761
8316,nansheng,CHI,761
8317,zhangpu,CHI,761
8318,changtai,CHI,761
8319,zhangping,CHI,761
8320,baicang,CHI,761
8321,baima,CHI,761
8322,longhui,CHI,761
8323,shaoyang,CHI,761
8324,suxi,CHI,761
8325,xinhua,CHI,761
8326,changsha,CHI,761
8327,anhua_anhua,CHI,761
8328,dongping,CHI,761
8329,yiyang_changsha,CHI,761
8330,ningxiang,CHI,761
8331,qiaokou,CHI,761
8332,xiangyin,CHI,761
8333,chenyang,CHI,761
8334,guidong,CHI,761
8335,guiyang_chenzhou,CHI,761
8336,yizhang,CHI,761
8337,yongxing,CHI,761
8338,xinning_chen,CHI,761
8339,wugangshan,,
8340,wanyangshan,,
8341,yingdao,CHI,761
8342,yongming,CHI,761
8343,ningyuan,CHI,761
8344,jianghua,CHI,761
8345,nanling3,,
8346,pingyang_guiyang,CHI,761
8347,changning,CHI,761
8348,lanshan,CHI,761
8349,leiyang,CHI,761
8350,linwu,CHI,761
8351,hengyang,CHI,761
8352,anren,CHI,761
8353,hengshan,CHI,761
8354,lingxian,CHI,761
8355,xincheng,CHI,761
8356,wugang,CHI,761
8357,chengbu,CHI,761
8358,xiakou,CHI,761
8359,xinning_wugang,CHI,761
8360,nanling1,,
8361,xiangxiang,CHI,761
8362,loudi,CHI,761
8363,xiangtan,CHI,761
8364,yongfeng_xiangxiang,CHI,761
8365,lukou,CHI,761
8366,lingling,CHI,761
8367,dongan_yongzhou,CHI,761
8368,lengshuitan,CHI,761
8369,guiyang_hengyang,CHI,761
8370,qiyang,CHI,761
8371,youzhou,CHI,761
8372,chaling,CHI,761
8373,yongan_youzhou,CHI,761
8374,liling,CHI,761
8375,liuyang,CHI,761
8376,baling,CHI,761
8377,changshou_pingjiang,CHI,761
8378,huarong,CHI,761
8379,linxiang,CHI,761
8380,pingjiang,CHI,761
8381,wuling,CHI,761
8382,taoyuan,CHI,761
8383,longyang,CHI,761
8384,yuanjiang,CHI,761
8385,yuannan,CHI,761
8386,dongting_lake,,
8387,yuanling,CHI,761
8388,chenxi,CHI,761
8389,huaihua,CHI,761
8390,xupu,CHI,761
8391,madi_yuanling,CHI,761
8392,luxi,CHI,761
8393,yongping,CHI,761
8394,suining_jing,CHI,761
8395,huitong,CHI,761
8396,tongdao,CHI,761
8397,tianzhu,CHI,761
8398,liyang_lizhou,CHI,761
8399,anfu_li,CHI,761
8400,anxiang,CHI,761
8401,cili,CHI,761
8402,shimen,CHI,761
8403,tianping,TNP,833
8404,shixi,SGZ,834
8405,dayong,CHI,761
8406,shizhou,CHI,761
8407,datian_shizhou,TGY,830
8408,lichuan,ZGL,829
8409,rongmei,RGM,832
8410,wufeng,RGM,832
8411,sanmao,DWG,835
8412,zhonglu,ZGL,829
8413,shinan,GLU,831
8414,wulingshan,,
8415,yongshun_yongshun,YGS,836
8416,guzhang,YGS,836
8417,shangxi,YGS,836
8418,baojing,BJG,837
8419,wuzhai,WZH,845
8420,luyang,CHI,761
8421,qianyang_yuanzhou,CHI,761
8422,mayang,CHI,761
8423,zhongxiang,CHI,761
8424,fengle,CHI,761
8425,shipai,CHI,761
8426,fushui,CHI,761
8427,jingshan,CHI,761
8428,anlu,CHI,761
8429,xiaogan,CHI,761
8430,yingcheng,CHI,761
8431,yunmeng,CHI,761
8432,fangling,CHI,761
8433,banqiao,CHI,761
8434,baokang,CHI,761
8435,baihekou,CHI,761
8436,bomoping,CHI,761
8437,zhushan,CHI,761
8438,zhuxi,CHI,761
8439,fengxi,CHI,761
8440,zigui,CHI,761
8441,xingshan,CHI,761
8442,xinhua_guizhou,CHI,761
8443,badong,CHI,761
8444,jingshan_mountains,,
8445,hanyang,CHI,761
8446,hanchuan,CHI,761
8447,huanggang,CHI,761
8448,qichun,CHI,761
8449,luotian,CHI,761
8450,huangan,CHI,761
8451,huangpi,CHI,761
8452,huangmei,CHI,761
8453,macheng,CHI,761
8454,qishui,CHI,761
8455,guangji,CHI,761
8456,changlin,CHI,761
8457,dangyang,CHI,761
8458,shayang,CHI,761
8459,jiangling,CHI,761
8460,gongan,CHI,761
8461,songzi,CHI,761
8462,qianjiang,CHI,761
8463,jianli,CHI,761
8464,shishou,CHI,761
8465,zhijiang,CHI,761
8466,yun,CHI,761
8467,wudang,CHI,761
8468,huanglong,CHI,761
8469,shangjin,CHI,761
8470,yunxi,CHI,761
8471,yusha,CHI,761
8472,jingling,CHI,761
8473,xindi,CHI,761
8474,hong_lake,,
8475,suixian,CHI,761
8476,gaocheng_suizhou,CHI,761
8477,yingshan,CHI,761
8478,tangcheng,CHI,761
8479,meiqiu,CHI,761
8480,jiangxia,CHI,761
8481,wuchang,CHI,761
8482,jinkou,CHI,761
8483,tongcheng_wuchang,CHI,761
8484,puqi,CHI,761
8485,chongyang,CHI,761
8486,xianning,CHI,761
8487,jiayu,CHI,761
8488,liangzi_lake,,
8489,xiangyang,CHI,761
8490,gucheng,CHI,761
8491,jinxiangping,CHI,761
8492,guanghua,CHI,761
8493,lutoudian,CHI,761
8494,nanzhang,CHI,761
8495,fancheng,CHI,761
8496,yicheng,CHI,761
8497,zaoyang,CHI,761
8498,yongxing_xingguo,CHI,761
8499,daye,CHI,761
8500,tongshan,CHI,761
8501,yiling,CHI,761
8502,changyang,CHI,761
8503,yuanan,CHI,761
8504,jinzhuping,CHI,761
8505,yidu,CHI,761
8506,dingnan,CHI,761
8507,changning_anyuan,CHI,761
8508,longnan,CHI,761
8509,anyuan_dingnan,CHI,761
8510,linchuan,CHI,761
8511,lean_fuzhou,CHI,761
8512,chongren,CHI,761
8513,yihuang,CHI,761
8514,dongxiang,CHI,761
8515,jinxi,CHI,761
8516,ganxian,CHI,761
8517,yudu,CHI,761
8518,xinfeng,CHI,761
8519,xingguo,CHI,761
8520,shangrao,CHI,761
8521,yushan_guangxin,CHI,761
8522,yanshan_guangxin,CHI,761
8523,guixi_guangxin,CHI,761
8524,yiyang_guangxin,CHI,761
8525,yongfeng,CHI,761
8526,luling,CHI,761
8527,yongfeng_jian,CHI,761
8528,futian,CHI,761
8529,anfu_jian,CHI,761
8530,jishui,CHI,761
8531,nancheng,CHI,761
8532,nanfeng,CHI,761
8533,xincheng_jianchang,CHI,761
8534,guangchang,CHI,761
8535,dehua_jiujiang,CHI,761
8536,pengze,CHI,761
8537,dean,CHI,761
8538,ruichang,CHI,761
8539,hukou,CHI,761
8540,qingjiang,CHI,761
8541,xingan_linjiang,CHI,761
8542,xinyu,CHI,761
8543,dayu,CHI,761
8544,chongyi,CHI,761
8545,nankang,CHI,761
8546,shangyou,CHI,761
8547,nanchang,CHI,761
8548,fengcheng_fengcheng,CHI,761
8549,jinxian,CHI,761
8550,xinjian,CHI,761
8551,xingzi,CHI,761
8552,duchang,CHI,761
8553,anyi,CHI,761
8554,jianchang,CHI,761
8555,poyang_lake,,
8556,ningdu,CHI,761
8557,qianhua,CHI,761
8558,shicheng_ningdu,CHI,761
8559,ruijin,CHI,761
8560,huichang,CHI,761
8561,fenning,CHI,761
8562,fengxin,CHI,761
8563,jingan,CHI,761
8564,wuning,CHI,761
8565,tonggu,CHI,761
8566,jiulingshan,,
8567,taihe_taihe,CHI,761
8568,wanan,CHI,761
8569,yongxin,CHI,761
8570,yongning_taihe,CHI,761
8571,longquan_taihe,CHI,761
8572,poyang,CHI,761
8573,anren_raozhou,CHI,761
8574,dexing,CHI,761
8575,fuliang,CHI,761
8576,leping,CHI,761
8577,shimen_poyang,CHI,761
8578,wannian,CHI,761
8579,yugan,CHI,761
8580,gaoan,CHI,761
8581,shanggao,CHI,761
8582,xinchang_yifeng,CHI,761
8583,yichun,CHI,761
8584,fenyi,CHI,761
8585,wanzai,CHI,761
8586,pingxiang,CHI,761
8587,wujin,CHI,761
8588,jiangyin,CHI,761
8589,wuxi,CHI,761
8590,yixing,CHI,761
8591,ge_lake,,
8592,tai_lake,,
8593,guichi,CHI,761
8594,shidai,CHI,761
8595,qingyang,CHI,761
8596,tongling,CHI,761
8597,dongliu,CHI,761
8598,guangde,CHI,761
8599,jianping,CHI,761
8600,liyang,CHI,761
8601,shexian,CHI,761
8602,yixian,CHI,761
8603,xiuning,CHI,761
8604,jixi_huizhou,CHI,761
8605,tunxi,CHI,761
8606,qimen,CHI,761
8607,wuyuan_huizhou,CHI,761
8608,ningguo,CHI,761
8609,taiping_ningguo,CHI,761
8610,jingxian,CHI,761
8611,jingde,CHI,761
8612,nanling,CHI,761
8613,xuancheng,CHI,761
8614,nanyi_lake,,
8615,huating,CHI,761
8616,nanhui,CHI,761
8617,shanghai,CHI,761
8618,dianshan_lake,,
8619,wuxian,CHI,761
8620,changshu,CHI,761
8621,chongming,CHI,761
8622,jiading,CHI,761
8623,kunshan,CHI,761
8624,wujiang,CHI,761
8625,yangcheng_lake,,
8626,dangtu,CHI,761
8627,fanchang,CHI,761
8628,wuhu,CHI,761
8629,shijiu_lake,,
8630,shangyuan,CHI,761
8631,jiangning,CHI,761
8632,jurong,CHI,761
8633,luhe,CHI,761
8634,lishui_yingtian,CHI,761
8635,wujiang_yingtian,CHI,761
8636,dantu,CHI,761
8637,danyang,CHI,761
8638,jintan,CHI,761
8639,tao_lake,,
8640,gaoyou,CHI,761
8641,xinghua,CHI,761
8642,baoying,CHI,761
8643,baima_lake,,
8644,gaoyou_lake,,
8645,qushan,CHI,761
8646,banpu,CHI,761
8647,gaoqiao,CHI,761
8648,ganyu,CHI,761
8649,shuyang,CHI,761
8650,shanyang_huaian,CHI,761
8651,andong_huaian,CHI,761
8652,qinghe_huaian,CHI,761
8653,yancheng,CHI,761
8654,funing_huaian,CHI,761
8655,taoyuan_huaian,CHI,761
8656,hongze_lake,,
8657,xiapi,CHI,761
8658,suining_pizhou,CHI,761
8659,suqian,CHI,761
8660,xinyi,CHI,761
8661,luoma_lake,,
8662,hailing,CHI,761
8663,xixi,CHI,761
8664,rugao,CHI,761
8665,jinghai_tongzhou,CHI,761
8666,juegang,CHI,761
8667,haimen,CHI,761
8668,xuzhou,CHI,761
8669,dangshan,CHI,761
8670,fengxian,CHI,761
8671,xiaoxian,CHI,761
8672,peixian,CHI,761
8673,jiangdu,CHI,761
8674,taixing,CHI,761
8675,yangzi,CHI,761
8676,huaining,CHI,761
8677,qianshan,CHI,761
8678,susong,CHI,761
8679,taihu,CHI,761
8680,tongcheng_anqing,CHI,761
8681,wangjiang,CHI,761
8682,zongyang,CHI,761
8683,longgan_lake,,
8684,qiaoxian,CHI,761
8685,chengfu,CHI,761
8686,mengcheng,CHI,761
8687,qingliu_chuzhou,CHI,761
8688,zhaoxin,CHI,761
8689,quanjiao,CHI,761
8690,laian,CHI,761
8691,zhongli,CHI,761
8692,dingyuan_fengyang,CHI,761
8693,huaiyuan,CHI,761
8694,hezhou_he,CHI,761
8695,hanshan,CHI,761
8696,wuwei,CHI,761
8697,luan,CHI,761
8698,huoqiu,CHI,761
8699,huoshan,CHI,761
8700,mabu,CHI,761
8701,shucheng,CHI,761
8702,yuexi,CHI,761
8703,yingshan_luan,CHI,761
8704,hefei,CHI,761
8705,chaoxian,CHI,761
8706,liangxian,CHI,761
8707,lujiang_luzhou,CHI,761
8708,chao_lake,,
8709,shouchun,CHI,761
8710,shuihu,CHI,761
8711,xiacai,CHI,761
8712,hongxian,CHI,761
8713,linhuai,CHI,761
8714,tianchang,CHI,761
8715,wuhe,CHI,761
8716,xuyi,CHI,761
8717,suzhou_fengyang,CHI,761
8718,guzhen,CHI,761
8719,lingbi,CHI,761
8720,linhuan,CHI,761
8721,yingzhou,CHI,761
8722,yingshui,CHI,761
8723,yingshang,CHI,761
8724,shenqiu,CHI,761
8725,taihe,CHI,761
8726,amis,,
8727,paiwan,,
8728,takbanuao,,
8729,truku,,
8730,nanhudashan,,
8731,yushan,,
8732,basai,,
8733,kavalan,,
8734,ketagalan,,
8735,kulun,,
8736,pakuali,,
8737,squliq,,
8738,siraya,,
8739,ishbukun,,
8740,lloa,,
8741,makatao,,
8742,rukai,,
8743,takitudu,,
8744,tsou,,
8745,papora,,
8746,arikun,,
8747,babuza,,
8748,mayrinax,,
8749,seediq,,
8750,taokas,,
8751,xueshan,,
8752,lishui,CHI,761
8753,daxue,CHI,761
8754,qingtian,CHI,761
8755,minghe,CHI,761
8756,longquan,CHI,761
8757,suichang,CHI,761
8758,qingyuan_chuzhou,CHI,761
8759,jinyun,CHI,761
8760,songyang,CHI,761
8761,yunhe,CHI,761
8762,wuyishan1,,
8763,hangzhou,CHI,761
8764,fuyang_hangzhou,CHI,761
8765,haining,CHI,761
8766,linan,CHI,761
8767,yuhang,CHI,761
8768,wuxing,CHI,761
8769,anji,CHI,761
8770,deqing,CHI,761
8771,changxing,CHI,761
8772,jiaxing,CHI,761
8773,chongde,CHI,761
8774,haiyan,CHI,761
8775,jinhua,CHI,761
8776,dongyang,CHI,761
8777,wuyi_jinhua,CHI,761
8778,lanxi,CHI,761
8779,pujiang,CHI,761
8780,yiwu,CHI,761
8781,yongkang,CHI,761
8782,dinghai,CHI,761
8783,cixi,CHI,761
8784,xiangshan,CHI,761
8785,fenghua,CHI,761
8786,yinxian,CHI,761
8787,changguo,CHI,761
8788,xian_quzhou,CHI,761
8789,jiangshan,CHI,761
8790,kaihua,CHI,761
8791,longyou,CHI,761
8792,changshan,CHI,761
8793,shaoxing,CHI,761
8794,shangyu,CHI,761
8795,shengxian,CHI,761
8796,xiaoshan,CHI,761
8797,xinchang,CHI,761
8798,yuyao,CHI,761
8799,zhuji,CHI,761
8800,linhai,CHI,761
8801,xianzhu,CHI,761
8802,huangyan,CHI,761
8803,ninghai,CHI,761
8804,wenling,CHI,761
8805,tiantai,CHI,761
8806,xianju,CHI,761
8807,yongjia,CHI,761
8808,pingyang,CHI,761
8809,yueqing,CHI,761
8810,luoyang_wenzhou,CHI,761
8811,ruian,CHI,761
8812,shuangxi,CHI,761
8813,jiande,CHI,761
8814,chunan,CHI,761
8815,suian,CHI,761
8816,tonglu,CHI,761
8817,yantze_estuary,,
8818,nanhui_cape,,
8819,zhousan_archipelago1,,
8820,hangzhou_bay,,
8821,qiantang_estuary,,
8822,east_china_sea1,,
8823,sanmen_bay,,
8824,shacheng_harbour,,
8825,yueqing_bay,,
8826,zhousan_archipelago2,,
8827,east_china_sea8,,
8828,east_china_sea9,,
8829,east_china_sea10,,
8830,east_china_sea6,,
8831,chilai_cape,,
8832,lan_island,,
8833,tulan_bay,,
8834,tapeng_bay,,
8835,pescadores_strait,,
8836,sansha_bay,,
8837,tamsui_estuary,,
8838,santiao_cape,,
8839,xiamen_harbour,,
8840,xinghua_bay,,
8841,zhuoshui_estuary,,
8842,zhengjia_bay,,
8843,chengshan_cape,,
8844,daqiao_bay,,
8845,jiaozhou_bay,,
8846,yellow_sea1,,
8847,yellow_sea5,,
8848,wunansha_island,,
8849,changsha_island,,
8850,haizhou_bay,,
8851,jiangsu_coast,,
8852,yellow_sea2,,
8853,yellow_sea3,,
8854,yellow_sea4,,
8855,kunashiri,,
8856,etorofu,,
8857,furubetsu,,
8858,shana,,
8859,shibetoro,,
8860,uruppu,,
8861,shimushiru,,
8862,onnekotan,,
8863,paramushiru,,
8864,shumushu,,
8865,makanru,,
8866,shasukotan,,
8867,rasshua,,
8868,repunmoshiri,,
8869,saru,,
8870,niikappu,,
8871,shizunai,,
8872,urakawa,,
8873,samani,,
8874,abuta,,
8875,shiraoi,,
8876,chitose,,
8877,yuufutsu,,
8878,ishikari,,
8879,sapporo,,
8880,yuubari,,
8881,sorachi,,
8882,atsuta,,
8883,uryuu,,
8884,nakakamikawa,,
8885,shari,,
8886,abashiri,,
8887,tokoro,,
8888,monbetsu,,
8889,esashi_hokkaido,,
8890,souya,,
8891,rishiri,,
8892,shiranuka,,
8893,kushiro,,
8894,akan_loc,,
8895,akkeshi,,
8896,kawakami_hokkaido,,
8897,minamiabashiri,,
8898,ashoro,,
8899,nemuro,,
8900,notsuke,,
8901,shibetsu,,
8902,hanasaki,,
8903,habomai,,
8904,hiyama_hokkaido,,
8905,fukushima,,
8906,kamiiso,,
8907,kameda,,
8908,kayabe,,
8909,nishi,,
8910,yamakoshi,,
8911,futoro,,
8912,setana,,
8913,shimamaki,,
8914,suttsu,,
8915,isoya,,
8916,iwanai,,
8917,furubira,,
8918,yoichi,,
8919,teshio,,
8920,kitanakagawa,,
8921,kitakamikawa,,
8922,tomamae,,
8923,rumoi,,
8924,tokachi,,
8925,hiroo,,
8926,toubui,,
8927,kasai,,
8928,minamikamikawa,,
8929,katou,,
8930,minaminakagawa,,
8931,ishikari_mountains,,
8932,hidaka_mountains,,
8933,imizu,JAP,610
8934,niikawa,JAP,610
8935,nei,JAP,610
8936,tonami,JAP,610
8937,higashikubiki,JAP,610
8938,nishikubiki,JAP,610
8939,iwafune,JAP,610
8940,nutari,JAP,610
8941,nishikanbara,JAP,610
8942,higashikanbara,JAP,610
8943,koshi,JAP,610
8944,kariwa,JAP,610
8945,minamiuonuma,JAP,610
8946,kitauonuma,JAP,610
8947,iide_mountains,,
8948,nyuu,JAP,610
8949,sakai_echizen,JAP,610
8950,nakaoono,JAP,610
8951,imadate,JAP,610
8952,tsuruga,JAP,610
8953,nomi,JAP,610
8954,kaga,JAP,610
8955,noto_jap,JAP,610
8956,fugeshi,JAP,610
8957,suzu,JAP,610
8958,sawata,JAP,610
8959,kamo,JAP,610
8960,osaka,JAP,610
8961,kawabe,JAP,610
8962,muko,JAP,610
8963,izumi,JAP,610
8964,kyoto,JAP,610
8965,kuse,JAP,610
8966,takaichi,JAP,610
8967,nara,JAP,610
8968,yoshino,JAP,610
8969,kii_mountains,,
8970,nakata,JAP,610
8971,awa_shikoku,JAP,610
8972,awaji,JAP,610
8973,naka_shikoku,JAP,610
8974,kaifu,JAP,610
8975,mima,JAP,610
8976,miyoshi_shikoku,JAP,610
8977,mount_tsurugi,,
8978,ochi,JAP,610
8979,iyo,JAP,610
8980,nii,JAP,610
8981,ukena,JAP,610
8982,kita_shikoku,JAP,610
8983,uwa,JAP,610
8984,kaisou,JAP,610
8985,higashimuro,JAP,610
8986,minamimuro,JAP,610
8987,nishimuro,JAP,610
8988,hidaka,JAP,610
8989,naga,JAP,610
8990,aya,JAP,610
8991,mitoyo,JAP,610
8992,miki,JAP,610
8993,nagaoka,JAP,610
8994,tosa,JAP,610
8995,aki_shikoku,JAP,610
8996,kami_shikoku,JAP,610
8997,agawa,JAP,610
8998,takaoka,JAP,610
8999,hata,JAP,610
9000,ishizuchi_mountains,,
9001,ooita,JAP,610
9002,kunisaki,JAP,610
9003,hayami,JAP,610
9004,amabe,JAP,610
9005,oono_bungo,JAP,610
9006,naoiri,JAP,610
9007,kusu,JAP,610
9008,hita,JAP,610
9009,nakatsu,JAP,610
9010,mike,JAP,610
9011,usa,JAP,610
9012,mii,JAP,610
9013,kamitsuma,JAP,610
9014,mikasa,JAP,610
9015,hakata,JAP,610
9016,onga,JAP,610
9017,asakura,JAP,610
9018,akita_kumamoto,JAP,610
9019,aso,JAP,610
9020,koushi,JAP,610
9021,tamana,JAP,610
9022,mashiki,JAP,610
9023,yatsushiro_higo,JAP,610
9024,amakusa,JAP,610
9025,kuma,JAP,610
9026,ashikita,JAP,610
9027,saga,JAP,610
9028,higashimatsuura,JAP,610
9029,kishima,JAP,610
9030,takaki,JAP,610
9031,nishisonogi,JAP,610
9032,higashisonogi,JAP,610
9033,nishimatsuura,JAP,610
9034,minamimatsuura,JAP,610
9035,koyu,JAP,610
9036,higashiusuki,JAP,610
9037,nishiusuki,JAP,610
9038,naka_hyuuga,JAP,610
9039,nishimorokata,JAP,610
9040,kitamorokata,JAP,610
9041,miyazaki,JAP,610
9042,minamimorokata,JAP,610
9043,soo,JAP,610
9044,oosumi,JAP,610
9045,kimotsuki,JAP,610
9046,kuwabara,JAP,610
9047,hishikari,JAP,610
9048,gomu,JAP,610
9049,kumage_oosumi,JAP,610
9050,satsuma,JAP,610
9051,kagoshima,JAP,610
9052,ibusuki,JAP,610
9053,izumi_satsuma,JAP,610
9054,koshikishima,,
9055,shimoagata,JAP,610
9056,kamiagata,JAP,610
9057,kume_houki,JAP,610
9058,aimi,JAP,610
9059,hino,JAP,610
9060,houmi,JAP,610
9061,takakusa,JAP,610
9062,naka_iwami,JAP,610
9063,nima,JAP,610
9064,oochi,JAP,610
9065,mino,JAP,610
9066,kanoashi,JAP,610
9067,ou,JAP,610
9068,izumo,JAP,610
9069,oki,JAP,610
9070,iishi,JAP,610
9071,nita,JAP,610
9072,lake_shinji,,
9073,lake_nakaumi,,
9074,keta_tajima,JAP,610
9075,yabu,JAP,610
9076,futakata,JAP,610
9077,kuwada,JAP,610
9078,funai,JAP,610
9079,ikaruga,JAP,610
9080,hikami,JAP,610
9081,kasa,JAP,610
9082,yosa,JAP,610
9083,onyuu,JAP,610
9084,aki,JAP,610
9085,geiyo_islands_wastelands,,
9086,toyota,JAP,610
9087,saeki,JAP,610
9088,yamagata,JAP,610
9089,takata,JAP,610
9090,kaya,JAP,610
9091,asakuchi,JAP,610
9092,katou_bicchuu,JAP,610
9093,aka,JAP,610
9094,ashida,JAP,610
9095,sera,JAP,610
9096,miyoshi,JAP,610
9097,eso,JAP,610
9098,nuka,JAP,610
9099,kameshi,JAP,610
9100,joutou,JAP,610
9101,wake,JAP,610
9102,tsudaka,JAP,610
9103,shikama,JAP,610
9104,akashi,JAP,610
9105,taka,JAP,610
9106,akou,JAP,610
9107,shisou,JAP,610
9108,tomata,JAP,610
9109,kume,JAP,610
9110,mashima,JAP,610
9111,aita,JAP,610
9112,toyoura,JAP,610
9113,asa,JAP,610
9114,ootsu,JAP,610
9115,abu,JAP,610
9116,mishima_island,,
9117,saba,JAP,610
9118,kuga,JAP,610
9119,kumage,JAP,610
9120,tsuno,JAP,610
9121,yoshiki_suou,JAP,610
9122,iwaki,JAP,610
9123,uda_mutsu,JAP,610
9124,katta,JAP,610
9125,namekata,JAP,610
9126,shineha,JAP,610
9127,naraha,JAP,610
9128,kikuta,JAP,610
9129,takano,JAP,610
9130,shirakawa,JAP,610
9131,tamura,JAP,610
9132,iwase,JAP,610
9133,date_loc,JAP,610
9134,shinobu,JAP,610
9135,adachi,JAP,610
9136,yama_jap,JAP,610
9137,kawanuma,JAP,610
9138,oonuma,JAP,610
9139,kitaaizu,JAP,610
9140,minamiaizu,JAP,610
9141,asaka,JAP,610
9142,lake_iwashiro,,
9143,mount_azuma,,
9144,iwate,JAP,610
9145,kuji,JAP,610
9146,shimohei,JAP,610
9147,kitahei,JAP,610
9148,kamihei,JAP,610
9149,shiwa,JAP,610
9150,hienuki,JAP,610
9151,esashi,JAP,610
9152,waga,JAP,610
9153,isawa,JAP,610
9154,iwai,JAP,610
9155,inaka,JAP,610
9156,hanawa,JAP,610
9157,hiraka_aomori,JAP,610
9158,shimokita,JAP,610
9159,kamikita,JAP,610
9160,nukanobu,JAP,610
9161,kazuno,JAP,610
9162,lake_ogawara,,
9163,lake_towada,,
9164,miyagi,JAP,610
9165,kesen,JAP,610
9166,motoyoshi,JAP,610
9167,oshika,JAP,610
9168,tome,JAP,610
9169,kurihara,JAP,610
9170,kami,JAP,610
9171,kurokawa,JAP,610
9172,natori,JAP,610
9173,kamiura,JAP,610
9174,hiyama,JAP,610
9175,hinai,JAP,610
9176,akita,JAP,610
9177,toshima,JAP,610
9178,yamamoto,JAP,610
9179,yuri,JAP,610
9180,yuza,JAP,610
9181,tagawa,JAP,610
9182,murayama,JAP,610
9183,kitamogami,JAP,610
9184,minamimogami,JAP,610
9185,nishiokitama,JAP,610
9186,higashiokitama,JAP,610
9187,ibaraki,JAP,610
9188,taga,JAP,610
9189,kuji_kanto,JAP,610
9190,naka,JAP,610
9191,kashima,JAP,610
9192,niihari,JAP,610
9193,tsukuba,JAP,610
9194,kamigaura_bay,,
9195,suzuka,JAP,610
9196,mie,JAP,610
9197,ichishi,JAP,610
9198,watarai,JAP,610
9199,taki,JAP,610
9200,iga,JAP,610
9201,tagata,JAP,610
9202,kamo_izu,JAP,610
9203,izu_islands,,
9204,yatsushiro,JAP,610
9205,tsuru,JAP,610
9206,yamanashi,JAP,610
9207,koma_kai,JAP,610
9208,okuchichibu_mountains,,
9209,ichihara,JAP,610
9210,musa,JAP,610
9211,isumi,JAP,610
9212,awa,JAP,610
9213,makuda,JAP,610
9214,hoi,JAP,610
9215,shitara,JAP,610
9216,kamo_mikawa,JAP,610
9217,hekikai,JAP,610
9218,tama,JAP,610
9219,saitama,JAP,610
9220,adachi_kanto,JAP,610
9221,toshima_kanto,JAP,610
9222,tachibana,JAP,610
9223,chichibu,JAP,610
9224,hiki,JAP,610
9225,hanzawa,JAP,610
9226,nakajima,JAP,610
9227,niwa,JAP,610
9228,aichi,JAP,610
9229,kamakura,JAP,610
9230,ashigara,JAP,610
9231,aikou,JAP,610
9232,shima,JAP,610
9233,kitamuro,JAP,610
9234,katsushika,JAP,610
9235,katori,JAP,610
9236,chiba,JAP,610
9237,souma,JAP,610
9238,abe,JAP,610
9239,suntou,JAP,610
9240,fuji,JAP,610
9241,ihara,JAP,610
9242,shida,JAP,610
9243,mount_fuji,,
9244,toyoda,JAP,610
9245,kitou,JAP,610
9246,shuuchi,JAP,610
9247,fuchi,JAP,610
9248,kamioono,JAP,610
9249,yoshiki,JAP,610
9250,mashita,JAP,610
9251,hida_mountains,,
9252,mount_ontake,,
9253,mount_haku,,
9254,gunma,JAP,610
9255,tone,JAP,610
9256,seta,JAP,610
9257,nitta,JAP,610
9258,usui,JAP,610
9259,kanra,JAP,610
9260,agatsuma,JAP,610
9261,echigo_mountains,,
9262,fuwa_mino,JAP,610
9263,ena,JAP,610
9264,minokamo,JAP,610
9265,gujou,JAP,610
9266,mugi,JAP,610
9267,toki,JAP,610
9268,katagata,JAP,610
9269,ikeda,JAP,610
9270,kurita,JAP,610
9271,azai,JAP,610
9272,echi,JAP,610
9273,gamou,JAP,610
9274,kouka,JAP,610
9275,takashima,JAP,610
9276,lake_biwa,,
9277,tsuga,JAP,610
9278,nasu,JAP,610
9279,shioya,JAP,610
9280,kawachi,JAP,610
9281,haga,JAP,610
9282,ashikaga_loc,JAP,610
9283,tsukama,JAP,610
9284,kiso,JAP,610
9285,saku,JAP,610
9286,takai,JAP,610
9287,minochi,JAP,610
9288,sarashina,JAP,610
9289,azumi,JAP,610
9290,chiisagata,JAP,610
9291,suwa,JAP,610
9292,kamiina,JAP,610
9293,shimoina,JAP,610
9294,asama_mountains,,
9295,akaishi_mountains,,
9296,kiso_mountains,,
9297,yatsugatake_mountains,,
9298,mikuni_mountains,,
9299,amami_ooshima,,
9300,satsunan_islands,,
9301,tokunoshima,,
9302,urasoe,CHZ,759
9303,nakijin,HKZ,758
9304,oozato,NZN,760
9305,kumejima,,
9306,miyakojima,,
9307,ishigaki,,
9308,iriomote,,
9309,yonaguni,,
9310,tarama,,
9311,kujira_cape,,
9312,miyako_cape,,
9313,mifuga,,
9314,zanpa_cape,,
9315,kin_bay,,
9316,hedo_cape,,
9317,torinokuchi,,
9318,japan_high_sea6,,
9319,japan_high_sea7,,
9320,japan_high_sea8,,
9321,japan_high_sea9,,
9322,east_china_sea7,,
9323,east_china_sea4,,
9324,east_china_sea5,,
9325,hirakubo_cape,,
9326,higashihenna_cape,,
9327,yaeyama_islands,,
9328,yonaguni_strait,,
9329,japan_high_sea10,,
9330,japan_high_sea11,,
9331,mekkari_cape,,
9332,seoroshi_cape,,
9333,nobitsu_cape,,
9334,aron_cape,,
9335,chirippu_cape,,
9336,sango_cape,,
9337,north_western_pacific8,,
9338,north_western_pacific10,,
9339,okhotsk_high_sea5,,
9340,okhotsk_high_sea7,,
9341,east_matsuwa,,
9342,maru_cape,,
9343,lopatka_cape,,
9344,kapari_cape,,
9345,kambalny_bay,,
9346,kinpei_cape,,
9347,north_matsuwa,,
9348,hakusei_cape,,
9349,north_western_pacific13,,
9350,okhotsk_high_sea3,,
9351,okhotsk_high_sea15,,
9352,uchiura_bay,,
9353,shiriya_cape,,
9354,shinodai_cape,,
9355,erimo_cape,,
9356,tokachi_coast,,
9357,shirepa_cape,,
9358,north_western_pacific6,,
9359,notoro_cape,,
9360,chikapunotsu_cape,,
9361,nemuro_bay,,
9362,ochiishi_cape,,
9363,east_shikotan,,
9364,north_western_pacific7,,
9365,shio_cape,,
9366,daiou_cape,,
9367,ise_bay,,
9368,suruga_bay,,
9369,toutoumi_outward_sea,,
9370,japan_high_sea2,,
9371,taitou_cape,,
9372,inubo_cape,,
9373,kashima_coast,,
9374,shioya_cape,,
9375,sendai_bay,,
9376,west_hachijou,,
9377,east_hachijou,,
9378,west_miyake,,
9379,east_miyake,,
9380,sagami_bay,,
9381,nojima_cape,,
9382,japan_high_sea1,,
9383,north_western_pacific1,,
9384,north_western_pacific2,,
9385,north_western_pacific3,,
9386,oosu_cape,,
9387,ookama_cape,,
9388,kitayama_cape,,
9389,ashige_cape,,
9390,north_western_pacific4,,
9391,north_western_pacific5,,
9392,noma_cape,,
9393,amakusa_sea,,
9394,shimabara_bay,,
9395,oomura_bay,,
9396,gotou_coast,,
9397,koshiki_islands,,
9398,east_china_sea3,,
9399,shimonoseki_strait,,
9400,west_seto_sea,,
9401,central_seto_sea,,
9402,east_seto_sea,,
9403,kannon_rock,,
9404,ashizuri_cape,,
9405,muroto_cape,,
9406,tenjin_cape,,
9407,japan_high_sea3,,
9408,japan_high_sea4,,
9409,sata_cape,,
9410,shibushi_bay,,
9411,udo_cape,,
9412,kadokura_cape,,
9413,nagata_cape,,
9414,japan_high_sea5,,
9415,west_tsushima_strait,,
9416,east_tsushima_strait,,
9417,kawashiri_cape,,
9418,takayama_cape,,
9419,hino_cape,,
9420,shirashima_cape,,
9421,jizou_cape,,
9422,sea_of_japan1,,
9423,izasa_cape,,
9424,wakasa_bay,,
9425,kaga_coast,,
9426,noto_coast,,
9427,toyama_bay,,
9428,west_sado,,
9429,east_sado,,
9430,sea_of_japan3,,
9431,sea_of_japan4,,
9432,sea_of_japan5,,
9433,serida_cape,,
9434,nyuudou_cape,,
9435,henashi_cape,,
9436,tsugaru_strait,,
9437,tonoma_cape,,
9438,obana_cape,,
9439,sea_of_japan6,,
9440,motta_cape,,
9441,kamui_cape,,
9442,ishikari_bay,,
9443,ofuyu_cape,,
9444,rishiri_channel,,
9445,seogyeong,KOR,606
9446,jeungsan,KOR,606
9447,samhwa,KOR,606
9448,junghwa,KOR,606
9449,seongcheon,KOR,606
9450,yangam,SSG,607
9451,deokju,KOR,606
9452,yeongwon,KOR,606
9453,gaeju,KOR,606
9454,sukju,KOR,606
9455,sunju,KOR,606
9456,uiju,KOR,606
9457,sakju,KOR,606
9458,seonju,KOR,606
9459,gwiju,KOR,606
9460,jeongju_jeongju,KOR,606
9461,ganggye,KOR,606
9462,huju,KOR,606
9463,chosan,KOR,606
9464,huicheon,KOR,606
9465,unju,KOR,606
9466,western_korean_mountains1,,
9467,western_korean_mountains2,,
9468,myeongju,KOR,606
9469,uljin,KOR,606
9470,samcheok,KOR,606
9471,goseong,KOR,606
9472,tongcheon,KOR,606
9473,ingnyeong,KOR,606
9474,ulleungdo,,
9475,dongju,KOR,606
9476,geumseong,KOR,606
9477,hoeyang,KOR,606
9478,ichon,KOR,606
9479,pyeonggang,KOR,606
9480,chunju,KOR,606
9481,hongcheon,KOR,606
9482,inje,KOR,606
9483,nangcheon,KOR,606
9484,yanggu,KOR,606
9485,wonju,KOR,606
9486,yeongwol,KOR,606
9487,pyeongchang,KOR,606
9488,jeongseon,KOR,606
9489,hoengcheon,KOR,606
9490,andong,KOR,606
9491,bonghwa,KOR,606
9492,yeongcheon,KOR,606
9493,mungyeong,KOR,606
9494,sangju,KOR,606
9495,seongju,KOR,606
9496,taegu,KOR,606
9497,gaeryeong,KOR,606
9498,uiseong,KOR,606
9499,seonsan,KOR,606
9500,gyeongju,KOR,606
9501,yeongil,KOR,606
9502,yeongju,KOR,606
9503,boseongbu,KOR,606
9504,yeongdeok,KOR,606
9505,yeongyang,KOR,606
9506,jinju,KOR,606
9507,hadong,KOR,606
9508,namhae,KOR,606
9509,sacheon,KOR,606
9510,geoje,KOR,606
9511,geochang,KOR,606
9512,hapcheon,KOR,606
9513,dongnae,KOR,606
9514,uian,KOR,606
9515,miryang,KOR,606
9516,ulju,KOR,606
9517,kaesong,KOR,606
9518,papyeong,KOR,606
9519,yangju,KOR,606
9520,pocheon,KOR,606
9521,gapyeong,KOR,606
9522,inju,KOR,606
9523,jipyeong,KOR,606
9524,namgyeong,KOR,606
9525,gwangju,KOR,606
9526,suwon,KOR,606
9527,icheon,KOR,606
9528,jeonju,KOR,606
9529,gimje,KOR,606
9530,jinan,KOR,606
9531,mupung,KOR,606
9532,naju,KOR,606
9533,haenam,KOR,606
9534,jindo,KOR,606
9535,jangheung,KOR,606
9536,yeonggam,KOR,606
9537,muan,KOR,606
9538,hwasun,KOR,606
9539,hekusando,,
9540,yeonggwang,KOR,606
9541,namwon,KOR,606
9542,imsil,KOR,606
9543,jeongeup,KOR,606
9544,musong,KOR,606
9545,suncheon,KOR,606
9546,boseong,KOR,606
9547,heungyang,KOR,606
9548,gokseong,KOR,606
9549,tamna,TMN,609
9550,seongwi,TMN,609
9551,haeju,KOR,606
9552,ongjin,KOR,606
9553,jangyeon,KOR,606
9554,baekcheon,KOR,606
9555,cheongsong,KOR,606
9556,pungcheon,KOR,606
9557,jaeryeong,KOR,606
9558,hwangju,KOR,606
9559,bongju,KOR,606
9560,anak,KOR,606
9561,tosan,KOR,606
9562,pyeongju,KOR,606
9563,suan,KOR,606
9564,gokju,KOR,606
9565,chungju,KOR,606
9566,eumseong,KOR,606
9567,goeju,KOR,606
9568,jecheon,KOR,606
9569,danyang_korea,KOR,606
9570,gongju,KOR,606
9571,yeonsan,KOR,606
9572,jinjam,KOR,606
9573,yeongdong,KOR,606
9574,cheongju,KOR,606
9575,cheonan,KOR,606
9576,hongju,KOR,606
9577,boryeong,KOR,606
9578,hansan,KOR,606
9579,seosan,KOR,606
9580,aju,KOR,606
9581,gapsan,KOR,606
9582,samsu,KOR,606
9583,musan,HIY,972
9584,eastern_korean_mountains1,,
9585,eastern_korean_mountains2,,
9586,eastern_korean_mountains3,,
9587,eastern_korean_mountains4,,
9588,gyeongseong,HIY,972
9589,buryeong,HIY,972
9590,gilju,HIY,972
9591,myeongcheon,HIY,972
9592,onseong,HIY,972
9593,heoryeong,HIY,972
9594,hamheung,HLN,973
9595,dancheon,HLN,973
9596,bukcheong,HLN,973
9597,jangjin,KOR,606
9598,hwaju,SSG,607
9599,munju,SSG,607
9600,deungju,SSG,607
9601,north_jeongju,SSG,607
9602,goju,SSG,607
9603,korea_bay,,
9604,sohan_bay,,
9605,taedong_river_mouth,,
9606,waichangshan_islands,,
9607,yalu_river_mouth,,
9608,cheju_strait,,
9609,sacheon_bay,,
9610,west_jeju_sea,,
9611,east_jeju_sea,,
9612,east_china_sea2,,
9613,changsan_cape,,
9614,kanghwa_bay,,
9615,kyonggi_bay,,
9616,cheonsu_bay,,
9617,gomso_bay,,
9618,taean_peninsula,,
9619,yangsan_bay,,
9620,sea_of_japan14,,
9621,masan_bay,,
9622,changgi_cape,,
9623,yongil_bay,,
9624,samcheok_coast,,
9625,hajodae_cape,,
9626,changdae_cape,,
9627,sea_of_japan2,,
9628,yanghung_bay,,
9629,yongdae_cape,,
9630,musu_point,,
9631,orang_point,,
9632,sosura_cape,,
9633,sea_of_japan9,,
9634,sea_of_japan10,,
9635,sea_of_japan11,,
9636,dingliao,SYG,608
9637,dandong,SYG,608
9638,donggo,SYG,608
9639,kuandian,SYG,608
9640,linjiang_jurchen,KOR,606
9641,wanggika,SYG,608
9642,gaizhou,SYG,608
9643,fuzhou_liaoyang,SYG,608
9644,jinzhou_dalian,SYG,608
9645,xiuyan,SYG,608
9646,zhuanghe,SYG,608
9647,guangning,SYG,608
9648,fuxin,CHI,761
9649,kaicheng,SYG,608
9650,wangping,SYG,608
9651,yizhou_jinzhou,SYG,608
9652,jinzhou_liaoyang,SYG,608
9653,dalinghe,SYG,608
9654,haizhou_liaoyang,SYG,608
9655,ningyuan_jinzhou,SYG,608
9656,qiantun,SYG,608
9657,liaoyang,SYG,608
9658,fushun_liaoyang,SYG,608
9659,hetu_ala,SYG,608
9660,jabiyan,SYG,608
9661,qinhe,SYG,608
9662,shenyang,SYG,608
9663,yizhou_jurchen,CHI,761
9664,kaiyuan_jurchen,SYG,608
9665,ningchang,CHI,761
9666,tieling,SYG,608
9667,tongliao,CHI,761
9668,yehe,CHI,761
9669,amgun,CHI,761
9670,dukin,CHI,761
9671,dzhuk,CHI,761
9672,imilen,CHI,761
9673,kerbi,CHI,761
9674,suluk,CHI,761
9675,lake_chukchagir,,
9676,lake_dalzha,,
9677,bureya,,
9678,duse_alin,,
9679,nurgan,CHI,761
9680,bulava,CHI,761
9681,shantar,CHI,761
9682,torom,CHI,761
9683,tugur,CHI,761
9684,usalgin,CHI,761
9685,lake_chiya,,
9686,lake_orel,,
9687,yam_alin,,
9688,boli,HIJ,971
9689,achan,CHI,761
9690,nemptu,CHI,761
9691,simmi,CHI,761
9692,uninka,CHI,761
9693,xungake,CHI,761
9694,lake_bolon,,
9695,lake_khummi,,
9696,kedar,CHI,761
9697,bitki,CHI,761
9698,evur,CHI,761
9699,pilda,CHI,761
9700,uschu,CHI,761
9701,lake_evoron,,
9702,lake_udyl,,
9703,nanghaer,CHI,761
9704,idy_sakhalin,CHI,761
9705,porokotan,CHI,761
9706,wuliehe,CHI,761
9707,guohuo,CHI,761
9708,boluohe,CHI,761
9709,kushunkotan,CHI,761
9710,nayoro,CHI,761
9711,datta,CHI,761
9712,deren,CHI,761
9713,kema,CHI,761
9714,koppi,CHI,761
9715,samarginka,CHI,761
9716,tumzhdin,CHI,761
9717,lake_kizi,,
9718,urmi,CHI,761
9719,bidzhan,CHI,761
9720,bira,CHI,761
9721,kukan,CHI,761
9722,kur,CHI,761
9723,sutara,CHI,761
9724,yakesa,CHI,761
9725,amazar,CHI,761
9726,emuer,CHI,761
9727,mohe,CHI,761
9728,ollo,CHI,761
9729,urka,CHI,761
9730,gilyuy,CHI,761
9731,bryante,CHI,761
9732,mogot,CHI,761
9733,tukuringra,CHI,761
9734,tynda,CHI,761
9735,urkan,CHI,761
9736,humar,CHI,761
9737,bir_amur,CHI,761
9738,kuanhe,CHI,761
9739,pangu,CHI,761
9740,sahar,CHI,761
9741,tahe,CHI,761
9742,aigun,CHI,761
9743,arkhara,CHI,761
9744,chenqing,CHI,761
9745,jiajin,CHI,761
9746,nioman,CHI,761
9747,xunhe,CHI,761
9748,zhanhe,CHI,761
9749,gromatukha,CHI,761
9750,birma,CHI,761
9751,tehcha,CHI,761
9752,tom,CHI,761
9753,tygde,CHI,761
9754,yor,CHI,761
9755,selemde,CHI,761
9756,burunda,CHI,761
9757,buse,CHI,761
9758,kogan,CHI,761
9759,mamyn,CHI,761
9760,nehru,CHI,761
9761,ulma,CHI,761
9762,upper_nioman,CHI,761
9763,akishma,CHI,761
9764,olongki,CHI,761
9765,tujun,CHI,761
9766,tyrma,CHI,761
9767,urgal,CHI,761
9768,djee,CHI,761
9769,argi,CHI,761
9770,dep,CHI,761
9771,kupuri,CHI,761
9772,mulmuga,CHI,761
9773,tok,CHI,761
9774,hulan,TAS,999
9775,bayan_susu,BAY,964
9776,hailun,WEJ,1003
9777,hvlan,EJI,966
9778,ougen,NAL,991
9779,lake_qingken,,
9780,shangjing,LAL,983
9781,boduna,SNC,997
9782,hulawen,LLU,985
9783,shulan,LAL,983
9784,yushu,LAL,983
9785,zhaozhou_jurchen,OTC,1026
9786,girin_ula,WUY,1006
9787,changchun,ITU,981
9788,gongjiang_jurchen,WUY,1006
9789,itu_jilin,YIM,1008
9790,nongan,OTC,1026
9791,ilan_hala,HUR,978
9792,hailang,FLN,967
9793,malong,MAH,986
9794,mudan_ula,HUR,978
9795,ningguta,ASU,963
9796,odoli,DLA,965
9797,lake_jingpo,,
9798,chalin,CHI,761
9799,taowen,CHI,761
9800,wanhufu,TOX,1001
9801,wehe,WEK,1004
9802,huifacheng,HUI,977
9803,golmin_salggiyan,NEY,955
9804,hoifa,HUI,977
9805,juxeri,JUS,953
9806,lefu,TOD,1000
9807,sunggari,HOT,975
9808,taizhou_jurchen,OTC,1026
9809,buteha,OTC,1026
9810,chol,OTC,1026
9811,hurle,OTC,1026
9812,talaha,OTC,1026
9813,dalaiketun,FUY,969
9814,nemeri,NEM,992
9815,sart,OTC,1026
9816,yilaha,MIC,987
9817,zhalong,OTC,1026
9818,northern_daqing_lakes,,
9819,southern_daqing_lakes,,
9820,qiqihar,FUY,969
9821,arun,OTC,1026
9822,bila,OTC,1026
9823,laha,FUY,969
9824,nuomin,OTC,1026
9825,chaghankhot,OTC,1026
9826,gorlos,OTC,1026
9827,huolin,OTC,1026
9828,taluhe,OTC,1026
9829,tuliemao,HCN,1025
9830,wafang,OTC,1026
9831,lake_chagan,,
9832,lake_yueliang,,
9833,mergen,CHI,761
9834,dobkuri,CHI,761
9835,gan,CHI,761
9836,kuile,CHI,761
9837,menlu,CHI,761
9838,non,CHI,761
9839,zhengjiatun,OTC,1026
9840,haihaer,HCN,1025
9841,kailu,HCN,1025
9842,linhuang,HCN,1025
9843,qingzhou_mongol,HCN,1025
9844,xinkai,HCN,1025
9845,alchan,USS,1002
9846,bikinka,CHI,761
9847,imanka,IMN,980
9848,katen,HRO,976
9849,vaka,IMN,980
9850,xunka,CHI,761
9851,juru_hoton,JHT,982
9852,dongning,SUI,998
9853,jixi,MRE,988
9854,mishan,MRE,988
9855,mulun,MRE,988
9856,anchun,ILU,979
9857,hulin,SMN,996
9858,namunka,CHI,761
9859,noto_ussuri,CHI,761
9860,yiman,SMN,996
9861,lake_khanka,,
9862,lahasusu,GIL,970
9863,futi,FUT,968
9864,nuoluo,NRO,993
9865,shuangyashan,NRO,993
9866,tulguur,HUR,978
9867,kaiyuan_warka,SUI,998
9868,anju_nurgan,YRN,1007
9869,nogule,YOO,1009
9870,shili,SIR,995
9871,yongmingcheng,MUH,989
9872,huncun,HNC,974
9873,helong,HLN,973
9874,kahari,AAR,961
9875,longjing,HLN,973
9876,tulazi,SHI,994
9877,yenji,AID,962
9878,cape_ostrovnoy,,
9879,cape_sosunova,,
9880,olga_bay,,
9881,peter_the_great_bay,,
9882,rynda_bay,,
9883,sea_of_japan13,,
9884,sea_of_japan12,,
9885,sea_of_japan15,,
9886,sea_of_japan16,,
9887,sea_of_japan7,,
9888,sea_of_japan8,,
9889,severny_bay,,
9890,akademiya_bay,,
9891,southern_udskaya_bay,,
9892,northern_sakhalin_bay,,
9893,okhosk_coast37,,
9894,aniva_gulf,,
9895,cape_yevstafiya,,
9896,niyskiy_bay,,
9897,terpeniya_bay,,
9898,okhotsk_high_sea1,,
9899,okhotsk_high_sea9,,
9900,okhotsk_high_sea10,,
9901,okhotsk_high_sea12,,
9902,okhotsk_sea,,
9903,aleksandrovskiy_bay,,
9904,amursky_bay,,
9905,cape_lopatina,,
9906,cape_peschanyy,,
9907,delanglya_bay,,
9908,khadzhi_bay,,
9909,mosolova_bay,,
9910,tartar_strait,,
9911,buir_nuur,HCN,1025
9912,barun_xiabaer,HCN,1025
9913,khalkh,OTC,1026
9914,tamsabulag,HCN,1025
9915,lake_buir,,
9916,bars_khot,BGT,1024
9917,bayan_tumen,BGT,1024
9918,bayantsagaan,BGT,1024
9919,dalai_nuur,QAS,1027
9920,menen,BGT,1024
9921,lake_hulun,,
9922,hailar,OTC,1026
9923,bayan_ula,OTC,1026
9924,hulun,QAS,1027
9925,xuguit,OTC,1026
9926,yimin,OTC,1026
9927,avraga,CHI,761
9928,kherlen,BGT,1024
9929,rahsaan_khad,CHI,761
9930,uguumur,BGT,1024
9931,undurkhaan,BGT,1024
9932,enhe_hada,CHI,761
9933,jiliu,CHI,761
9934,lower_gazimur,CHI,761
9935,merelka,CHI,761
9936,upper_gazimur,QAS,1027
9937,urov,CHI,761
9938,abagaita,QAS,1027
9939,gegen,QAS,1027
9940,hasar,QAS,1027
9941,khirkhira,QAS,1027
9942,talman_boorj,QAS,1027
9943,choyrin_datsan,CHI,761
9944,bayan,CHI,761
9945,gazrin_chuluu,CHI,761
9946,takhilyn,CHI,761
9947,ulziit,CHI,761
9948,tavan_tolgoi,CHI,761
9949,matad,HCN,1025
9950,sharga_uul,HCN,1025
9951,sumtiin,CHI,761
9952,zara_uul,CHI,761
9953,jingzhou_dorbod,CHI,761
9954,bathahalak,CHI,761
9955,chahar,CHI,761
9956,muumyangan,CHI,761
9957,ulan_hua,CHI,761
9958,ulanchab,CHI,761
9959,erenkhot,CHI,761
9960,avga,CHI,761
9961,baganuur,CHI,761
9962,khobootsar,CHI,761
9963,shuluun_khoboot_tsagaan,CHI,761
9964,sonod,CHI,761
9965,bishreit,CHI,761
9966,dalay,CHI,761
9967,doloodyn_gobi,CHI,761
9968,ikh_narttin_chuluu,CHI,761
9969,saikhandulaan,CHI,761
9970,ulaanbadrakh,CHI,761
9971,avnagar,HCN,1025
9972,chono,HCN,1025
9973,khuuchid,HCN,1025
9974,sangiin_dalai,HCN,1025
9975,sorin_nuur,HCN,1025
9976,ulgain,HCN,1025
9977,uzemchin,HCN,1025
9978,lake_ulgain,,
9979,kyakhta,CHI,761
9980,khadanzaa,CHI,761
9981,khan_khentii,BGT,1024
9982,tsokh,BGT,1024
9983,khan_khentii2,,
9984,khan_khentii3,,
9985,selenge,CHI,761
9986,khimni,CHI,761
9987,ulenkhe,CHI,761
9988,zed,CHI,761
9989,zelterijin,CHI,761
9990,amarbayas_galang,CHI,761
9991,bornuur,CHI,761
9992,eroo,CHI,761
9993,sulkhari,CHI,761
9994,khilgo,CHI,761
9995,khilgoson,CHI,761
9996,ung,CHI,761
9997,ude_baikal,CHI,761
9998,anaa,CHI,761
9999,bureen,CHI,761
10000,khudan,CHI,761
10001,khurbe,CHI,761
10002,khovd,CRS,1020
10003,achit_nuur,CRS,1020
10004,haerhhana,KHD,1021
10005,huysiyn,KHD,1021
10006,khurgan,CRS,1020
10007,tahiltyn_khotgot,KHD,1021
10008,tsagaan_usun,OGE,1018
10009,lake_achit,,
10010,lake_dayan,,
10011,lake_durgun,,
10012,lake_khar,,
10013,lake_khar_us,,
10014,lake_khoton,,
10015,lake_khurgan,,
10016,lake_markakol,,
10017,lake_tolbo,,
10018,altay_mountains,,
10019,mongol_altay,,
10020,ulaagchiin,CRS,1020
10021,airag_nuur,CRS,1020
10022,hunguy,CRS,1020
10023,khyargas_nuur,CRS,1020
10024,telmen,CRS,1020
10025,lake_airag,,
10026,lake_bayan,,
10027,lake_khyargas,,
10028,lake_oigon,,
10029,lake_telmen,,
10030,lake_ulaagchiin_khar,,
10031,lake_uvsiin_khar_us,,
10032,ulaamgom,CRS,1020
10033,dzaigil,CRS,1020
10034,erzin,CRS,1020
10035,tes,CRS,1020
10036,turuum,CRS,1020
10037,lake_uureg,,
10038,lake_uvs,,
10039,uliastai,KHD,1021
10040,ogomoor,KHD,1021
10041,teel,KHD,1021
10042,zavkhan,KHD,1021
10043,targavatai_mountains,,
10044,nibuchu,QAS,1027
10045,chit,QAS,1027
10046,ingedei,BGT,1024
10047,nurchuu,CHI,761
10048,tura,QAS,1027
10049,uldurga,QAS,1027
10050,qorqonaq_yubur,QAS,1027
10051,aga,QAS,1027
10052,boorj,QAS,1027
10053,unda,QAS,1027
10054,silkari,CHI,761
10055,kara_shilka,CHI,761
10056,kuenga,CHI,761
10057,uryum,CHI,761
10058,tsagaan,QAS,1027
10059,baruun_tar_nuur,QAS,1027
10060,lower_ulz,BGT,1024
10061,upper_ulz,BGT,1024
10062,yakhi,BGT,1024
10063,zyyn_tar_nuur,QAS,1027
10064,lake_yakhi,,
10065,lake_zuun_tooroi,,
10066,onon,BGT,1024
10067,balj,BGT,1024
10068,baldan_bereeven,BGT,1024
10069,kyra,BGT,1024
10070,bayankhot,CHI,761
10071,alxa,CHI,761
10072,bagh,CHI,761
10073,bayannurhong,CHI,761
10074,urad,CHI,761
10075,tengger_desert,,
10076,ulan_buh_desert,,
10077,del_khad,CHI,761
10078,galbyn_gobi,CHI,761
10079,khatanbulag,CHI,761
10080,oiyin_korken,CHI,761
10081,ooshiyn_gobi,CHI,761
10082,zhavklant_khairkhan,CHI,761
10083,khara_khoto,BAT,1019
10084,banzart_khairkhan,CHI,761
10085,naraan_chilaun,BAT,1019
10086,noyon_uul,BAT,1019
10087,zag_suujiyn_gobi,CHI,761
10088,juyan_sea,,
10089,badain_jarain_desert1,,
10090,badain_jarain_desert2,,
10091,bii,CRS,1020
10092,choigan,CRS,1020
10093,systyg,CRS,1020
10094,eastern_sayan_mountains1,,
10095,kaa,CRS,1020
10096,balyktyg,CRS,1020
10097,buren_khem,CRS,1020
10098,busiyn,CRS,1020
10099,lake_dood_tsagaan,,
10100,eastern_sayan_mountains2,,
10101,tannu_ola_mountains2,,
10102,den_terek,CRS,1020
10103,khemchik,CRS,1020
10104,ulug,CRS,1020
10105,usun,CRS,1020
10106,tannu_ola_mountains1,,
10107,western_sayan_mountains,,
10108,khatgal,CRS,1020
10109,eringiin,CRS,1020
10110,uur,CRS,1020
10111,lake_khuvsgul,,
10112,eastern_sayan_mountains3,,
10113,karakorum,CHI,761
10114,khar_balgas,CRS,1020
10115,orkhon,CHI,761
10116,tsetserleg,CRS,1020
10117,baibalyk,CRS,1020
10118,alyanbulag,CHI,761
10119,kharkhul,CRS,1020
10120,mori_baridag,CRS,1020
10121,tarvagatai,CHI,761
10122,urga,CHI,761
10123,kedun,CHI,761
10124,khar_bukhyn,CHI,761
10125,kharuukh,CHI,761
10126,manzushir,CHI,761
10127,tuul,CHI,761
10128,khan_khentii1,,
10129,zagzuugiin_balgas,CRS,1020
10130,altan_gadas,CRS,1020
10131,chuluutyn,CRS,1020
10132,delger_moron,CRS,1020
10133,ider,CRS,1020
10134,lake_sangiin_dalai,,
10135,lake_terkhiin_tsagaan,,
10136,barkul,BAT,1019
10137,altayn_ovor_gobi,BAT,1019
10138,naomao,BAT,1019
10139,santokhe,BAT,1019
10140,zuun_garyn_gobi,BAT,1019
10141,barkol_mountains,,
10142,otegu_qulan,BAT,1019
10143,bugat,BAT,1019
10144,chikhan_agui,BAT,1019
10145,tevsh_uul,BAT,1019
10146,tsagaan_agui,KHD,1021
10147,tsogt,BAT,1019
10148,gobi_altay,,
10149,ongiin_khiid,CHI,761
10150,gimpil_darjaalan,CHI,761
10151,shaazan_khot,CHI,761
10152,shaazan_tolgoi,CHI,761
10153,suriig,CHI,761
10154,ulaan,CHI,761
10155,bogd,CHI,761
10156,khadat,CHI,761
10157,ukhaa_khudag,CHI,761
10158,khalzan_shireg,KHD,1021
10159,baidrag,KHD,1021
10160,biger,KHD,1021
10161,boontsagaan,KHD,1021
10162,khangal,KHD,1021
10163,naran,KHD,1021
10164,orog,KHD,1021
10165,tuin,KHD,1021
10166,lake_boontsagaan,,
10167,lake_orog,,
10168,khangain_mountains,,
10169,khasagt_khairkhan,,
10170,tost_uul,BAT,1019
10171,gaxun_gobi,BAT,1019
10172,shargyn_gobi,BAT,1019
10173,shira_qulusun,BAT,1019
10174,gecheng,CHI,761
10175,dingxing,CHI,761
10176,gaoyang_baoding,CHI,761
10177,xincheng_baoding,CHI,761
10178,guixin,CHI,761
10179,qingyuan_baoding,CHI,761
10180,wanzhou_baoding,CHI,761
10181,tangxian,CHI,761
10182,qingchi,CHI,761
10183,liguo,CHI,761
10184,nanpi,CHI,761
10185,qingyun,CHI,761
10186,yanshan,CHI,761
10187,anxi_dingzhou,CHI,761
10188,xinle,CHI,761
10189,quyang,CHI,761
10190,xingtang,CHI,761
10191,hejian,CHI,761
10192,jiaohe,CHI,761
10193,leshou,CHI,761
10194,renqiu,CHI,761
10195,suning,CHI,761
10196,tiaoxian,CHI,761
10197,dongguang,CHI,761
10198,fucheng_hejian,CHI,761
10199,ningjin,CHI,761
10200,wuqiao,CHI,761
10201,gucheng_jingzhou,CHI,761
10202,xindu_jizhou,CHI,761
10203,nangong,CHI,761
10204,zaoqiang,CHI,761
10205,puyin,CHI,761
10206,boye,CHI,761
10207,shulu,CHI,761
10208,huichuan,CHI,761
10209,jinghai,CHI,761
10210,dagu,CHI,761
10211,zhigu,CHI,761
10212,jingan_shenzhou,CHI,761
10213,anping,CHI,761
10214,hengshui,CHI,761
10215,wuyi,CHI,761
10216,xingtai,CHI,761
10217,renxian,CHI,761
10218,julu,CHI,761
10219,neiqiu,CHI,761
10220,shahe,CHI,761
10221,yixian_yizhou,CHI,761
10222,ansu,CHI,761
10223,laishui,CHI,761
10224,mancheng,CHI,761
10225,pingji,CHI,761
10226,ningjin_zhaozhou,CHI,761
10227,lincheng,CHI,761
10228,longping_zhaozhou,CHI,761
10229,zanhuang,CHI,761
10230,zhending,CHI,761
10231,fuping,CHI,761
10232,gaocheng,CHI,761
10233,yuanshi_zhending,CHI,761
10234,huolu,CHI,761
10235,gucheng_zhending,CHI,761
10236,lingshou,CHI,761
10237,pingshan_zhending,CHI,761
10238,jingxing,CHI,761
10239,wuji,CHI,761
10240,daning_pingquan,CHI,761
10241,huihe,CHI,761
10242,hezhong,CHI,761
10243,naiman,CHI,761
10244,pingquan,CHI,761
10245,wuping_daning,CHI,761
10246,fushu,CHI,761
10247,xingzhong,CHI,761
10248,xiankang,CHI,761
10249,lizhou,CHI,761
10250,longshan,CHI,761
10251,chuanzhou,CHI,761
10252,shenshui,CHI,761
10253,quanning,HCN,1025
10254,songzhou,CHI,761
10255,pingdisonglin,HCN,1025
10256,enhua,CHI,761
10257,yingchang,HCN,1025
10258,dalai_nur_lake,,
10259,dongliangting,CHI,761
10260,shangdu,CHI,761
10261,chagannur,CHI,761
10262,huanzhou,CHI,761
10263,baitan,CHI,761
10264,yixingzhou,CHI,761
10265,kuanhe_xingzhou,CHI,761
10266,niushan,CHI,761
10267,limin,CHI,761
10268,taipingzhuang,CHI,761
10269,liuyuan,CHI,761
10270,xiabancheng,CHI,761
10271,zhangsanying,CHI,761
10272,yanshan_mountains1,,
10273,gaoyuan,CHI,761
10274,baochang,CHI,761
10275,fuzhou,CHI,761
10276,weining,CHI,761
10277,zhongdu,CHI,761
10278,yanshan_mountains2,,
10279,baoan_baoan,CHI,761
10280,huailai,CHI,761
10281,longqing,CHI,761
10282,taihangshan1,,
10283,yijin,CHI,761
10284,dacheng,CHI,761
10285,wenan,CHI,761
10286,changping,CHI,761
10287,huairou,CHI,761
10288,miyun,CHI,761
10289,shunyi,CHI,761
10290,yuyang,CHI,761
10291,luanyang,CHI,761
10292,banbishan,CHI,761
10293,fengrun,CHI,761
10294,shicheng_jizhou,CHI,761
10295,pinggu,CHI,761
10296,yutian,CHI,761
10297,zunhua,CHI,761
10298,yifeng,CHI,761
10299,macheng_luanzhou,CHI,761
10300,laoting,CHI,761
10301,dadu,CHI,761
10302,fangshan,CHI,761
10303,guan,CHI,761
10304,daxing,CHI,761
10305,dongan_shuntian,CHI,761
10306,wanping,CHI,761
10307,yongqing,CHI,761
10308,fanyang,CHI,761
10309,luxian,CHI,761
10310,baodi,CHI,761
10311,sanhe_tongzhou,CHI,761
10312,lutai,CHI,761
10313,xianghe,CHI,761
10314,wuqing,CHI,761
10315,huaian,CHI,761
10316,yunzhou,CHI,761
10317,dushikou,CHI,761
10318,xuanping,CHI,761
10319,longmen_chicheng,CHI,761
10320,shunsheng,CHI,761
10321,xuande,CHI,761
10322,lulong,CHI,761
10323,changli,CHI,761
10324,funing,CHI,761
10325,longwangmiao,CHI,761
10326,qianan,CHI,761
10327,sanchakou,CHI,761
10328,fuyang,CHI,761
10329,shexian_cizhou,CHI,761
10330,wuan,CHI,761
10331,yuancheng,CHI,761
10332,baima_daming,CHI,761
10333,nanle,CHI,761
10334,neihuang,CHI,761
10335,weixian,CHI,761
10336,xunxian,CHI,761
10337,guangping,CHI,761
10338,qinghe,CHI,761
10339,guangzong,CHI,761
10340,handan,CHI,761
10341,yongnian,CHI,761
10342,mingshui,CHI,761
10343,quzhou,CHI,761
10344,henei,CHI,761
10345,jiyuan,CHI,761
10346,mengxian,CHI,761
10347,wuzhi,CHI,761
10348,wenxian,CHI,761
10349,xiuwu,CHI,761
10350,puyang,CHI,761
10351,changyuan,CHI,761
10352,dongming,CHI,761
10353,qingfeng,CHI,761
10354,jixian,CHI,761
10355,huixian,CHI,761
10356,qizhou,CHI,761
10357,xinxiang,CHI,761
10358,anyang,CHI,761
10359,linzhou,CHI,761
10360,linzhang,CHI,761
10361,tangyin,CHI,761
10362,wanqiu,CHI,761
10363,dancheng,CHI,761
10364,xiangcheng,CHI,761
10365,shangshui,CHI,761
10366,nandun,CHI,761
10367,xihua,CHI,761
10368,rangxian,CHI,761
10369,xichuan,CHI,761
10370,neixiang,CHI,761
10371,shunyang,CHI,761
10372,xinye,CHI,761
10373,huayuantou,CHI,761
10374,xixia,CHI,761
10375,dingcheng,CHI,761
10376,changtan,CHI,761
10377,guangshan,CHI,761
10378,gucheng_xi,CHI,761
10379,gushi,CHI,761
10380,shangcheng,CHI,761
10381,xizhou,CHI,761
10382,zhugao,CHI,761
10383,suiyang_guide,CHI,761
10384,luyi,CHI,761
10385,ningling,CHI,761
10386,xiayi,CHI,761
10387,yongcheng,CHI,761
10388,yucheng_kaifeng,CHI,761
10389,luoyang,CHI,761
10390,dengfeng,CHI,761
10391,gongxian,CHI,761
10392,mengjin,CHI,761
10393,xinan,CHI,761
10394,yanshi,CHI,761
10395,yiyang,CHI,761
10396,kaifeng,CHI,761
10397,yanling,CHI,761
10398,fengqiu,CHI,761
10399,fugou,CHI,761
10400,qixian,CHI,761
10401,taikang,CHI,761
10402,tongxu,CHI,761
10403,weishi,CHI,761
10404,xinzheng,CHI,761
10405,nanyang,CHI,761
10406,biyang,CHI,761
10407,nanzhao,CHI,761
10408,qingtai,CHI,761
10409,tanghe,CHI,761
10410,tongbai,CHI,761
10411,zhenping,CHI,761
10412,ruyang,CHI,761
10413,xiping,CHI,761
10414,shangcai,CHI,761
10415,xincai,CHI,761
10416,queshan,CHI,761
10417,suiping,CHI,761
10418,pingyu,CHI,761
10419,zhenyang,CHI,761
10420,liangxian_ruzhou,CHI,761
10421,baofeng,CHI,761
10422,jiaxian,CHI,761
10423,lushan,CHI,761
10424,yaoshan,CHI,761
10425,shanxian,CHI,761
10426,lingbao,CHI,761
10427,yongning_shanzhou,CHI,761
10428,mianchi,CHI,761
10429,wenxiang,CHI,761
10430,funiushan2,,
10431,songzhou_songzhou,CHI,761
10432,yique,CHI,761
10433,yiyang_songzhou,CHI,761
10434,luanchuan,CHI,761
10435,lushi,CHI,761
10436,zhuyang,CHI,761
10437,funiushan1,,
10438,xiangyi,CHI,761
10439,lanyang,CHI,761
10440,kaocheng,CHI,761
10441,zhecheng,CHI,761
10442,luoshan,CHI,761
10443,minggang,CHI,761
10444,xinyang,CHI,761
10445,lishan_xinyang,CHI,761
10446,changshe,CHI,761
10447,changge,CHI,761
10448,linying,CHI,761
10449,xiangcheng_kaifeng,CHI,761
10450,yancheng_kaifeng,CHI,761
10451,fangcheng,CHI,761
10452,yexian,CHI,761
10453,wuyang,CHI,761
10454,guancheng_zhengzhou,CHI,761
10455,mixian,CHI,761
10456,xingyang,CHI,761
10457,yanjin,CHI,761
10458,yuanyang,CHI,761
10459,yangdi,CHI,761
10460,zhongmu,CHI,761
10461,changshan_islands_wastelands,,
10462,penglai,CHI,761
10463,dasong,CHI,761
10464,jiangshan_laiyang,CHI,761
10465,laiyang,CHI,761
10466,huangxian,CHI,761
10467,qixia,CHI,761
10468,zhaoyuan,CHI,761
10469,jiaoxi,CHI,761
10470,fushan_jiaozhou,CHI,761
10471,jimo,CHI,761
10472,lingshanwei,CHI,761
10473,juxian,CHI,761
10474,yiyuan,CHI,761
10475,gegou,CHI,761
10476,mengyin,CHI,761
10477,rizhao,CHI,761
10478,shizilu,CHI,761
10479,yishui,CHI,761
10480,yexian_laizhou,CHI,761
10481,changyi,CHI,761
10482,gaomi,CHI,761
10483,luxiang,CHI,761
10484,jiaoshui,CHI,761
10485,beihai,CHI,761
10486,zhucheng,CHI,761
10487,anqiu,CHI,761
10488,changle,CHI,761
10489,wulian,CHI,761
10490,muping,CHI,761
10491,chengshan,CHI,761
10492,fushan_muping,CHI,761
10493,rushan,CHI,761
10494,weihai,CHI,761
10495,wendeng,CHI,761
10496,yidu_qingzhou,CHI,761
10497,boxing,CHI,761
10498,lean,CHI,761
10499,linqu,CHI,761
10500,shouguang,CHI,761
10501,zichuan,CHI,761
10502,bohai,CHI,761
10503,zhanhua,CHI,761
10504,lijin,CHI,761
10505,wudi,CHI,761
10506,chuqiu,CHI,761
10507,chengwu,CHI,761
10508,dingtao,CHI,761
10509,jiyin,CHI,761
10510,lingzhou_dezhou,CHI,761
10511,deping,CHI,761
10512,ande,CHI,761
10513,linyi_jinan,CHI,761
10514,pingyuan_jinan,CHI,761
10515,qihe,CHI,761
10516,yucheng,CHI,761
10517,liaocheng,CHI,761
10518,chiping,CHI,761
10519,guancheng,CHI,761
10520,tangyi,CHI,761
10521,xucheng,CHI,761
10522,shouzhang,CHI,761
10523,pingyin,CHI,761
10524,donge,CHI,761
10525,wenshang,CHI,761
10526,yanggu_yanzhou,CHI,761
10527,dongping_lake,,
10528,gaotang,CHI,761
10529,enzhou,CHI,761
10530,xiajin,CHI,761
10531,licheng,CHI,761
10532,jiyang,CHI,761
10533,zhangqiu,CHI,761
10534,xincheng_jinan,CHI,761
10535,gaoyuan_jinan,CHI,761
10536,qidong,CHI,761
10537,zouping,CHI,761
10538,rencheng,CHI,761
10539,jiaxiang,CHI,761
10540,juye,CHI,761
10541,yuncheng,CHI,761
10542,linqing,CHI,761
10543,guantao,CHI,761
10544,qiuxian,CHI,761
10545,juancheng,CHI,761
10546,chaocheng,CHI,761
10547,fanxian,CHI,761
10548,shenxian,CHI,761
10549,shansu,CHI,761
10550,yutai,CHI,761
10551,jinxiang,CHI,761
10552,fengfu,CHI,761
10553,yanshen,CHI,761
10554,changqing,CHI,761
10555,laiwu,CHI,761
10556,feicheng,CHI,761
10557,xintai,CHI,761
10558,tengxian,CHI,761
10559,tengdong,CHI,761
10560,shagou,CHI,761
10561,yizhou_tengzhou,CHI,761
10562,zouxian,CHI,761
10563,weishan_lake,,
10564,yanci,CHI,761
10565,laoling,CHI,761
10566,shanghe,CHI,761
10567,yangxin,CHI,761
10568,ziyang,CHI,761
10569,ningyang,CHI,761
10570,qufu,CHI,761
10571,sishui,CHI,761
10572,linyi,CHI,761
10573,licheng_yizhou,CHI,761
10574,feixian,CHI,761
10575,lanling,CHI,761
10576,tancheng,CHI,761
10577,datong_datong,CHI,761
10578,xuanning,CHI,761
10579,huairen,CHI,761
10580,tiancheng,CHI,761
10581,baideng,CHI,761
10582,yulin_datong,CHI,761
10583,yunchuan,CHI,761
10584,taihangshan3,,
10585,bayannur,CHI,761
10586,uraqai,CHI,761
10587,xinhure,CHI,761
10588,lake_ulansu,,
10589,jining,CHI,761
10590,erdao,CHI,761
10591,liangcheng,CHI,761
10592,pingdi,CHI,761
10593,daihai_lake,,
10594,huangqihai_lake,,
10595,yanshan_mountains3,,
10596,ordos,CHI,761
10597,aerzhai,CHI,761
10598,otog,CHI,761
10599,tongwancheng,CHI,761
10600,fengzhou,CHI,761
10601,yinshan,CHI,761
10602,hebin,CHI,761
10603,zhenwu,CHI,761
10604,ningbian,CHI,761
10605,yunnei,CHI,761
10606,dongsheng,CHI,761
10607,wuchuan,CHI,761
10608,jincheng,CHI,761
10609,shanyin,CHI,761
10610,zhongling,CHI,761
10611,shenwu,CHI,761
10612,shanyang_yingzhou,CHI,761
10613,taihangshan9,,
10614,lingxian_shanxi,CHI,761
10615,guangling,CHI,761
10616,hunyuan,CHI,761
10617,feihu,CHI,761
10618,lingqiu,CHI,761
10619,taihangshan10,,
10620,baode,CHI,761
10621,hequ,CHI,761
10622,piantouguan,CHI,761
10623,wuzhou,CHI,761
10624,daizhou,CHI,761
10625,jianzhou_daizhou,CHI,761
10626,taizhou,CHI,761
10627,guozhou,CHI,761
10628,taihangshan8,,
10629,xihe,CHI,761
10630,jiexiu,CHI,761
10631,pingyao,CHI,761
10632,xiaoyi,CHI,761
10633,huoyi,CHI,761
10634,fenxi,CHI,761
10635,lingshi,CHI,761
10636,zhengping,CHI,761
10637,jiangxian,CHI,761
10638,jishan,CHI,761
10639,quwo,CHI,761
10640,taiping_jiangzhou,CHI,761
10641,yuanqu,CHI,761
10642,yicheng_pingyang,CHI,761
10643,taihangshan6,,
10644,kelan,CHI,761
10645,lanzhou_kelan,CHI,761
10646,hehe,CHI,761
10647,loufan,CHI,761
10648,xingxian,CHI,761
10649,taihangshan7,,
10650,liaoshan,CHI,761
10651,heshun,CHI,761
10652,yushe,CHI,761
10653,shangdang,CHI,761
10654,huguan,CHI,761
10655,licheng_luan,CHI,761
10656,lucheng_luan,CHI,761
10657,qingyang_luan,CHI,761
10658,tunliu,CHI,761
10659,xiangyuan,CHI,761
10660,zhangzi,CHI,761
10661,pingding,CHI,761
10662,shouyang,CHI,761
10663,taigu,CHI,761
10664,leping_pingding,CHI,761
10665,yuci,CHI,761
10666,yuzhou,CHI,761
10667,linfen,CHI,761
10668,jishi_anze,CHI,761
10669,fushan,CHI,761
10670,hongtong,CHI,761
10671,yueyang_anze,CHI,761
10672,taihangshan5,,
10673,hedong,CHI,761
10674,hejin,CHI,761
10675,jizhou,CHI,761
10676,linjin,CHI,761
10677,wanquan,CHI,761
10678,xiangning,CHI,761
10679,tongdi,CHI,761
10680,qinyuan,CHI,761
10681,wuxiang,CHI,761
10682,taihangshan4,,
10683,lishi,CHI,761
10684,fangshan_lishi,CHI,761
10685,linxian,CHI,761
10686,dinghu,CHI,761
10687,kehu,CHI,761
10688,wenquan,CHI,761
10689,ningxiang_shizhou,CHI,761
10690,pingjin,CHI,761
10691,luchuan,CHI,761
10692,yangqu,CHI,761
10693,jiaocheng,CHI,761
10694,xugou,CHI,761
10695,qixian_taiyuan,CHI,761
10696,wenshui,CHI,761
10697,taihangshan2,,
10698,xiexian,CHI,761
10699,pinglu,CHI,761
10700,ruicheng,CHI,761
10701,wenxi,CHI,761
10702,xiaxian,CHI,761
10703,xiurong,CHI,761
10704,dingxiang,CHI,761
10705,jingle,CHI,761
10706,ninghua,CHI,761
10707,xichuan_xizhou,CHI,761
10708,daning,CHI,761
10709,puxian,CHI,761
10710,shilou,CHI,761
10711,yonghe,CHI,761
10712,jincheng_zezhou,CHI,761
10713,duanshi,CHI,761
10714,gaoping,CHI,761
10715,lingchuan_zezhou,CHI,761
10716,qinshui,CHI,761
10717,yangcheng,CHI,761
10718,bohai_sea,,
10719,daqing_estuary,,
10720,laizhou_bay,,
10721,northern_bohai_bay,,
10722,southern_bohai_bay,,
10723,bohai_strait,,
10724,dalian_bay,,
10725,jingzitou_peninsula,,
10726,pulandian_bay,,
10727,liaodong_bay,,
10728,diao_longjujia_cape,,
10729,qinhuangdao_bay,,
10730,taiping_bay,,
10731,maoming,CHI,761
10732,xinyi_gaozhou,CHI,761
10733,dianbai,CHI,761
10734,baoning,CHI,761
10735,shilong,CHI,761
10736,shicheng,CHI,761
10737,wuchuan_huazhou,CHI,761
10738,haikang,CHI,761
10739,qingdao,CHI,761
10740,zhanchuan,CHI,761
10741,suixi,CHI,761
10742,xuwen,CHI,761
10743,hepu,CHI,761
10744,lingshan,CHI,761
10745,anyuan_lianzhou,CHI,761
10746,ruxi,CHI,761
10747,xiaodong,CHI,761
10748,gaoyang,CHI,761
10749,yilun,CHI,761
10750,yande,CHI,761
10751,ganen,CHI,761
10752,changhua,CHI,761
10753,qiongshan,CHI,761
10754,shuihui,CHI,761
10755,dingan,CHI,761
10756,lehui,CHI,761
10757,chengmai,CHI,761
10758,lingao,CHI,761
10759,wenchang,CHI,761
10760,wanan_wananjun,CHI,761
10761,lingshui,CHI,761
10762,ningyuan_wananjun,CHI,761
10763,limushan,CHI,761
10764,haiyang,CHI,761
10765,sanhe_chaozhou,CHI,761
10766,pantian,CHI,761
10767,chengxiang,CHI,761
10768,huilai,CHI,761
10769,chaoyang,CHI,761
10770,pingyuan_mei,CHI,761
10771,puning,CHI,761
10772,sanrao,CHI,761
10773,jieyang,CHI,761
10774,duanxi,CHI,761
10775,shuangshui,CHI,761
10776,ducheng,CHI,761
10777,jinkang,CHI,761
10778,dongguan,CHI,761
10779,baoan_dongguan,CHI,761
10780,guanfu,CHI,761
10781,guangzhou,CHI,761
10782,shunde,CHI,761
10783,nanhai,CHI,761
10784,huiqi,CHI,761
10785,qingyuan,CHI,761
10786,panyu,CHI,761
10787,heyuan,CHI,761
10788,heping,CHI,761
10789,lankou,CHI,761
10790,lianping,CHI,761
10791,guishan,CHI,761
10792,khuzhupai,CHI,761
10793,haifeng,CHI,761
10794,lufeng_haifeng,CHI,761
10795,boluo,CHI,761
10796,pingshan_huiyang,CHI,761
10797,qinjiang,CHI,761
10798,zuokeng,CHI,761
10799,liannan,CHI,761
10800,lianshan,CHI,761
10801,lianzhou,CHI,761
10802,yangshan,CHI,761
10803,yangjiang,CHI,761
10804,yangchun,CHI,761
10805,enping,CHI,761
10806,guliang,CHI,761
10807,duling,CHI,761
10808,xinxing_nanen,CHI,761
10809,baochang_nanxiong,CHI,761
10810,shixing,CHI,761
10811,conghua,CHI,761
10812,xinfeng_panyu,CHI,761
10813,zhengcheng,CHI,761
10814,longmen,CHI,761
10815,qujiang,CHI,761
10816,mengli,CHI,761
10817,lechang,CHI,761
10818,renhua,CHI,761
10819,ruyuan,CHI,761
10820,nanling4,,
10821,xinhui,CHI,761
10822,guanghai,CHI,761
10823,xiangshan_xinhui,CHI,761
10824,longchuan_xunzhou,CHI,761
10825,changle_xunzhou,CHI,761
10826,xingning,CHI,761
10827,yingde,CHI,761
10828,hanguang,CHI,761
10829,wengyuan,CHI,761
10830,gaoyao,CHI,761
10831,gaoming,CHI,761
10832,guangning_zhaoqing,CHI,761
10833,sanshui,CHI,761
10834,sihui,CHI,761
10835,baishan,TNZ,870
10836,anding_mashan,ADG,871
10837,duyang,DYG,872
10838,yongshun,YSN,869
10839,lingfang,CHI,761
10840,shanglin,CHI,761
10841,qianjiang_binzhou,CHI,761
10842,guishun,ZNN,873
10843,xiaozhenan,ZNN,873
10844,zhenan_guishun,ZNN,873
10845,ningpu,CHI,761
10846,yongning_hengzhou,CHI,761
10847,qianlong,CHI,761
10848,nandan,NDN,866
10849,bama,TNZ,870
10850,donglan,DLN,867
10851,zhishan,DLN,867
10852,nadi,NDN,866
10853,liuzhai,NDN,866
10854,xuanhua_nanning,CHI,761
10855,langning,CHI,761
10856,wuyuan_nanning,CHI,761
10857,yishan,QYN,865
10858,anhua_huanjiang,QYN,865
10859,hechi,QYN,865
10860,sien,QYN,865
10861,xincheng_xincheng,XCG,868
10862,libo,QYN,865
10863,sicheng,LIN,862
10864,xilin,SHG,864
10865,wangmu,CHI,761
10866,lucheng,NLG,863
10867,luodian,CHI,761
10868,tongle,LIN,862
10869,duyangshan,,
10870,siming,SMG,875
10871,pingxiang_pingxiang,SMG,875
10872,shangsi,SGS,876
10873,qianlong_siming,SMG,875
10874,chongshan,TPG,874
10875,longzhou_longzhou,TPG,874
10876,mingying,TPG,874
10877,doukang,TPG,874
10878,guwan,TPG,874
10879,laian_tianzhou,TNZ,870
10880,baise,LIN,862
10881,sienzhou,TNZ,870
10882,tianzhou,TNZ,870
10883,tangxing,LIN,862
10884,xilong,NLG,863
10885,bada,SHG,864
10886,ceheng,NLG,863
10887,machang,NLG,863
10888,zhenfeng,NLG,863
10889,lingui,CHI,761
10890,lingchuan,CHI,761
10891,yining,CHI,761
10892,xingan,CHI,761
10893,yongfu,CHI,761
10894,linhe,CHI,761
10895,fengcheng,CHI,761
10896,guiling,CHI,761
10897,fuchuan,CHI,761
10898,maping,CHI,761
10899,liucheng,CHI,761
10900,wuxian_liuzhou,CHI,761
10901,yangshou,CHI,761
10902,laibin,CHI,761
10903,luorong,CHI,761
10904,dayaoshan,CHI,761
10905,lipu,CHI,761
10906,yangshuo,CHI,761
10907,pingle,CHI,761
10908,gongcheng,CHI,761
10909,lishan_pingle,CHI,761
10910,longping_pingle,CHI,761
10911,qingxiang,CHI,761
10912,guanyang,CHI,761
10913,liupu,CHI,761
10914,xiyan,CHI,761
10915,nanling2,,
10916,rongshui,CHI,761
10917,changan,CHI,761
10918,luocheng,CHI,761
10919,huaiyuan_rongzhou,CHI,761
10920,tongdao_rongzhou,CHI,761
10921,puning_rongzhou,CHI,761
10922,beiliu,CHI,761
10923,luchuan_rongzhou,CHI,761
10924,tanjin,CHI,761
10925,cenxi,CHI,761
10926,wutun,CHI,761
10927,cangwu,CHI,761
10928,dongan,CHI,761
10929,huaiji,CHI,761
10930,fengchuan,CHI,761
10931,rongcheng,CHI,761
10932,guiping,CHI,761
10933,luoxiu,CHI,761
10934,guizhou_xunzhou,CHI,761
10935,pingnan,CHI,761
10936,watang,CHI,761
10937,nanliu,CHI,761
10938,bobai,CHI,761
10939,shahe_bobai,CHI,761
10940,annan,YNN,861
10941,xinxing_annan,YNN,861
10942,xincheng_annan,YNN,861
10943,puding,PDN,858
10944,guangsuoling,PDN,858
10945,dingnan_anshun,PDN,858
10946,kangzuo,PDN,858
10947,xibao,PDN,858
10948,zhenning,PDN,858
10949,bozhou,BZU,823
10950,wujiang_bozhou,BZU,823
10951,zizhou,BZU,823
10952,renhuai,BZU,823
10953,shaxi,BZU,823
10954,duyun,DYN,882
10955,bazhai_duyun,CHI,761
10956,dushan,CHI,761
10957,pingzhu,DYN,882
10958,lantu,LTU,883
10959,guizhou_guizhou,SDG,853
10960,jinzhu,SDG,853
10961,xintian,SDG,853
10962,bafan,CHI,761
10963,suidong,SDG,853
10964,longli,SDG,853
10965,weiqing,XNG,856
10966,liping,LPG,885
10967,xiajiang,XSY,888
10968,guzhou,GZH,884
10969,qingjiang_liping,CHI,761
10970,tonggu_liping,ZLD,886
10971,taigong,CHI,761
10972,yongcong,HZH,887
10973,pingyue,PYE,854
10974,kaili,ALI,852
10975,maxia,PDG,857
10976,puan_puan,PAN,860
10977,huangcaoba,PAN,860
10978,anlong,PAN,860
10979,lemin,PAN,860
10980,shuitejiang,SZH,840
10981,dejiang,SZH,840
10982,wuchuan_sinan,SZH,840
10983,yanhe,YNH,841
10984,longquanping,LGQ,847
10985,shiqian,SZH,840
10986,yinjiang,SZH,840
10987,taipengruodong,SZH,840
10988,qiongshui,QGS,844
10989,panqiao,SZH,840
10990,zhenyuan_sizhou,SZH,840
10991,dizhai,SDG,853
10992,caoni,SXI,821
10993,cengtai,SXI,821
10994,dafang,SXI,821
10995,dagu_shunyuan,SXI,821
10996,shuixi,SXI,821
10997,longchang,DZH,855
10998,jinji,SXI,821
10999,tongren,TGR,843
11000,wuluo,PTZ,846
11001,tixi,TXI,842
11002,huangping,XNL,851
11003,baini,BNI,849
11004,wengshui,COG,850
11005,rongshan,RGS,848
11006,shuicheng,SXI,821
11007,pingba,PGB,859
11008,zhijin,SXI,821
11009,huozhu,SXI,821
11010,zhengan,ZNZ,827
11011,zhenzhou,ZNZ,827
11012,suiyang,BZU,823
11013,bochuan,BZU,823
11014,beisheng,BZH,792
11015,langqu,YNG,913
11016,jinshajiang,BZH,792
11017,yongning_baisheng,YNG,913
11018,ningfan,BZH,792
11019,taihe_dali,CDL,890
11020,menghua,CDL,890
11021,yunlong,CDL,890
11022,binchuan,CDL,890
11023,yangbei,CDL,890
11024,wujing,CDL,890
11025,yunnan,CDL,890
11026,langqiong,CDL,890
11027,erhai_lake,,
11028,qingshuilangshan,,
11029,heqing,HQG,794
11030,jianchuan,HQG,794
11031,qingshuilangshan2,,
11032,lanzhou_lanzhou,LJG,934
11033,zhiziluo,LJG,934
11034,adeqiu,LJG,934
11035,zhuluo,LJG,934
11036,gongshan,LJG,934
11037,luzhang,CDL,890
11038,nushan,,
11039,tongan_lijiang,LJG,934
11040,linxi,LJG,934
11041,dadandang,GYT,912
11042,jujin,LJG,934
11043,nixi,GYT,912
11044,xiaodandang,GYT,912
11045,xueshan_yunnan,,
11046,mangshi,MMA,779
11047,longchuan,MMA,779
11048,luchuan_mangshi,MMA,779
11049,namsam_range,,
11050,mengding,MHA,784
11051,gengma,MHA,784
11052,mengdong,MLM,2126
11053,mengmeng,MHA,784
11054,mulian,MLM,2126
11055,matman,MLM,2126
11056,menglei,MGN,783
11057,pangyang,MLM,2126
11058,musuo,MGN,783
11059,yinshaluo,MGN,783
11060,shan_hills2,,
11061,shunning,MHN,781
11062,midu,CDL,890
11063,dingbian_shunning,CDL,890
11064,baotong,MHN,781
11065,youdian,MHN,781
11066,tengchong,MMA,779
11067,wadian,MMA,779
11068,zhenxi,MMA,779
11069,nandan_tengcheng,MMA,779
11070,nandian,MMA,779
11071,gaoligongshan1,,
11072,yaozhou,YAN,793
11073,dayao,YAN,793
11074,juque,YAN,793
11075,yongchang_yongchang,MMA,779
11076,zhenkang,MHK,780
11077,shidian,MMA,779
11078,kongwei,MHK,780
11079,yongping_yongchang,CDL,890
11080,rouyuan,MMA,779
11081,lujiang,MMA,779
11082,jinglong,CHH,891
11083,daolong,CHH,891
11084,gengdang,CHH,891
11085,mengban_jihong,CHH,891
11086,menghai,CHH,891
11087,mengla,CHH,891
11088,yot_ou,CHH,891
11089,heyang,LNG,889
11090,jiangchuan,LNG,889
11091,lunan,LNG,889
11092,xinxing,LNG,889
11093,fuxian_lake,,
11094,weichu,LNG,889
11095,dingyuan_chuxiong,LNG,889
11096,zhennan,LNG,889
11097,nanan,LNG,889
11098,ailaoshan,,
11099,guangnan,GNN,877
11100,bangban,GNN,877
11101,boai,LZO,878
11102,fuzhou_guangnan,FZH,879
11103,zhehong,GNN,877
11104,guangxi,GGX,819
11105,shizong,SZG,820
11106,qiubei,GGX,819
11107,mile,MLE,797
11108,wucao,GGX,819
11109,nalou,NLU,790
11110,situo,NWU,788
11111,luokong,YNJ,787
11112,muong_te,NYZ,789
11113,phong_tho,NYZ,789
11114,fan_si_mountains1,,
11115,kainan,MGK,786
11116,baodian,MGK,786
11117,zheledian,MGK,786
11118,kunyang,LNG,889
11119,anning,LNG,889
11120,chenggong,LNG,889
11121,yimen,LNG,889
11122,jianshui,JSI,798
11123,ami,AGN,796
11124,xisha,NGZ,800
11125,tonghai,NGZ,800
11126,shiping,SPG,799
11127,pingdian,NGZ,800
11128,malongtalang,YNJ,787
11129,xie,NGZ,800
11130,mengzi,NNN,795
11131,bazhai,LZI,880
11132,lihua,SZI,881
11133,jiaha,GGX,819
11134,mengding_mengzi,NLU,790
11135,jiaohua,SZI,881
11136,nanlang,LZI,880
11137,weimo,GGX,819
11138,xisa,LZI,880
11139,nanning,QJG,814
11140,kedu,ZYI,813
11141,luoxiong,LXG,818
11142,zhanyi,ZYI,813
11143,malong_qujing,MLG,816
11144,luoshan_qujing,YZO,815
11145,luliang,LLN,817
11146,sime,CHH,891
11147,niuwu,NWU,788
11148,puri_simao,NWU,788
11149,yuanjiang_yuanjiang,YNJ,787
11150,talang,YNJ,787
11151,tongguan_yuanjiang,YNJ,787
11152,kunming,LNG,889
11153,lufeng,LNG,889
11154,yiliang,LNG,889
11155,songming,LNG,889
11156,fumin,LNG,889
11157,dian_lake,,
11158,weiyuan,MWO,785
11159,mengtong,MGK,786
11160,mengban_weiyuan,MWO,785
11161,hequ_wuding,WDG,804
11162,luquan,WDG,804
11163,rende,RND,805
11164,yuanmou,WDG,804
11165,lingshui_bay,,
11166,gangbei_harbour,,
11167,tonggu_cape,,
11168,leizhou_bay,,
11169,south_china_sea39,,
11170,south_china_sea41,,
11171,south_china_sea36,,
11172,guanghai_bay,,
11173,jieshi_bay,,
11174,pearl_river_delta,,
11175,victoria_harbour,,
11176,zhanjiang_harbour,,
11177,dongshan_bay,,
11178,south_china_sea38,,
11179,south_china_sea42,,
11180,south_china_sea43,,
11181,south_china_sea47,,
11182,south_china_sea48,,
11183,south_china_sea49,,
11184,dangzhuo_bay,,
11185,qinzhou_bay,,
11186,qiongzhou_strait,,
11187,tieshan_harbour,,
11188,yingge_cape,,
11189,chabcha,AMD,929
11190,buha,AMD,929
11191,caka,AMD,929
11192,dulan,AMD,929
11193,dungkar_amdo,AMD,929
11194,guolimu,AMD,929
11195,qardam,AMD,929
11196,sanjiaocheng,CHI,761
11197,kunlun5,,
11198,qilianshan4,,
11199,caka_lake,,
11200,qinghai_lake,,
11201,darlag,GOL,927
11202,amnye_machen,AMD,929
11203,bayan_har,GOL,927
11204,lungkya,GOL,927
11205,madoi,GOL,927
11206,lab_lake,,
11207,ngoring_lake,,
11208,zhaling_lake,,
11209,sharu,,
11210,drichu,,
11211,duolundu,,
11212,hoh_xil,,
11213,jilibulake,,
11214,kunlun,,
11215,qumarleb,,
11216,bayan_har_mountains2,,
11217,dalungsai,,
11218,jurhen_ui,,
11219,kunlun4,,
11220,tanggula2,,
11221,dorger_lake,,
11222,hoh_sai_lake,,
11223,hoh_xil_lake,,
11224,lebxewudan_lake,,
11225,ulan_ui_lake,,
11226,xijir_ulan_lake,,
11227,zhognai_lake,,
11228,nangchen,NCN,906
11229,chodrak,NCN,906
11230,gechak,NCN,906
11231,jang_tana,NCN,906
11232,pelme,NCN,906
11233,zurmang_namgyaltse,NCN,906
11234,tanggula1,,
11235,dartang,GOL,927
11236,droge,GOL,927
11237,metsang,GOL,927
11238,takden,GOL,927
11239,chogyal_khar,,
11240,balgatai,,
11241,dsun,,
11242,gashun,,
11243,nalinggele,,
11244,temirlik,,
11245,tsaidam,,
11246,yuka,,
11247,altun_shan2,,
11248,altun_shan3,,
11249,kunlun6,,
11250,kunlun7,,
11251,qilianshan3,,
11252,tsaidam_dunes,,
11253,dongbabuxun_lake,,
11254,gongtai_ji_naier_lake,,
11255,hala_lake,,
11256,north_hulsan_lake,,
11257,jyekundo,NCN,906
11258,dzagyal,LGT,904
11259,khana,LGT,904
11260,lab,LGT,904
11261,lungsho,NCN,906
11262,serkar,LGT,904
11263,bayan_har_mountains1,,
11264,zeku,AMD,929
11265,muxihe,AMD,929
11266,quge,AMD,929
11267,sailahai,AMD,929
11268,qinlingshan1,,
11269,gerze_tibet,,
11270,bairab,,
11271,cemar,,
11272,cozha,,
11273,dagze,,
11274,dogai,,
11275,dorsotung,,
11276,yurba,,
11277,changtang,,
11278,hoh_xil_mountains2,,
11279,tanggula3,,
11280,ustun_tag,,
11281,bangda_lake,,
11282,dagze_lake,,
11283,doke_lake,,
11284,doke_jangtso_lake,,
11285,dorsotung_lake,,
11286,kotra_lake,,
11287,lumajangdong_lake,,
11288,mitijangazanmo_lake,,
11289,ngangba_lake,,
11290,orba_lake,,
11291,tong_lake,,
11292,serzhik,TIB,892
11293,shantsa,TIB,892
11294,zangdan,TIB,892
11295,gangdise6,,
11296,lunggar2,,
11297,gering_lake,,
11298,ngangzi_lake,,
11299,tangra_yumco,,
11300,xuru_lake,,
11301,namtso_doring,TIB,892
11302,gonkri,TIB,892
11303,ronglung,TIB,892
11304,tsedzong,TIB,892
11305,zagya,,
11306,gangdise3,,
11307,bam_lake,,
11308,drong_lake,,
11309,dung_lake,,
11310,jargo_lake,,
11311,kyebxang_lake,,
11312,lake_nam,,
11313,lake_ngon,,
11314,lake_urru,,
11315,pangkog_lake,,
11316,pung_lake,,
11317,reu_lake,,
11318,siling_lake,,
11319,tsonga_lake,,
11320,zige_tangco_lake,,
11321,chamdo,GNJ,907
11322,karma_densa,GNJ,907
11323,khamgar,GNJ,907
11324,hengduanshan9,,
11325,dartsedo,CKL,928
11326,lhagang,CKL,928
11327,baurang,CKL,928
11328,hengduanshan1,,
11329,derge,DRG,905
11330,jomda,DRG,905
11331,katok,DRG,905
11332,kharak,DRG,905
11333,sibda,DRG,905
11334,tromge,DRG,905
11335,wara_kham,DRG,905
11336,hengduanshan6,,
11337,hengduanshan7,,
11338,gonjo,GNJ,907
11339,drayab,GNJ,907
11340,sho,GNJ,907
11341,tangkya,GNJ,907
11342,zhanggu,CKL,928
11343,durgyeling,GYE,926
11344,geshitsa,GYE,926
11345,rahor,GYE,926
11346,yungdrung,GYE,926
11347,sampheling,BTG,908
11348,dzingcho,BTG,908
11349,sangme,BTG,908
11350,longtang,LGT,904
11351,gegong,LGT,904
11352,mangge,LGT,904
11353,sershul,LGT,904
11354,hengduanshan8,,
11355,litang,LTN,910
11356,daoba,LTN,910
11357,kazhi,CKL,928
11358,nyachukha,LTN,910
11359,hengduanshan5,,
11360,muli,YNG,913
11361,kheong,YNG,913
11362,waerhdje,YNG,913
11363,nakchu,TIB,892
11364,barom,TIB,892
11365,rongpo,TIB,892
11366,biru,NBH,909
11367,pembar,NBH,909
11368,riwoche,NBH,909
11369,samda,NBH,909
11370,shopando,NBH,909
11371,sok,NBH,909
11372,tengchen,NBH,909
11373,yangdzong,NBH,909
11374,nyainqentanglha5,,
11375,nyarong,NYA,911
11376,chodrak_kham,NYA,911
11377,dawu,HOR,903
11378,dzogon,CKL,928
11379,khordong,HOR,903
11380,lhakhang,GNJ,907
11381,pasho,GNJ,907
11382,pema,GNJ,907
11383,nyainqentanglha6,,
11384,pome,POO,902
11385,chumdo,POO,902
11386,lhari,POO,902
11387,shukden,POO,902
11388,nyainqentanglha4,,
11389,batang,BTG,908
11390,markham,BTG,908
11391,shar_yelpuk,BTG,908
11392,hengduanshan10,,
11393,serta,GOL,927
11394,dzamtang,GOL,927
11395,nubzur,GOL,927
11396,shukjung,GOL,927
11397,ganze,HOR,903
11398,manigango,HOR,903
11399,trotsang,HOR,903
11400,tsakhalkho,BTG,908
11401,dzogang,BTG,908
11402,mengung,BTG,908
11403,rima,POO,902
11404,sangacho,POO,902
11405,walong,POO,902
11406,himalaya20,,
11407,himalaya21,,
11408,skardu,MAR,895
11409,khaplu,MAR,895
11410,shigar,MAR,895
11411,karakoram3,,
11412,toling,GUG,893
11413,dungkar,GUG,893
11414,tsaparang,GUG,893
11415,himalaya7,,
11416,leh,MAR,895
11417,charasa,MAR,895
11418,kargil,MAR,895
11419,karpokhar,MAR,895
11420,lamayuru,MAR,895
11421,shey,MAR,895
11422,himalaya1,,
11423,himalaya2,,
11424,himalaya3,,
11425,mendong,TIB,892
11426,samten,TIB,892
11427,selephu,TIB,892
11428,gangdise2,,
11429,gangdise7,,
11430,lunggar1,,
11431,ang_laren_lake,,
11432,dawa_lake,,
11433,gyesar_lake,,
11434,lake_trati_nam,,
11435,rinchen_lake,,
11436,takkyel_lake,,
11437,taruo_lake,,
11438,zabuye_lake,,
11439,palung_lake,,
11440,dzongkar,MGG,901
11441,baryang,MGG,901
11442,dargyeling,MGG,901
11443,lo_mustang,MGG,901
11444,tradun,MGG,901
11445,gangdise8,,
11446,himalaya9,,
11447,himalaya10,,
11448,sengli_lake,,
11449,purang,PUR,894
11450,gyanema,GUG,893
11451,khyunglung,GUG,893
11452,tokchen,PUR,894
11453,himalaya8,,
11454,lake_manasarovar,,
11455,lake_rakshastal,,
11456,rutok,MAR,895
11457,drangtse,MAR,895
11458,gartok,GUG,893
11459,hanle,MAR,895
11460,ormogang,TIB,892
11461,rala,GUG,893
11462,tashigang,MAR,895
11463,tsherlung,TIB,892
11464,gangdise1,,
11465,himalaya14,,
11466,pangong_lake,,
11467,spanggur_lake,,
11468,nako,MAR,895
11469,tabo,MAR,895
11470,tsorub,MAR,895
11471,himalaya6,,
11472,padum,ZNK,896
11473,phuktal,ZNK,896
11474,zangla,ZNK,896
11475,himalaya5,,
11476,dingri,TIB,892
11477,chorten_nyima,TIB,892
11478,gonga_chode,TIB,892
11479,nyalam,TIB,892
11480,pelmo,TIB,892
11481,himalaya11,,
11482,himalaya12,,
11483,como_chamling,,
11484,lake_paiku,,
11485,sakya,TIB,892
11486,ganden_delingshar,TIB,892
11487,lhadrak,TIB,892
11488,ngamring,TIB,892
11489,tagmo_lingkha,TIB,892
11490,gangdise4,,
11491,himalaya13,,
11492,gyantse,TIB,892
11493,nenying,TIB,892
11494,ralung,TIB,892
11495,himalaya15,,
11496,himalaya16,,
11497,shigatse,TIB,892
11498,jonang,TIB,892
11499,namling,TIB,892
11500,tropu,TIB,892
11501,tsangdram,TIB,892
11502,gangdise5,,
11503,gyamda,TIB,892
11504,buchu,TIB,892
11505,daklha_gampo,TIB,892
11506,zhokha,TIB,892
11507,nyainqentanglha2,,
11508,nyainqentanglha3,,
11509,trigu,TIB,892
11510,chikchar,TIB,892
11511,gonpatsi,TIB,892
11512,lhodrak,TIB,892
11513,lho_taklung,TIB,892
11514,tragor,TIB,892
11515,zangchen,TIB,892
11516,himalaya18,,
11517,lake_puma_yumco,,
11518,yamdrok_lake,,
11519,metog,POO,902
11520,rigyal,POO,902
11521,tirkong,POO,902
11522,himalaya19,,
11523,lhasa,TIB,892
11524,damzhung,TIB,892
11525,drigung,TIB,892
11526,galo,TIB,892
11527,gyama,TIB,892
11528,taklung,TIB,892
11529,tsora,TIB,892
11530,tsurphu,TIB,892
11531,nyainqentanglha1,,
11532,nedong,TIB,892
11533,densatil,TIB,892
11534,gongkar,TIB,892
11535,nyemo,TIB,892
11536,rinpung_yarlung,TIB,892
11537,samye,TIB,892
11538,ganzhou,CHI,761
11539,hongshui,CHI,761
11540,liyuan,CHI,761
11541,qidaban,CHI,761
11542,qilian,CHI,761
11543,shandan,CHI,761
11544,qilianshan1,,
11545,shazhou,CHI,761
11546,anding_suzhou,CHI,761
11547,dangcheng,CHI,761
11548,kuyu_shazhou,CHI,761
11549,guazhou,CHI,761
11550,niuquanzi,BAT,1019
11551,yangguan,CHI,761
11552,mazongshan,,
11553,hala_nur,,
11554,suzhou_gansu,CHI,761
11555,gaotai,CHI,761
11556,jinta,CHI,761
11557,chijin,CHI,761
11558,xining,CHI,761
11559,datong_xining,CHI,761
11560,gushan,CHI,761
11561,haomen,CHI,761
11562,nianbo,CHI,761
11563,zhuanglang,CHI,761
11564,qilianshan2,,
11565,yongchang_ganzhou,CHI,761
11566,anyuan,CHI,761
11567,gulang,CHI,761
11568,jinchang,CHI,761
11569,xiliang,CHI,761
11570,baiting,CHI,761
11571,zhenfan,CHI,761
11572,qingtu_lake,,
11573,fuzhou_yanan,CHI,761
11574,luochuan,CHI,761
11575,zhongbu,CHI,761
11576,yijun,CHI,761
11577,kaicheng_guyuan,CHI,761
11578,xianzhou,CHI,761
11579,zhenrong,CHI,761
11580,jiazhou,CHI,761
11581,fugu,CHI,761
11582,kaiguang,CHI,761
11583,shenmu,CHI,761
11584,jingning,CHI,761
11585,longde,CHI,761
11586,sanchuan,CHI,761
11587,shuiluo,CHI,761
11588,liupanshan,,
11589,jingchuan,CHI,761
11590,guangan,CHI,761
11591,zhenyuan,CHI,761
11592,lingtai,CHI,761
11593,lingzhou,CHI,761
11594,dingyuan_lingzhou,CHI,761
11595,yanchi,CHI,761
11596,ningxia,CHI,761
11597,mingsha,CHI,761
11598,fuchuan_ningxia,CHI,761
11599,lingwu,CHI,761
11600,yingli,CHI,761
11601,pingliang,CHI,761
11602,huating_pingliang,CHI,761
11603,chongxin,CHI,761
11604,anhua,CHI,761
11605,baimachen,CHI,761
11606,huachi,CHI,761
11607,huanzhou_qingyang,CHI,761
11608,zhenning_qingyang,CHI,761
11609,heshui,CHI,761
11610,ningzhou,CHI,761
11611,suide,CHI,761
11612,dingrong,CHI,761
11613,mizhi,CHI,761
11614,qingjian,CHI,761
11615,fushi,CHI,761
11616,anding,CHI,761
11617,baoan,CHI,761
11618,yichuan,CHI,761
11619,ganquan,CHI,761
11620,yanchang,CHI,761
11621,yanchuan,CHI,761
11622,ansai,CHI,761
11623,yulin,CHI,761
11624,dingbian,CHI,761
11625,huaiyuan_mizhi,CHI,761
11626,anbian,CHI,761
11627,jingbian,CHI,761
11628,longxi_gongchang,CHI,761
11629,dingxi,CHI,761
11630,fuqiang,CHI,761
11631,huizhou_gongchang,CHI,761
11632,ningyuan_gongchang,CHI,761
11633,tongwei,CHI,761
11634,zhangxian,CHI,761
11635,qinlingshan3,,
11636,hezhou,HEZ,923
11637,guide,BIR,925
11638,jishi,JIZ,924
11639,dingqiang,HEZ,923
11640,huizhou,CHI,761
11641,chengzhou,CHI,761
11642,xihe_huizhou,CHI,761
11643,liangdang,CHI,761
11644,lidian,MNZ,920
11645,jiezhou,CHI,761
11646,baimaguan,CHI,761
11647,wenxian_gongchang,MNZ,920
11648,didao,CHI,761
11649,kangu,CHI,761
11650,lanzhou,CHI,761
11651,lutang,CHI,761
11652,weiyuan_lintao,CHI,761
11653,qinlingshan6,,
11654,minzhou,MNZ,920
11655,tanchang,MNZ,920
11656,xigu,MNZ,920
11657,chengji,CHI,761
11658,qinan,CHI,761
11659,sancha,CHI,761
11660,qingshui,CHI,761
11661,kedang,TAZ,921
11662,amchok,KHG,922
11663,kuntokling,TAZ,921
11664,taktsang,KHG,922
11665,liulin,TAZ,921
11666,sangqu,KHG,922
11667,tewo,SNP,918
11668,tso_gon,KHG,922
11669,qinlingshan2,,
11670,xinping,CHI,761
11671,chunhua,CHI,761
11672,yongshou,CHI,761
11673,sanshui_binzhou,CHI,761
11674,baoji,CHI,761
11675,fengxiang,CHI,761
11676,fufeng,CHI,761
11677,linyou,CHI,761
11678,longzhou_fengxiang,CHI,761
11679,meixian,CHI,761
11680,qianyang,CHI,761
11681,qishan,CHI,761
11682,longan,CHI,761
11683,liuba,CHI,761
11684,liangquan,CHI,761
11685,guochuan,CHI,761
11686,qinlingshan4,,
11687,nanzheng,CHI,761
11688,chenggu,CHI,761
11689,lueyang,CHI,761
11690,duoshui,CHI,761
11691,daan,CHI,761
11692,huazhou,CHI,761
11693,huayin,CHI,761
11694,pucheng,CHI,761
11695,weinan,CHI,761
11696,qianzhou,CHI,761
11697,zhouzhi,CHI,761
11698,liquan,CHI,761
11699,qinlingshan7,,
11700,shangzhou,CHI,761
11701,lantian,CHI,761
11702,shangluo,CHI,761
11703,luonan,CHI,761
11704,qianyou,CHI,761
11705,sanyao,CHI,761
11706,shangnan,CHI,761
11707,shanyang,CHI,761
11708,zhenan,CHI,761
11709,qinlingshan5,,
11710,tongzhou,CHI,761
11711,baishui,CHI,761
11712,chengcheng,CHI,761
11713,hancheng,CHI,761
11714,heyang_xian,CHI,761
11715,fucheng,CHI,761
11716,jingzhao,CHI,761
11717,xianning_xian,CHI,761
11718,huxian,CHI,761
11719,jingyang,CHI,761
11720,lintong,CHI,761
11721,xianyang,CHI,761
11722,xicheng,CHI,761
11723,hanyin,CHI,761
11724,ningshan,CHI,761
11725,pingli,CHI,761
11726,shiquan,CHI,761
11727,xunyang,CHI,761
11728,ziyang_xingan,CHI,761
11729,goupingguan,CHI,761
11730,yangzhou,CHI,761
11731,xixiang,CHI,761
11732,yangyuan,CHI,761
11733,foping,CHI,761
11734,huayuan,CHI,761
11735,fuping_xian,CHI,761
11736,sanyuan,CHI,761
11737,tongguan_tongchuan,CHI,761
11738,dazu,CHI,761
11739,rongchang,CHI,761
11740,yongchuan,CHI,761
11741,baxian,CHI,761
11742,banan,CHI,761
11743,bishan,CHI,761
11744,qijiang,NPG,824
11745,jiangjin,CHI,761
11746,nanchuan,CHI,761
11747,tongchuan_dazhou,CHI,761
11748,xinning_dazhou,CHI,761
11749,dongxiang_dazhou,CHI,761
11750,mingtong,CHI,761
11751,taiping,CHI,761
11752,fuzhou_sichuan,CHI,761
11753,changshou_changshou,CHI,761
11754,wulong,CHI,761
11755,shizhao,CHI,761
11756,tongliang,CHI,761
11757,dingyuan,CHI,761
11758,fengjie,CHI,761
11759,daning_kuizhou,CHI,761
11760,kaizhou,CHI,761
11761,liangshan,CHI,761
11762,wanzhou,CHI,761
11763,wushan,CHI,761
11764,jianshi,CHI,761
11765,yunyang,CHI,761
11766,dabashan1,,
11767,wushan_mountains,,
11768,luzhou,CHI,761
11769,naxi,CHI,761
11770,hejiang,CHI,761
11771,jiangan,CHI,761
11772,youyang,YYG,838
11773,xiushan,PCD,839
11774,pengshui,CHI,761
11775,qianjiang_shaoqing,CHI,761
11776,linjiang,CHI,761
11777,dianjiang,CHI,761
11778,fengdu,CHI,761
11779,shizhu,SZU,828
11780,runyan,YJI,791
11781,mala,YJI,791
11782,pingchuan,YJI,791
11783,zuosuo,YJI,791
11784,hengduanshan4,,
11785,changning_changning,CHI,761
11786,luoji,GNG,826
11787,yunlian,YNL,810
11788,rongxian,RNG,825
11789,dechang,CGZ,802
11790,huili,CHI,761
11791,huichuan_dechang,CHI,761
11792,mingyi,XLG,803
11793,hengduanshan2,,
11794,dongchuan,DCN,806
11795,qiaojia,DCN,806
11796,tangdan,DCN,806
11797,zhehai,DCN,806
11798,longyou_jiading,CHI,761
11799,emei,CHI,761
11800,jiajiang,CHI,761
11801,rongzhou,CHI,761
11802,weiyuan_jiading,CHI,761
11803,qianwei,CHI,761
11804,hanyuan,TNQ,914
11805,suzhou,LLS,801
11806,lugu,LLS,801
11807,qiongbu,LLS,801
11808,shimian,TNQ,914
11809,zhenxi_lizhou,LLS,801
11810,hengduanshan3,,
11811,mahu,MHU,808
11812,lizhou_mahu,LLS,801
11813,leibo,LBO,809
11814,mabian,MHU,808
11815,muchuan,MHU,808
11816,meizhou,CHI,761
11817,qingshen,CHI,761
11818,danleng,CHI,761
11819,pengshan,CHI,761
11820,qiongzhou,CHI,761
11821,pujiang_qiongzhou,CHI,761
11822,dayi,CHI,761
11823,jianchang_sichuan,LLS,801
11824,kuozhou,CHI,761
11825,puge,CHI,761
11826,beishe,LLS,801
11827,wusa,WSA,812
11828,zhaoban,WSA,812
11829,heizhang,WSA,812
11830,wumeng,WNG,807
11831,daguan,WNG,807
11832,luozuoguan,WNG,807
11833,yongshan,WNG,807
11834,yibin,CHI,761
11835,fushun,CHI,761
11836,nanxi,CHI,761
11837,qingfu,CHI,761
11838,xuanhua,CHI,761
11839,yandao,CHI,761
11840,rongjing,CHI,761
11841,diaomen,TNQ,914
11842,lushan_yazhou,MCI,915
11843,mingshan,CHI,761
11844,yongning,CLE,822
11845,gulin,CLE,822
11846,luojiao,ZNX,811
11847,mangbu,ZNX,811
11848,guihua,ZNX,811
11849,langzhong,CHI,761
11850,cangxi,CHI,761
11851,nanbu,CHI,761
11852,huacheng,CHI,761
11853,zengkou,CHI,761
11854,nanjiang,CHI,761
11855,tongjiang,CHI,761
11856,dabashan2,,
11857,chengdu,CHI,761
11858,pixian,CHI,761
11859,shuangliu,CHI,761
11860,xindu,CHI,761
11861,jintang,CHI,761
11862,liujiang,CHI,761
11863,huaying,CHI,761
11864,linshui,CHI,761
11865,qujiang_guangan,CHI,761
11866,yuechi,CHI,761
11867,dazhu,CHI,761
11868,miangu,CHI,761
11869,jiachuan,CHI,761
11870,zhaohua,CHI,761
11871,deyang,CHI,761
11872,anzhou,CHI,761
11873,shifang,CHI,761
11874,mianzhu,CHI,761
11875,puan,CHI,761
11876,zhangming,CHI,761
11877,mianzhou,CHI,761
11878,zitong,CHI,761
11879,jianzhou,CHI,761
11880,zixian,CHI,761
11881,neijiang,CHI,761
11882,renshou,CHI,761
11883,jingyan,CHI,761
11884,ziyang_zizhong,CHI,761
11885,pingwu,LGZ,919
11886,jiangyou,LGZ,919
11887,qingchuan,CHI,761
11888,wenchuan,MCI,915
11889,wenshan,WMO,916
11890,shiquan_maozhou,CHI,761
11891,baoning_maozhou,TSK,917
11892,pengzhou,CHI,761
11893,jinyuan,CHI,761
11894,guanzhou,CHI,761
11895,xiaoxi,CHI,761
11896,pengxi,CHI,761
11897,lezhi,CHI,761
11898,anyue,CHI,761
11899,suining,CHI,761
11900,nanchong,CHI,761
11901,yingshan_shunqing,CHI,761
11902,xichong,CHI,761
11903,yilong,CHI,761
11904,xiangru,CHI,761
11905,songzhou_songpan,SNP,918
11906,dazhasi,SNP,918
11907,gurkyang,SNP,918
11908,heishui,SNP,918
11909,maerkang,TSK,917
11910,hongyuan,SNP,918
11911,muge,SNP,918
11912,fuzhou_songpan,MNZ,920
11913,qiongxi,TSK,917
11914,rinpung,SNP,918
11915,qixian_tongchuan,CHI,761
11916,shehong,CHI,761
11917,yanting,CHI,761
11918,zhongjiang,CHI,761
11919,atanuul,TRH,1022
11920,bodonch,TRH,1022
11921,bulgan,TRH,1022
11922,burqin,OGE,1018
11923,chinggil,TRH,1022
11924,jeminay,OGE,1018
11925,kara_irtysh,TRH,1022
11926,ulungur,TRH,1022
11927,lake_jili,,
11928,lake_ulungur,,
11929,atas_bogd,,
11930,beshbalik,QCH,899
11931,dunla,QCH,899
11932,guchung,QCH,899
11933,mori,QCH,899
11934,yuanhu,QCH,899
11935,bodga_shan,,
11936,bortala,CHG,897
11937,jing,CHG,897
11938,kuytun,CHG,897
11939,urghtbulaq,CHG,897
11940,usu_xinjiang,CHG,897
11941,ebi_lake,,
11942,sayram_lake,,
11943,borohoro1,,
11944,alatau,,
11945,hoboksar,CHG,897
11946,gonganbao,CHG,897
11947,manas,CHG,897
11948,utbulaq,CHG,897
11949,zhekdeliq,CHG,897
11950,manas_lake,,
11951,gurbantunggut,,
11952,saur,,
11953,hami,QCH,899
11954,nazhi,QCH,899
11955,geziyandun,QCH,899
11956,turpan,QCH,899
11957,lukchun,QCH,899
11958,pichan,QCH,899
11959,qocho,QCH,899
11960,toksun,QCH,899
11961,yangjibaliq,CHG,897
11962,kutubi,CHG,897
11963,ulan_us,CHG,897
11964,qanbalik,CHG,897
11965,urumqi,CHG,897
11966,borohoro3,,
11967,aksu,MNL,900
11968,bai_xinjiang,MNL,900
11969,kumtura,MNL,900
11970,kucha,MNL,900
11971,qumbash,MNL,900
11972,shayar,MNL,900
11973,uqturpan,MNL,900
11974,tian_shan2,,
11975,tian_shan3,,
11976,charchan,DGH,1029
11977,charklik,QCH,899
11978,niya,DGH,1029
11979,qietai,QCH,899
11980,tatrang,QCH,899
11981,waxxari,QCH,899
11982,altun_shan1,,
11983,kunlun9,,
11984,taklamakan3,,
11985,murgo,,
11986,amtogor,,
11987,raskam,,
11988,sanju,,
11989,zarafshan,SRL,1031
11990,amtogor_lake,,
11991,longmu_lake,,
11992,karakoram2,,
11993,karakoram4,,
11994,kunlun1,,
11995,karasahr,QCH,899
11996,kumux,QCH,899
11997,bosten,QCH,899
11998,yulduz,QCH,899
11999,bosten_lake,,
12000,kuruktag,,
12001,tian_shan4,,
12002,tian_shan5,,
12003,lake_wuzongbulake,,
12004,kashgar,DGH,1029
12005,artush,DGH,1029
12006,barchuk,DGH,1029
12007,maralbexi,DGH,1029
12008,payzawat,DGH,1029
12009,tokkuzak,DGH,1029
12010,yingisar,DGH,1029
12011,yopurga,DGH,1029
12012,tian_shan1,,
12013,khotan,DGH,1029
12014,karakax,DGH,1029
12015,keriya,DGH,1029
12016,lop,DGH,1029
12017,qira,DGH,1029
12018,kunlun2,,
12019,taklamakan5,,
12020,yalingkuo,,
12021,jingyu,,
12022,kumkol,,
12023,jingyu_lake,,
12024,lake_aqqikkol,,
12025,lake_ayakkum,,
12026,kunlun3,,
12027,kunlun8,,
12028,kunlun10,,
12029,kurla,QCH,899
12030,bugur,QCH,899
12031,kuerchu,QCH,899
12032,dashahai,QCH,899
12033,bailongdui,QCH,899
12034,miran,QCH,899
12035,loulan,QCH,899
12036,lop_lake,,
12037,kumtag1,,
12038,kumtag2,,
12039,kumtag3,,
12040,mazar_tagh,DGH,1029
12041,tikenliq,QCH,899
12042,taklamakan1,,
12043,taklamakan2,,
12044,taklamakan4,,
12045,sarikol,SRL,1031
12046,akto,SRL,1031
12047,kizilsu,SRL,1031
12048,karakoram1,,
12049,pamir1,,
12050,pamir2,,
12051,yarkand,DGH,1029
12052,guma,DGH,1029
12053,kargilik,DGH,1029
12054,poskam,DGH,1029
12055,chimgi_tura,GLH,2248
12056,tugulym,GLH,2248
12057,yalutorovsk,GLH,2248
12058,tsaryovo_gorodishche,GLH,2248
12059,shadrinsk,GLH,2248
12060,stepnoye,,
12061,almenevo,GLH,2248
12062,safkul,GLH,2248
12063,shchuchye,GLH,2248
12064,kargapolye,GLH,2248
12065,kurtamysh,GLH,2248
12066,yetkul,GLH,2248
12067,chebarkul,GLH,2248
12068,troitsk,GLH,2248
12069,uyskoye,GLH,2248
12070,miass,GLH,2248
12071,qashliq,GLH,2248
12072,siberia_abalak,GLH,2248
12073,turtas,GLH,2248
12074,yukonda,GLH,2248
12075,tursunt,,
12076,konda,,
12077,yevra,,
12078,malaya_sosva,,
12079,ess,,
12080,leushinskiy_tuman,,
12081,siberian_wasteland_5,,
12082,siberian_wasteland_7,,
12083,andreyevskoye,,
12084,tuman,,
12085,tursunskiy_tuman,,
12086,syrkovoye,,
12087,tobolsk,GLH,2248
12088,vagay,GLH,2248
12089,bolshoy_uvat,,
12090,tavdinsky_sloboda,GLH,2248
12091,yurginskoye,GLH,2248
12092,vikulovo,GLH,2248
12093,yendyr,,
12094,bardak,,
12095,kharom_vosh,,
12096,kartauzh,,
12097,lake_yendyr,,
12098,siberian_wasteland_6,,
12099,chumyak,,
12100,yendra,,
12101,belogorye,,
12102,karymkary,,
12103,nazym,,
12104,sukhorukova,,
12105,landytuv,,
12106,un_zhallor,,
12107,kazym,,
12108,sumgut_vosh,,
12109,vezhakary,,
12110,kaltysyany,,
12111,ayyugan,,
12112,irkutsk,,
12113,slyudyanka,,
12114,cheremkhovo,,
12115,zalari,,
12116,ust_kut,,
12117,reka_tuba,,
12118,nikolsky_pogost,,
12119,irkutsk_kazachinskoye,,
12120,zhigalovo,,
12121,bayanday,,
12122,kachug,,
12123,balagansk,,
12124,baikal,,
12125,osinsky,,
12126,surgut,GLH,2248
12127,sykhtymlor,,
12128,trom_yegan,,
12129,bolshoy_balyk,GLH,2248
12130,yugranskaya_ob,,
12131,irtysh,GLH,2248
12132,megion,GLH,2248
12133,bolshoy_yugan,GLH,2248
12134,upper_ob,GLH,2248
12135,siberian_wasteland_8,,
12136,kargasok,GLH,2248
12137,vasyugan,GLH,2248
12138,kolpashevo,GLH,2248
12139,siberian_wasteland_9,,
12140,tara,GLH,2248
12141,znamenskoye,GLH,2248
12142,ust_ishim,GLH,2248
12143,shish,GLH,2248
12144,muromtsevo,GLH,2248
12145,mangazeya,,
12146,pur,,
12147,yevoyakha,,
12148,siberian_wasteland_10,,
12149,voikar,,
12150,voykarskiy_sor,,
12151,synya,,
12152,synya_lake,,
12153,shuryshkar,,
12154,shuryshkarskiy_sor,,
12155,varchaty,,
12156,obdorsk,,
12157,ob,,
12158,shchuchya,,
12159,yamal,,
12160,yamal_lakes,,
12161,poluy,,
12162,kunovat,,
12163,zazhimchar,,
12164,pitlyar,,
12165,beryozovo,,
12166,lake_kunovat,,
12167,lake_zazhimchar,,
12168,lake_pilyar,,
12169,siberian_wasteland_11,,
12170,chebar_yugan,,
12171,nadym,,
12172,pravaya_khetta,,
12173,levaya_khetta,,
12174,nyurum_yegan,,
12175,dudinka,,
12176,khantayskoye,,
12177,turukhansk,,
12178,messoyakha,,
12179,makovskoye,,
12180,siberian_lakes_3,,
12181,siberian_wasteland_12,,
12182,siberian_wasteland_13,,
12183,siberian_tundra_1,,
12184,tomsk,GLH,2248
12185,melnikovo,GLH,2248
12186,molchanovo,GLH,2248
12187,ket,,
12188,pervomayskoye,,
12189,bolshoy_uluy,,
12190,itatsky,,
12191,tyukhtet,,
12192,makovskoe,,
12193,kazachinskoye,,
12194,komsa,,
12195,siberia_bor,,
12196,bakhtinsky,,
12197,verkhneimbatsk,,
12198,inbatskoye,,
12199,yeniseysk,,
12200,nazimovo,,
12201,ust_ozernoye,,
12202,selo_yartsevo,,
12203,siberian_wasteland_15,,
12204,verkh_chebula,,
12205,mariinsk,,
12206,verkhotomsk,GLH,2248
12207,kolchugino,GLH,2248
12208,siberian_wasteland_14,,
12209,omsk,GLH,2248
12210,kamyshnoye,GLH,2248
12211,ebeyty,,
12212,cherlak,GLH,2248
12213,tyukalinsk,GLH,2248
12214,okoneshnikovo,GLH,2248
12215,kolosovka,GLH,2248
12216,gorkovskoye,GLH,2248
12217,chastoozerye,GLH,2248
12218,polovinnoye,GLH,2248
12219,armizonskoye,GLH,2248
12220,berdyuzhye,GLH,2248
12221,korkina_sloboda,GLH,2248
12222,medvezhye,,
12223,tarankol,GLH,2248
12224,kyzylzhar,GLH,2248
12225,presnowka,GLH,2248
12226,staroye,GLH,2248
12227,stanitsa_kokchetavskaya,GLH,2248
12228,lake_ishim,,
12229,kadibek,,
12230,bayanaul,GLH,2248
12231,shybyndy,GLH,2248
12232,lake_gidrowzel,,
12233,bozok_astana,GLH,2248
12234,akkol,GLH,2248
12235,siletiteniz,GLH,2248
12236,zhukey,,
12237,ulken_karoy,,
12238,teke,,
12239,seletyteniz,,
12240,lake_zhalauly,,
12241,zhalauly,GLH,2248
12242,kishi_karoy,,
12243,sartlan,GLH,2248
12244,lake_sartlan,,
12245,chany,,
12246,lake_uryum,,
12247,taskayevo,GLH,2248
12248,kargat,GLH,2248
12249,kainsky_pas,GLH,2248
12250,kyshtovka,GLH,2248
12251,ubinskoye,,
12252,astrodym,,
12253,kulykol,GLH,2248
12254,zhetykol,GLH,2248
12255,shoptikol,GLH,2248
12256,siberia_tenteksor,GLH,2248
12257,konildi,GLH,2248
12258,kusmuryn,,
12259,lake_koybagar,,
12260,zhanshura,,
12261,shalkar_yega_kara,,
12262,aykye,,
12263,zharkol,GLH,2248
12264,sasykkol,GLH,2248
12265,kartaly,GLH,2248
12266,alakol,GLH,2248
12267,lake_zharkol,,
12268,arykbalyk,GLH,2248
12269,imantau,,
12270,kak,GLH,2248
12271,kokshetau,GLH,2248
12272,shoindykol,GLH,2248
12273,atbasar,GLH,2248
12274,kozhakol,,
12275,bursol,GLH,2248
12276,bolshoye_yarovoye,,
12277,kulundinskoye,,
12278,kuchukskoye,GLH,2248
12279,volchikha,GLH,2248
12280,butyrskoe,GLH,2248
12281,gorkoye,,
12282,bolshoye_topolnoye,,
12283,imakia,GLH,2248
12284,zhelezin,GLH,2248
12285,lebyazhye,GLH,2248
12286,maraldy,,
12287,azhbulat,,
12288,karasor,GLH,2248
12289,tuzdysor,GLH,2248
12290,lake_tuzdysor,,
12291,karkaraly,GLH,2248
12292,lake_karasor,,
12293,balyktykol,GLH,2248
12294,zmeinogorsk,OGE,1018
12295,shemonayevskoye,OGE,1018
12296,oskemen,OGE,1018
12297,ust_kalmanka,OGE,1018
12298,altay_forest_wasteland_1,,
12299,kurchum,OGE,1018
12300,kandysu,OGE,1018
12301,zaysan,,
12302,kokpekty,OGE,1018
12303,shar,OGE,1018
12304,zyryan,OGE,1018
12305,sarybulak,OGE,1018
12306,zhanaarka,GLH,2248
12307,arkat,OGE,1018
12308,kaynar_atbai,GLH,2248
12309,takhir,GLH,2248
12310,suzun,GLH,2248
12311,berdsk,GLH,2248
12312,chesnokovka,GLH,2248
12313,kalmanka,GLH,2248
12314,barnaul,GLH,2248
12315,krivoshchekovo,GLH,2248
12316,kamen,GLH,2248
12317,dovolnoye,GLH,2248
12318,kozhevnikovo,GLH,2248
12319,bolotnye,GLH,2248
12320,altayskoye,OGE,1018
12321,onguday,OGE,1018
12322,ust_koksa,OGE,1018
12323,smolenskoye,OGE,1018
12324,mayma,GLH,2248
12325,biysk,GLH,2248
12326,teletskoye,,
12327,kuznetsk,GLH,2248
12328,salair,GLH,2248
12329,kytmanovo,GLH,2248
12330,ust_kabyrza,GLH,2248
12331,askiz,GLH,2248
12332,altay_forest_wasteland_2,,
12333,kansk,,
12334,ilansky,,
12335,krasnoyarsk,,
12336,yemelyanovo,,
12337,dzerzhinskoye,,
12338,biryusa,,
12339,altay_forest_wasteland_3,,
12340,minusinsk,,
12341,shushenskoye,GLH,2248
12342,beya,GLH,2248
12343,abakasnk,GLH,2248
12344,idrinskoye,,
12345,novosyolovo,,
12346,nazarovo,,
12347,uzhur,,
12348,bolshoy_kosogol,,
12349,tatarskaya_tesyu,,
12350,kortuz,,
12351,kamensk,,
12352,motygino,,
12353,taseyevo,,
12354,pashino,,
12355,bratsk,,
12356,chuva,,
12357,nizhneudinsk,,
12358,siberia_kuytun,,
12359,staraya_zima,,
12360,siberian_wasteland_17,,
12361,kezhma,,
12362,upper_angara,,
12363,lower_angara,,
12364,educhanka,,
12365,yarkino,,
12366,siberian_wasteland_16,,
12367,manzaya,,
12368,boguchany,,
12369,chunoyar,,
12370,aban,,
12371,syuldyukar,,
12372,kuchugunnur,,
12373,delinde,,
12374,batyr,,
12375,olguydakh,,
12376,syrgan,,
12377,emyakhsin,,
12378,khakhsyk,,
12379,alymdya,,
12380,morkoka,,
12381,tangkhay,,
12382,ulakhan_vava,,
12383,aikhal,,
12384,udachny,,
12385,kharyyalakh,,
12386,siberian_forests_4,,
12387,zhilinda,,
12388,ebelyakh,,
12389,saskylakh,,
12390,yunyung_khaya,,
12391,anabar,,
12392,uele,,
12393,udya,,
12394,puur_trail,,
12395,siberian_tundra_3,,
12396,kiya,,
12397,yeruda,,
12398,teya,,
12399,tis_reka,,
12400,sulomay,,
12401,kuzmovka,,
12402,vangash,,
12403,enashimo,,
12404,kardakan,,
12405,vel_mo,,
12406,bryanka,,
12407,ika_nepa,,
12408,bur_nepa,,
12409,tokma,,
12410,icheda,,
12411,chambeta,,
12412,sekili,,
12413,neryunda_uplands,,
12414,chemal,,
12415,chadobets,,
12416,tsentral,,
12417,oskoba,,
12418,irkineieva,,
12419,tayga,,
12420,belya,,
12421,kamenka,,
12422,kazhma,,
12423,tokhomo,,
12424,turama,,
12425,baykit,,
12426,poligus,,
12427,macha,,
12428,tinnaya,,
12429,patom,,
12430,nyuya,,
12431,lensk,,
12432,chamcha,,
12433,nakhara,,
12434,khamra,,
12435,witym,,
12436,chuya,,
12437,peledui,,
12438,vitim,,
12439,alysardakh,,
12440,yukte,,
12441,vitim_upplands,,
12442,uel_tympychan,,
12443,tupuchikan,,
12444,dulis_ma,,
12445,moshi,,
12446,ichera,,
12447,dyrashnichikha,,
12448,makarixa_uplands,,
12449,makarikha,,
12450,yerema,,
12451,os_kino,,
12452,chona_trail,,
12453,markhaya_trail,,
12454,xamaxar_uplands1,,
12455,xamaxar_uplands2,,
12456,irelyakh,,
12457,zarya,,
12458,tegelspit,,
12459,dyunkun,,
12460,ulegir,,
12461,kuchaky,,
12462,siyene,,
12463,khamakar,,
12464,inarigda,,
12465,yukta,,
12466,ilimpeya,,
12467,kudepyapka,,
12468,ekonda,,
12469,turu,,
12470,tunguska_trail6,,
12471,tunguska_trail5,,
12472,vilyuy_trail,,
12473,siberian_forests_6,,
12474,nidym,,
12475,uchami,,
12476,tutonchany,,
12477,nimde,,
12478,erachimo,,
12479,munduyskoye_lake,,
12480,tunguska_trail1,,
12481,tunguska_trail2,,
12482,tunguska_trail3,,
12483,tunguska_trail4,,
12484,siberian_forests_5,,
12485,siberian_forests_2,,
12486,siberian_tundra_2,,
12487,siberian_forests_3,,
12488,siberian_hills_8,,
12489,siberian_lakes_1,,
12490,yoniveem,,
12491,innurmin,,
12492,nuvuqaq,,
12493,kytryn,,
12494,yanrakynnot,,
12495,sigheneg,,
12496,chauchu_trail1,,
12497,guvrel,,
12498,peninsula_uplands1,,
12499,peninsula_uplands2,,
12500,nutepylmyn,,
12501,enmyl_yn,,
12502,nunligran,,
12503,keniergyn,,
12504,ervykynnot,,
12505,chauchu_trail2,,
12506,chauchu_trail3,,
12507,peninsula_uplands3,,
12508,peninsula_uplands4,,
12509,peninsula_uplands5,,
12510,valkall_an,,
12511,rykuul,,
12512,ugolnye,,
12513,nyerpicha,,
12514,konchalyt,,
12515,gytgomkyvamm,,
12516,tadlyeoan,,
12517,unazigmit,,
12518,o_mnmilin_uplands1,,
12519,anadyr_trail,,
12520,krasnyano,,
12521,tavayveem,,
12522,v_enyn,,
12523,tumanskaya,,
12524,y_lkytveem,,
12525,gacgatagyn,,
12526,o_mnmilin_uplands2,,
12527,lake_krasnoye,,
12528,mejnypilgyn,,
12529,vatyrkan,,
12530,vukvylgayat,,
12531,machevna,,
12532,tyulene,,
12533,kerek_uplands,,
12534,achaivayam,,
12535,apuka,,
12536,pakhachi,,
12537,khalino,,
12538,tilichiki,,
12539,koryak_uplands1,,
12540,koryak_uplands2,,
12541,talovka,,
12542,manily,,
12543,kamenskoie,,
12544,oklan,,
12545,paren,,
12546,gizhiga,,
12547,koryak_uplands3,,
12548,koryak_uplands4,,
12549,koryak_uplands5,,
12550,skrytaya,,
12551,kichiga,,
12552,karaga,,
12553,ivashka,,
12554,karagin,,
12555,kuyul,,
12556,parapolsky,,
12557,rekinniki,,
12558,podkagernoye,,
12559,lesnaya,,
12560,alyutor_range1,,
12561,kuukucyn,,
12562,keelivtyn,,
12563,otrozhny,,
12564,kagyrgyn,,
12565,ujvyn,,
12566,yeropol,,
12567,yeropol_river,,
12568,anadyr_river,,
12569,anauls_uplands1,,
12570,anauls_uplands2,,
12571,anauls_uplands3,,
12572,palana,,
12573,voyampolka,,
12574,tigil,,
12575,sedanka,,
12576,kovran,,
12577,alyutor_range2,,
12578,uka_town,,
12579,shiveluch,,
12580,klyuchi,,
12581,kamchatsk,,
12582,malka,,
12583,kamchatka_uplands1,,
12584,ostrov_beringa,,
12585,kamchatka_uplands2,,
12586,milkovo,,
12587,achava,,
12588,oktyabr_skii,,
12589,pauzhetka,,
12590,kurile_lake,,
12591,kamchatka_trail1,,
12592,kamchatka_trail2,,
12593,kamchatka_uplands3,,
12594,kamchatka_uplands4,,
12595,kozyrevsk,,
12596,krutogorovskiy,,
12597,sobolevo,,
12598,kirovskiy,,
12599,khayryuzovo,,
12600,kamchatka_uplands5,,
12601,amguema,,
12602,iultin,,
12603,vankarem,,
12604,ryrkaypiy,,
12605,polyarny,,
12606,yakan,,
12607,valkaran,,
12608,erri_uplands1,,
12609,erri_uplands2,,
12610,chirovoye,,
12611,vulvyveyem,,
12612,ekityki,,
12613,palyavaam,,
12614,ichuveem,,
12615,peekin,,
12616,yanranay,,
12617,apapelgino,,
12618,valkumey,,
12619,rytkuchi,,
12620,chaun,,
12621,chuvan1,,
12622,elgygytgyn,,
12623,chuvan2,,
12624,chuvan3,,
12625,chuvan_upplands1,,
12626,chuvan_upplands2,,
12627,elgygytgyn_lake,,
12628,ayon,,
12629,nutel_gyrgym,,
12630,pucheveyem,,
12631,raucha,,
12632,lelyuveyem,,
12633,anjuj_river,,
12634,omok_upplands1,,
12635,omok_upplands2,,
12636,omok_upplands3,,
12637,ypalgyn,,
12638,vstrechny,,
12639,keperveem,,
12640,orlovka,,
12641,aliskerovo,,
12642,ilirnej,,
12643,omok_upplands4,,
12644,chivitkino,,
12645,evenksk,,
12646,kushka,,
12647,merenga,,
12648,omchikan,,
12649,buksunda,,
12650,kedon_range,,
12651,omchikan_range,,
12652,anyuysk,,
12653,dve_viski,,
12654,cerskey,,
12655,ambarchik,,
12656,mikhalkino,,
12657,nizhnekolymsk,,
12658,omok_upplands5,,
12659,ozero_chokudakh,,
12660,ozero_nerpinchye,,
12661,yermolovo,,
12662,timkino,,
12663,kolymskoie,,
12664,omoloon,,
12665,achaka,,
12666,xalima,,
12667,kolyma_river,,
12668,kolyma_upplands1,,
12669,shabash,,
12670,berezovka,,
12671,lobuya,,
12672,srednekolymsk,,
12673,sededema,,
12674,urodan,,
12675,kolyma_upplands2,,
12676,ozero_xalima,,
12677,ozero_talgyn,,
12678,indigiir,,
12679,oyotun,,
12680,cokuurdaax,,
12681,nicalaax,,
12682,olenegorsk,,
12683,vorontsovo,,
12684,shandrin,,
12685,yukaghyr_upplands1,,
12686,siberian_forests_1,,
12687,siberian_tundra_5,,
12688,ozero_mavrinskoye,,
12689,ozero_morskoye,,
12690,ozero_ilirgygyn,,
12691,ozero_ulakhan,,
12692,ozero_nuchcha,,
12693,ozero_khantagay,,
12694,ozero_bytynay,,
12695,ozero_dolgoye,,
12696,ozero_kargovat,,
12697,ozero_mogotoyevo,,
12698,ozero_bustakh,,
12699,oyuuhardaax,,
12700,argaxtaax,,
12701,kelyuyekyan,,
12702,andryushkino,,
12703,aly_kyuyel,,
12704,ozero_unarba,,
12705,xatingnaax,,
12706,nalimsk,,
12707,dyryn_ebe,,
12708,kal_gatana,,
12709,sylgy_ytar,,
12710,ulakh,,
12711,ozero_keppetekh,,
12712,ozero_balyma,,
12713,ebeex,,
12714,olooko_kuol,,
12715,ynakh,,
12716,succun,,
12717,kholongsolokh,,
12718,sybaatayy,,
12719,ozero_chonduya,,
12720,ozero_pavylon,,
12721,ozero_ulakh_ulyong,,
12722,suoyungu,,
12723,ocuogun,,
12724,khargytyr,,
12725,kurung_yuryakh,,
12726,suturuoxa,,
12727,tuyandina,,
12728,khachimcher,,
12729,soyangi_trail,,
12730,yukaghyr_upplands2,,
12731,ozero_kalgyn,,
12732,ozero_suturuaka,,
12733,ozero_ozhogino,,
12734,shestakova,,
12735,kien_kuol,,
12736,abyy,,
12737,esteriktyaax,,
12738,syagannaax,,
12739,kebergene,,
12740,siberian_tundra_4,,
12741,solomoydokh,,
12742,nagaradalaax,,
12743,kulun_olbut,,
12744,cibagalaax,,
12745,xonuu,,
12746,soboloox,,
12747,indigiir_trail,,
12748,orgulaax_trail,,
12749,yukaghyr_upplands3,,
12750,tala_kyuyel,,
12751,ziryanka,,
12752,utaya,,
12753,ugolney,,
12754,nelemney,,
12755,glukharinyi,,
12756,kolyma_trail,,
12757,burkand_ya,,
12758,kontrand_ya,,
12759,delyankir,,
12760,artyk,,
12761,pobeda,,
12762,ust_nera,,
12763,arga_tas_upplands,,
12764,kulu,,
12765,tokichan,,
12766,orotuk,,
12767,kadykchan,,
12768,neksikan,,
12769,burkhaia,,
12770,iagodnoie,,
12771,tala,,
12772,kupka,,
12773,myakit,,
12774,debin,,
12775,orotukan,,
12776,buiunda,,
12777,seymchan,,
12778,takhtoyamsk,,
12779,brokhovo,,
12780,yamsk,,
12781,atargan,,
12782,magadan,,
12783,palatka,,
12784,tauisk,,
12785,yamsk_range1,,
12786,yamsk_range2,,
12787,yamsk_range3,,
12788,magadan_range,,
12789,madaun,,
12790,atka,,
12791,bakhapcha,,
12792,chalbukhan,,
12793,omchug,,
12794,omchak,,
12795,moi_urusta,,
12796,kolyma_highlands,,
12797,tenut,,
12798,oimiakon,,
12799,kuydusun,,
12800,agayakan,,
12801,kyubeme,,
12802,razvika,,
12803,hakandya_uppland,,
12804,ketanda,,
12805,ogonok,,
12806,yugorenok,,
12807,ust_ynykchan,,
12808,eldikan,,
12809,tumul,,
12810,ushki,,
12811,okam,,
12812,ul_ya,,
12813,arka,,
12814,enken,,
12815,ayan,,
12816,aimchan,,
12817,okam_range,,
12818,nel_kan,,
12819,tsipanda,,
12820,aim_maia,,
12821,ust_yudoma,,
12822,ust_mil,,
12823,ust_maia,,
12824,ayan_mai1,,
12825,ayan_mai2,,
12826,avlayakan,,
12827,chumikan,,
12828,udskoye,,
12829,bolodek,,
12830,tul_kichan,,
12831,maya,,
12832,maya_range1,,
12833,maya_range2,,
12834,zolotiinka,,
12835,iyengra,,
12836,neriungri,,
12837,neluki,,
12838,nimnyr,,
12839,aldan,,
12840,tommot,,
12841,aldan_upplands3,,
12842,ozero_tokko,,
12843,tupik,,
12844,gulya,,
12845,larba,,
12846,chilchi,,
12847,yuktali,,
12848,tas_yuryakh,,
12849,kundy,,
12850,aldan_upplands1,,
12851,aldan_upplands2,,
12852,torgo,,
12853,dikimdya,,
12854,tyanya,,
12855,amedichi,,
12856,yukhta,,
12857,kuranakh,,
12858,aldan_upplands4,,
12859,onguren,,
12860,ul_kan,,
12861,kichera,,
12862,argada,,
12863,ust_barguzin,,
12864,chitkan,,
12865,bayangol,,
12866,karaftit,,
12867,bagdarin,,
12868,bukachacha,,
12869,ziul_zkan,,
12870,telemba,,
12871,isenga,,
12872,narhata,,
12873,ozero_oron,,
12874,ozero_baunt,,
12875,angoya,,
12876,kutima,,
12877,osenny,,
12878,kamniga,,
12879,konkudera,,
12880,bodaybo,,
12881,kyakhtinskii,,
12882,olyokma_upplands1,,
12883,olyokma_upplands2,,
12884,taksimo,,
12885,irakinda,,
12886,kuanda,,
12887,amalyk,,
12888,ikab_ya,,
12889,khani,,
12890,katugino,,
12891,olyokma_upplands3,,
12892,olyokma_upplands4,,
12893,yeremeyevka,,
12894,uch_barchik,,
12895,chara,,
12896,bul_bukhta,,
12897,balaganakh,,
12898,molvo,,
12899,olyokma_upplands5,,
12900,olyokma_upplands6,,
12901,teply_klyuch,,
12902,khandyga,,
12903,zhebariki_khaya,,
12904,chymnaii,,
12905,kharbalakh,,
12906,khanda,,
12907,nuotara,,
12908,myndagai,,
12909,abaga,,
12910,amga,,
12911,uchele,,
12912,darkylakh,,
12913,bulun,,
12914,uolba,,
12915,dakky,,
12916,cherkekh,,
12917,churapcha,,
12918,uorga,,
12919,us_kyuyol,,
12920,byanye,,
12921,byadi,,
12922,chiryapchi,,
12923,tomtor,,
12924,mayya,,
12925,tabaga,,
12926,ugoyan,,
12927,ukulan,,
12928,verkhnyaya,,
12929,tegyulte,,
12930,onnyos,,
12931,uluu,,
12932,borulakh,,
12933,khatas,,
12934,maymaga,,
12935,kysyl_syr,,
12936,ulu_sysy,,
12937,magan,,
12938,zhatai,,
12939,sitte,,
12940,salban,,
12941,byas_kyuyol,,
12942,kobyai,,
12943,argas,,
12944,chagda,,
12945,sortol,,
12946,lungxa_upplands1,,
12947,lungxa_upplands2,,
12948,ozero_nidili,,
12949,ulakhan_kyuyol,,
12950,tyaia,,
12951,khatyryk_komo,,
12952,mastakh,,
12953,chay,,
12954,khampa,,
12955,terbyas,,
12956,kyubyainde,,
12957,uhun,,
12958,kyulekyan,,
12959,dippa,,
12960,seyat,,
12961,balagachchy,,
12962,dippa_upplands,,
12963,lyokyochyon,,
12964,sydybyl,,
12965,vilyuy,,
12966,khoro,,
12967,orosu,,
12968,orgyot,,
12969,byrakan,,
12970,nuochakha,,
12971,tit_ebya,,
12972,tyokhtyur,,
12973,charang,,
12974,kenkeme,,
12975,ulakhan_an,,
12976,toyon_ary,,
12977,tit_ary,,
12978,yedey,,
12979,ebya,,
12980,yert,,
12981,tongulakh,,
12982,berdigestyakh,,
12983,siniaia_upplands,,
12984,buotama,,
12985,talalakh,,
12986,tuolba,,
12987,tuorbchany,,
12988,olekma,,
12989,kudu_kyuyol,,
12990,balagannakh,,
12991,marxa,,
12992,sanyyakhtakh,,
12993,malykhan,,
12994,tuobuya,,
12995,mekimbya,,
12996,keyikte,,
12997,alii,,
12998,kustur,,
12999,sakkyryr,,
13000,tenki,,
13001,machakh,,
13002,zhargalakh,,
13003,dulgalakh,,
13004,dulgalaax_trail,,
13005,siberian_hills_2,,
13006,bala,,
13007,sysy_meyite,,
13008,sartang,,
13009,barylas,,
13010,echiy,,
13011,suordakh,,
13012,nyuele,,
13013,topolinoe,,
13014,kyulyunken,,
13015,nalyachchyya,,
13016,nelgese,,
13017,sentachan,,
13018,derbeke,,
13019,chyliga,,
13020,ust_charky,,
13021,tokuma,,
13022,boronuk,,
13023,yuttyakh,,
13024,batagai,,
13025,taala,,
13026,cheriumche,,
13027,siberian_hills_3,,
13028,udamik,,
13029,tompo,,
13030,menkyule,,
13031,uyana,,
13032,barayy,,
13033,tukulan,,
13034,yana_plateau,,
13035,siberian_hills_4,,
13036,uolbut,,
13037,zharkhan,,
13038,daban,,
13039,tegen,,
13040,yunkyur,,
13041,kysyl_yuryuyya,,
13042,biryuk_uplands,,
13043,tonguo,,
13044,alagadyan,,
13045,chayygda,,
13046,kyundyade,,
13047,arangastakh,,
13048,kempendyai,,
13049,namana,,
13050,niurba,,
13051,kiyeng_yuryakh,,
13052,ynakhsyt,,
13053,sayylyk,,
13054,byuteydyakh,,
13055,bagadya,,
13056,vilyuychan,,
13057,sergelyakh,,
13058,tuoydakh,,
13059,suntar,,
13060,krestyakh,,
13061,oyusut,,
13062,elgyai,,
13063,ygyatta,,
13064,bysyttakh,,
13065,khati,,
13066,yerkyutey,,
13067,iyesyak,,
13068,khannya,,
13069,orotko,,
13070,ot_kyuyel,,
13071,sokurdakh,,
13072,tumat,,
13073,tenkeli,,
13074,chaydakh,,
13075,buor_yuryakh,,
13076,chondon_tundra,,
13077,siberian_hills_5,,
13078,ozero_sytygan_lake,,
13079,ozero_kubuy_lake,,
13080,ozero_orotko_lake,,
13081,ozero_laydy_kyuyel_lake,,
13082,altaikha,,
13083,oymyakon,,
13084,berelekh,,
13085,baky,,
13086,uyandi,,
13087,yrgychen,,
13088,kurannakh,,
13089,uyandina_trail,,
13090,salylyk,,
13091,selennyakh,,
13092,nemkuchen,,
13093,khabzhylakh,,
13094,chondon,,
13095,ukyulyakh,,
13096,yarok,,
13097,ol_de_trail,,
13098,siberian_hills_6,,
13099,siberian_tundra_7,,
13100,kuogastakh,,
13101,kazachye,,
13102,kular,,
13103,ust_kuiga,,
13104,spirka,,
13105,kel_tegey,,
13106,khayyr,,
13107,siberian_tundra_6,,
13108,bestyakh,,
13109,bakhanay,,
13110,jigansk,,
13111,kystatyam,,
13112,lena_trail1,,
13113,lena_trail2,,
13114,lena_trail3,,
13115,ecigeen_upplands,,
13116,sakha_uplands,,
13117,siberian_hills_1,,
13118,siberian_lakes_2,,
13119,ulakhan_kyuel_lake,,
13120,tiksi,,
13121,kengdey,,
13122,chekurovka,,
13123,kyusyur,,
13124,siktyakh,,
13125,molodo,,
13126,zharzhan,,
13127,siberian_tundra_8,,
13128,olenyok,,
13129,taymylyr,,
13130,noyuo,,
13131,sklad,,
13132,kelimyar,,
13133,khorbusuonka,,
13134,reka_pur,,
13135,uolya_trail,,
13136,siberian_tundra_9,,
13137,siberian_tundra_10,,
13138,kele,,
13139,arylakh,,
13140,segyan_kyuyol,,
13141,batamay,,
13142,sangar,,
13143,kuturga,,
13144,omoloy,,
13145,dyagaryn,,
13146,urasalakh,,
13147,namy,,
13148,tyul_gyar,,
13149,kuolay,,
13150,naiba,,
13151,siberian_hills_7,,
13152,enurmino_point,,
13153,inchoun_coast,,
13154,diomede_sea,,
13155,mechigmenskiy_zaliv,,
13156,achchen_bay,,
13157,medvezh_ye_bay1,,
13158,medvezh_ye_bay2,,
13159,north_pacific_high_sea88,,
13160,zaliv_kresta,,
13161,konergino_coast1,,
13162,reka_tumanskaya,,
13163,beringovskii_cape2,,
13164,beringovskii_cape3,,
13165,vaarn_yechgyn,,
13166,khatyrka_coast,,
13167,north_pacific_high_sea92,,
13168,north_pacific_high_sea93,,
13169,bukhta_mutnaya,,
13170,kronotskiy_zaliv2,,
13171,bering_coast3,,
13172,karaginsky_coast3,,
13173,kamtchatka_coast5,,
13174,kamchatskiy_zaliv4,,
13175,kamtchatka_coast2,,
13176,kamchatskiy_zaliv2,,
13177,north_western_pacific14,,
13178,north_pacific_high_sea104,,
13179,north_pacific_high_sea105,,
13180,north_pacific_high_sea108,,
13181,north_pacific_high_sea81,,
13182,north_pacific_high_sea84,,
13183,bukhta_anastasii,,
13184,ozero_tyulen_ye1,,
13185,ozero_tyulen_ye2,,
13186,pakhachi_coast,,
13187,north_pacific_high_sea96,,
13188,north_pacific_high_sea100,,
13189,zapovednik_cape,,
13190,bukhta_ossora,,
13191,karaginsky_coast1,,
13192,bukhta_lavrova,,
13193,north_pacific_high_sea102,,
13194,shantarskiye_island,,
13195,okhosk_coast36,,
13196,okhosk_coast34,,
13197,okhosk_coast32,,
13198,okhosk_coast30,,
13199,okhosk_coast28,,
13200,okhosk_coast24,,
13201,okhotsk_high_sea25,,
13202,okhotsk_high_sea27,,
13203,okhosk_coast19,,
13204,okhosk_coast18,,
13205,okhosk_coast15,,
13206,okhosk_coast14,,
13207,okhosk_coast12,,
13208,okhotsk_high_sea18,,
13209,okhotsk_high_sea20,,
13210,okhotsk_high_sea24,,
13211,okhosk_coast10,,
13212,okhosk_coast7,,
13213,okhosk_coast6,,
13214,okhosk_coast3,,
13215,okhosk_coast1,,
13216,kamtchatka_coast8,,
13217,ozero_bol_shoye,,
13218,oktyabr_skii_coast,,
13219,krutogorovskiy_coast,,
13220,ichinskiy_coast,,
13221,okhotsk_high_sea17,,
13222,awadh,DLH,1261
13223,akbarpur,DLH,1261
13224,kishi,DLH,1261
13225,sultanpur_uttar_pradesh,DLH,1261
13226,bahraich,DLH,1261
13227,balrampur,DLH,1261
13228,gonda,DLH,1261
13229,shravasti,DLH,1261
13230,tulsipur,DLH,1261
13231,khairabad,DLH,1261
13232,bhurwara,DLH,1261
13233,biswan,DLH,1261
13234,firuzabad_bahraich,DLH,1261
13235,kherigarh,DLH,1261
13236,lucknow,DLH,1261
13237,bilgram,DLH,1261
13238,hardoi,DLH,1261
13239,ibrahimabad,DLH,1261
13240,pali_uttar_pradesh,DLH,1261
13241,manikpur,DLH,1261
13242,bhadohi,DLH,1261
13243,mungra,DLH,1261
13244,raebareli,DLH,1261
13245,unnao,DLH,1261
13246,arrah,UJJ,260
13247,ballia,UJJ,260
13248,buxar,UJJ,260
13249,jaund,UJJ,260
13250,rohtas,CER,259
13251,sasaram,UJJ,260
13252,azamgarh,DLH,1261
13253,andar,DLH,1261
13254,chillupar,DLH,1261
13255,rudrapur,DLH,1261
13256,sonepur_bihar,DLH,1261
13257,thawe,DLH,1261
13258,bettiah,DLH,1261
13259,makwanpur,DLH,1261
13260,mehsi,DLH,1261
13261,ramnagar_bihar,DLH,1261
13262,sheohar,DLH,1261
13263,simraungadh,DLH,1261
13264,gorakhpur,DLH,1261
13265,bansi,DLH,1261
13266,basti,DLH,1261
13267,binayakpur,DLH,1261
13268,kushinagar,DLH,1261
13269,lumbini,DLH,1261
13270,varanasi,DLH,1261
13271,chunar,DLH,1261
13272,ghazipur,DLH,1261
13273,jaunpur,DLH,1261
13274,mau_jaunpur,DLH,1261
13275,kantit,DLH,1261
13276,bareilly,DLH,1261
13277,nahil,DLH,1261
13278,pilibhit,DLH,1261
13279,shahjahanpur,DLH,1261
13280,budaun,DLH,1261
13281,gunnaur,DLH,1261
13282,sambhal,DLH,1261
13283,shahabad_uttar_pradesh,DLH,1261
13284,shishgarh,DLH,1261
13285,chandpur_uttar_pradesh,DLH,1261
13286,nagina,DLH,1261
13287,seohara,DLH,1261
13288,alwar,DLH,1261
13289,narnaul,DLH,1261
13290,bharatpur,DLH,1261
13291,prayag,DLH,1261
13292,kara,DLH,1261
13293,asni,DLH,1261
13294,korra,DLH,1261
13295,shankargah,DLH,1261
13296,etawah,DLH,1261
13297,kanauj,DLH,1261
13298,sargadwari,DLH,1261
13299,makanpur,DLH,1261
13300,agra,DLH,1261
13301,mathura,DLH,1261
13302,jalesar_doab,DLH,1261
13303,kol,DLH,1261
13304,dholpur,DLH,1261
13305,chandwar,DLH,1261
13306,mirat,DLH,1261
13307,hapur,DLH,1261
13308,jansath,DLH,1261
13309,baran,DLH,1261
13310,saharanpur,DLH,1261
13311,piran_i_kaliyar,DLH,1261
13312,delhi,DLH,1261
13313,gurgaon,DLH,1261
13314,rohtak,DLH,1261
13315,panipat,DLH,1261
13316,jind,DLH,1261
13317,sirhind,DLH,1261
13318,sadhaura,DLH,1261
13319,samana_india,DLH,1261
13320,thanesar,DLH,1261
13321,kaithal,DLH,1261
13322,karnal,DLH,1261
13323,hajner,DLH,1261
13324,sunam,DLH,1261
13325,raikot,DLH,1261
13326,faridkot,DLH,1261
13327,bathinda,DLH,1261
13328,firozpur,DLH,1261
13329,muktsar,DLH,1261
13330,hisar,DLH,1261
13331,sarsuti,BHA,1323
13332,dadri,DLH,1261
13333,hansi,DLH,1261
13334,jalandhar,DLH,1261
13335,rahon,DLH,1261
13336,bajwara,DLH,1261
13337,milwat,DLH,1261
13338,kapurthala,DLH,1261
13339,pathankot,NRP,1364
13340,nurpur,NRP,1364
13341,palampur,KGR,1363
13342,nagarkot,KGR,1363
13343,naggar,KLU,1358
13344,bajaura,KLU,1358
13345,suket,SKT,1360
13346,mandi,SKT,1360
13347,kutlehar,KTL,1362
13348,kahlur,BSP,1361
13349,nahan,SRM,269
13350,sarahan,SKT,1360
13351,soonpur,JBL,270
13352,lahore,DLH,1261
13353,sultanwind,DLH,1261
13354,fatehabad,DLH,1261
13355,batala,DLH,1261
13356,kalanaur,DLH,1261
13357,gugera,DLH,1261
13358,kasur,DLH,1261
13359,virkgarh,DLH,1261
13360,sialkot,DLH,1261
13361,eminabad,DLH,1261
13362,pasrur,DLH,1261
13363,chiniot,DLH,1261
13364,kamalia,DLH,1261
13365,talwandi,DLH,1261
13366,jaranwala,DLH,1261
13367,jhang,DLH,1261
13368,pindi_bhattian,DLH,1261
13369,shorkot,DLH,1261
13370,dijkot,DLH,1261
13371,multan,DLH,1261
13372,mailsi,DLH,1261
13373,chichawatni,DLH,1261
13374,dipalpur,DLH,1261
13375,pakpattan,DLH,1261
13376,karur_punjab,DLH,1261
13377,jalalpur_pirwala,DLH,1261
13378,tulamba,DLH,1261
13379,nawakot,DLH,1261
13380,bijnot,DLH,1261
13381,derawar,DLH,1261
13382,channan_pir,DLH,1261
13383,kot_marot,DLH,1261
13384,uch,DLH,1261
13385,thar_desert_3,,
13386,mir_garh_qila,DLH,1261
13387,dunga_bunga,DLH,1261
13388,chishtian,DLH,1261
13389,khairpur,DLH,1261
13390,aror,DLH,1261
13391,dajal,DLH,1261
13392,dera_ghazi_khan,DLH,1261
13393,dera_ismail_khan,DLH,1261
13394,kot_addu,DLH,1261
13395,sitpur,DLH,1261
13396,karor,DLH,1261
13397,karor_2,DLH,1261
13398,bhakkar,DLH,1261
13399,mankera,DLH,1261
13400,harrand,DLH,1261
13401,mithankot,DLH,1261
13402,omerkot,DLH,1261
13403,thal_desert,,
13404,thal_desert_2,,
13405,jammu,DOG,1324
13406,udamphur,DOG,1324
13407,kathua,DOG,1324
13408,kishtwar,KSW,1359
13409,pangi,KSW,1359
13410,paddar,KSW,1359
13411,chamba_india,CAB,1356
13412,barmaur,CAB,1356
13413,keylong,LHL,1357
13414,koksar,LHL,1357
13415,bhimber,CBH,1355
13416,kohtali,KSH,1352
13417,himalayas_chanda,,
13418,himalayas_chanda_2,,
13419,himalayas_chanda_3,,
13420,gujrat,DLH,1261
13421,busal,DLH,1261
13422,bhera,DLH,1261
13423,lalian,DLH,1261
13424,shahpur,DLH,1261
13425,sillanwali,DLH,1261
13426,dinkot,DLH,1261
13427,isakhel,DLH,1261
13428,bannu,DLH,1261
13429,akora,DLH,1261
13430,hangu,DLH,1261
13431,khost,DLH,1261
13432,tank,DLH,1261
13433,thal_daman,DLH,1261
13434,salt_range_3,,
13435,peshawar,DLH,1261
13436,lalpur,SWT,1347
13437,mardan,SWT,1347
13438,kohat,DLH,1261
13439,attock,DLH,1261
13440,chakwal,DLH,1261
13441,dina,DLH,1261
13442,khewra,DLH,1261
13443,khushab,DLH,1261
13444,pindi_gheb,DLH,1261
13445,rawalpindi,DLH,1261
13446,sangni,DLH,1261
13447,salt_range,,
13448,zhob,DLH,1261
13449,duki,DLH,1261
13450,rakni,DLH,1261
13451,lorelai,DLH,1261
13452,kahan,DLH,1261
13453,daraban,DLH,1261
13454,wana,DLH,1261
13455,urgun,DLH,1261
13456,suleiman_range_1,,
13457,suleiman_range_2,,
13458,suleiman_range_3,,
13459,suleiman_range_5,,
13460,suleiman_range_6,,
13461,suleiman_range_7,,
13462,suleiman_range_8,,
13463,suleiman_range_9,,
13464,chitral,CTR,1349
13465,mulkhow,CTR,1349
13466,mastuj,CTR,1349
13467,yarkhun,CTR,1349
13468,urtsun,CRL,1350
13469,parun,QUN,1937
13470,asadabad_kunar,QUN,1937
13471,hajiabad,QUN,1937
13472,kalam_swat,SWT,1347
13473,dir,CRL,1350
13474,timergara,SWT,1347
13475,bajaur,SWT,1347
13476,malakand,SWT,1347
13477,agror,SWT,1347
13478,sherwan,SWT,1347
13479,behali,SWT,1347
13480,dasu,SWT,1347
13481,kandia,SWT,1347
13482,jijial,SWT,1347
13483,tangir,SWT,1347
13484,baligram,SWT,1347
13485,gilgit,GLI,1351
13486,astore,GLI,1351
13487,bunji,GLI,1351
13488,chilas,GLI,1351
13489,punial,GLI,1351
13490,ishkoman,GLI,1351
13491,phander,GLI,1351
13492,yasin,GLI,1351
13493,hindu_kush9,,
13494,hindu_kush10,,
13495,altit,HNZ,1348
13496,nagar,NAG,1346
13497,misgar,HNZ,1348
13498,passu,HNZ,1348
13499,hindu_kush8,,
13500,srinagar,KSH,1352
13501,pulawama,KSH,1352
13502,baramulla,KSH,1352
13503,ganderbal,KSH,1352
13504,kupwara,KSH,1352
13505,banihal,KSH,1352
13506,rasyal,RJR,1353
13507,rajouri,RJR,1353
13508,poonch,PNC,1354
13509,rawalakot,KSH,1352
13510,udabhanda,SWT,1347
13511,marwah,KSW,1359
13512,sharda,KSH,1352
13513,wular_lake,,
13514,kashmiri_himalayas,,
13515,pangi_range,,
13516,nanga_parbat,,
13517,pir_panjal_range_3,,
13518,pir_panjal_range_2,,
13519,pir_panjal_range,,
13520,jagatipur,KHS,265
13521,chaughera,KHS,265
13522,dolpo,KHS,265
13523,malneta,KHS,265
13524,musikot,KHS,265
13525,pyuthan,KHS,265
13526,salianah,KHS,265
13527,kathmandu,KTU,267
13528,dhading,KTU,267
13529,gorkha,KTU,267
13530,lamjung,KTU,267
13531,nuwakot,KTU,267
13532,upardang,KTU,267
13533,chandpur_garhi,GWL,264
13534,badrinath,GWL,264
13535,devprayag,GWL,264
13536,gangadvara,GWL,264
13537,hanol,JBL,270
13538,kalsi,SRM,269
13539,srinagar_garhwal,GWL,264
13540,thalisain,GWL,264
13541,uttarkashi,GWL,264
13542,champavati,KMN,266
13543,almora,KMN,266
13544,askot,KMN,266
13545,baijnath,KMN,266
13546,dwarahat,KMN,266
13547,kashipur,KMN,266
13548,nainital,KMN,266
13549,rudrapur_kumaon,KMN,266
13550,dipayal,DTI,268
13551,acham,DTI,268
13552,ajayameru,DTI,268
13553,bajhang,DTI,268
13554,kailali,DTI,268
13555,kanchapur,DTI,268
13556,vijayapur,LWA,271
13557,chainpur,LWA,271
13558,chaudandi,CDD,272
13559,phakphok,LWA,271
13560,rajanari,LWA,271
13561,ranibas,LWA,271
13562,taplejung,LWA,271
13563,sinja,KHS,265
13564,bajura,KHS,265
13565,dullu,KHS,265
13566,jumla,KHS,265
13567,kharpunath,KHS,265
13568,yanal_densa,KHS,265
13569,dudhakunda,LWA,271
13570,dolakha,LWA,271
13571,halesi,LWA,271
13572,okhaldhunga,LWA,271
13573,ramechhap,LWA,271
13574,sindhuli,LWA,271
13575,sunkoshi,LWA,271
13576,pokhara,KHS,265
13577,gulmi,KHS,265
13578,takam,KHS,265
13579,tanahun,KHS,265
13580,tansen,KHS,265
13581,charaideo,AHO,250
13582,charagua,AHO,250
13583,namrup,AHO,250
13584,noadihang,AHO,250
13585,tezpur,KMA,251
13586,barpeta,KMA,251
13587,bijni,KMA,251
13588,bordowa,KMA,251
13589,dhubri,KMA,251
13590,durjaya,KMA,251
13591,goalpara,KMA,251
13592,guwahati,KMA,251
13593,hajo,KMA,251
13594,kokrajhar,KMA,251
13595,rowta,KMA,251
13596,bengmara,CUT,254
13597,dibrugarh,CUT,254
13598,konwargaon,AHO,250
13599,lakhimpur,AHO,250
13600,ziro,,
13601,dimapur,DIM,252
13602,daboka,JNT,255
13603,dergaon,AHO,250
13604,dhansiri,DIM,252
13605,diphu,DIM,252
13606,lanka,JNT,255
13607,maibong,JNT,255
13608,morangi,AHO,250
13609,dura,LUR,257
13610,chisobibra,LUR,257
13611,jaintiapur,JNT,255
13612,lyngngam,LUR,257
13613,nabagram,LUR,257
13614,ruga,LUR,257
13615,sohra,LUR,257
13616,sutnga,JNT,255
13617,bishnupur,BHP,258
13618,bankura,BHP,258
13619,barabhum,BHP,258
13620,chandrakona,BHP,258
13621,hijli,BHP,258
13622,madaran,BHP,258
13623,raipur_bengal,BHP,258
13624,tamluk,BHP,258
13625,bogra,GAU,248
13626,birampur,GAU,248
13627,goraghat,GAU,248
13628,rangpur_bengal,GAU,248
13629,shahjadpur,GAU,248
13630,devkot,GAU,248
13631,barbakaabad,GAU,248
13632,pandua_adina,GAU,248
13633,siliguri,GAU,248
13634,tajpur,GAU,248
13635,gaur,GAU,248
13636,godagari,GAU,248
13637,naogaon,GAU,248
13638,pabna,GAU,248
13639,rampur_boalla,GAU,248
13640,jalpaiguri,GAU,248
13641,birpara,KMA,251
13642,kamatapur,KMA,251
13643,koch_bihar,KMA,251
13644,panchagarh,GAU,248
13645,khalifatabad,SGN,247
13646,barguna,SGN,247
13647,chandrawip,SGN,247
13648,fathabad,SGN,247
13649,kotalipara,SGN,247
13650,qasba,SGN,247
13651,shahbazpur,SGN,247
13652,khulna,STN,249
13653,east_sundarban,STN,249
13654,husaynabad,STN,249
13655,jaynagar,STN,249
13656,kulpi,STN,249
13657,west_sundarban,STN,249
13658,mymensingh,SGN,247
13659,atiya,SGN,247
13660,belabo,SGN,247
13661,kapasia,SGN,247
13662,muktagacha,SGN,247
13663,tarakanda,SGN,247
13664,nadia,STN,249
13665,chandrabad,STN,249
13666,jessore,STN,249
13667,jhenaidah,STN,249
13668,maheshpur,STN,249
13669,pipli,STN,249
13670,sreepur,STN,249
13671,pandua,STN,249
13672,baragram,STN,249
13673,bardhaman,STN,249
13674,dubrajpur,STN,249
13675,ilambazar,STN,249
13676,satgaon,STN,249
13677,sonargaon,SGN,247
13678,bikrampur,SGN,247
13679,chandpur,SGN,247
13680,kobirhat,SGN,247
13681,kumilla,SGN,247
13682,savar,SGN,247
13683,sylhet,TRF,256
13684,khaliajuri,TRF,256
13685,khaspur,TRF,256
13686,patharkandi,TRF,256
13687,rajnagar,TRF,256
13688,shaharpara,TRF,256
13689,agartala,TWI,253
13690,baniachang,TRF,256
13691,chandrapur,TWI,253
13692,kailashahar,TWI,253
13693,laskarpur,TRF,256
13694,pilak,TWI,253
13695,rangamati,TWI,253
13696,hakha,,
13697,falam,,
13698,lai_lin_pi,,
13699,matupi,,
13700,mon,,
13701,thantlang,,
13702,chin_hills1,,
13703,chin_hills2,,
13704,chin_hills3,,
13705,khalangsha,,
13706,lushai,,
13707,mara_india,,
13708,tedim,,
13709,thada,,
13710,imphal,MLB,2134
13711,thoubal,MLB,2134
13712,loktak_lake,,
13713,naga_hills1,,
13714,naga_hills2,,
13715,dikhu,,
13716,liangmei,,
13717,rongmei_naga,,
13718,viswema,,
13719,hazaribagh,DLH,1261
13720,chai,DLH,1261
13721,gobindpur,DLH,1261
13722,katrasgarh,DLH,1261
13723,shergarh,DLH,1261
13724,urda,DLH,1261
13725,palamau,RKS,261
13726,chatra,CER,259
13727,tarhasi,CER,259
13728,untari,CER,259
13729,ranchi,KKR,263
13730,ichagarh,KKR,263
13731,kharsawan,BHP,258
13732,khukhragarh,KKR,263
13733,porahat,KKR,263
13734,bhagalpur,DLH,1261
13735,gidhaur,DLH,1261
13736,hajipur,DLH,1261
13737,khagaria,DLH,1261
13738,monghyr,DLH,1261
13739,samastipur,DLH,1261
13740,darbhanga,ONW,262
13741,janakpur_nepal,ONW,262
13742,jhanjharpur,ONW,262
13743,madhubani,ONW,262
13744,siraha,ONW,262
13745,sitamarhi,ONW,262
13746,dumka,DLH,1261
13747,deoghar,DLH,1261
13748,jangipur,DLH,1261
13749,mandar_parvat,DLH,1261
13750,rajmahal,DLH,1261
13751,teliagarhi,DLH,1261
13752,patna,DLH,1261
13753,bihar_sharif,DLH,1261
13754,deo,DLH,1261
13755,gaya,DLH,1261
13756,narhat,DLH,1261
13757,rajgir,DLH,1261
13758,roh,DLH,1261
13759,purnia,ONW,262
13760,alamganj,ONW,262
13761,bihariganj,ONW,262
13762,katihar,ONW,262
13763,kosi,ONW,262
13764,saharsa,ONW,262
13765,sadiya,CUT,254
13766,dibang,CUT,254
13767,gomsi,CUT,254
13768,malinithan,CUT,254
13769,siang,,
13770,siyom,,
13771,subansiri,,
13772,tengapani,CUT,254
13773,trongsa,LMN,933
13774,bumthang,LMN,933
13775,lhuntsi,,
13776,tawang,,
13777,trasigang,,
13778,zhemgang,LMN,933
13779,zhongkar,,
13780,himalaya22,,
13781,itanagar,AHO,250
13782,bomdila,,
13783,kameng,,
13784,kamla,,
13785,kurung,,
13786,nakshaparvat,AHO,250
13787,himalaya23,,
13788,yuksom,SKK,935
13789,dalingkot,SKK,935
13790,gangtok,SKK,935
13791,phari,TIB,892
13792,tsunthang,SKK,935
13793,paro,LMN,933
13794,daga,LMN,933
13795,jabar_goemba,LMN,933
13796,punakha,LMN,933
13797,thimpu,LMN,933
13798,wangdue,LMN,933
13799,himalaya17,,
13800,puri,ORI,1285
13801,kataka,ORI,1285
13802,harishpur,ORI,1285
13803,jajnagar,ORI,1285
13804,bhadrak,ORI,1285
13805,balasore,ORI,1285
13806,jalesar,ORI,1285
13807,ratnagiri,ORI,1285
13808,kanthi,ORI,1285
13809,chilika_lake,,
13810,ganjam,ORI,1285
13811,asika,ORI,1285
13812,kalingapattanam,ORI,1285
13813,parlakimidi,ORI,1285
13814,kalinganagara,ORI,1285
13815,brahmapur,ORI,1285
13816,kulada,ORI,1285
13817,nilagiri,MJU,1343
13818,baripada,MJU,1343
13819,chaibasa,BHP,258
13820,ghatsila,BHP,258
13821,rairangpur,MJU,1343
13822,simlipal_hills,,
13823,gorumahisani_range,,
13824,nandapur,JPO,1288
13825,rayagada,JPO,1288
13826,kotagad,JPO,1288
13827,jajjaldeypur,KLH,1339
13828,kalahandinagara,KLH,1339
13829,kotpad,JPO,1288
13830,raighar,KLH,1339
13831,khariar,PTN,1337
13832,patna_garjat,PTN,1337
13833,gunupur,JPO,1288
13834,balangir,PTN,1337
13835,saintala,PTN,1337
13836,malkangiri,JPO,1288
13837,belkhandi,KLH,1339
13838,nilakamberu,JPO,1288
13839,bissam_cuttack,JPO,1288
13840,kasipur,JPO,1288
13841,nowrangapur,JPO,1288
13842,eastern_ghats_kalahandi,,
13843,eastern_ghats_south_odisha,,
13844,dhenkanal,ORI,1285
13845,baud,BAD,1334
13846,khurda,ORI,1285
13847,narsinghpur,NRS,1335
13848,bhuban,ORI,1285
13849,udayagiri_kotagad,BAD,1334
13850,athmallik,BAD,1334
13851,angul,ORI,1285
13852,pal_lahara,PLA,1341
13853,nayagarh,ORI,1285
13854,kunjabangarh,BAD,1334
13855,phulbani,BAD,1334
13856,keonjhar,KJA,1336
13857,khiching,KJA,1336
13858,ghasipura,KJA,1336
13859,jyotipur,KJA,1336
13860,ghatgaon,KJA,1336
13861,garhjat_range,,
13862,sambalpur,PTN,1337
13863,samasingha,PTN,1337
13864,sonepur,BAD,1334
13865,redhakhol,BAD,1334
13866,basna,PTN,1337
13867,paikmal,PTN,1337
13868,bargarh,PTN,1337
13869,debagarh,PTN,1337
13870,kuchinda,PTN,1337
13871,rabkob,SRG,1340
13872,sundergarh,SRG,1340
13873,raigadh,SRG,1340
13874,bonaigarh,BNA,1342
13875,birugarh,KKR,263
13876,jashpur_nagar,KKR,263
13877,sitapur,SRG,1340
13878,badamgarh,BNA,1342
13879,ramgarh_hills,,
13880,upar_ghat,,
13881,mainpat,,
13882,southern_hazirabagh_range,,
13883,ambikapur,RKS,261
13884,ramkola,RKS,261
13885,ramgiri,RKS,261
13886,garhwa,RKS,261
13887,sonhat,RKS,261
13888,janakpur,RKS,261
13889,mailan_hills,,
13890,indian_coast61,,
13891,indian_coast62,,
13892,indian_coast63,,
13893,indian_coast60,,
13894,indonesia_high_sea1,,
13895,indian_coast56,,
13896,indian_coast57,,
13897,indian_coast58,,
13898,indian_coast59,,
13899,indian_high_sea29,,
13900,indian_high_sea30,,
13901,ujjain,DLH,1261
13902,mandsaur,DLH,1261
13903,rampura,DLH,1261
13904,bhanpura,DLH,1261
13905,agar,DLH,1261
13906,indore,DLH,1261
13907,dhar,DLH,1261
13908,ratlam,DLH,1261
13909,jabhua,CMN,1301
13910,sironj,DLH,1261
13911,bhilsa,DLH,1261
13912,bhopal,DLH,1261
13913,sehore,DLH,1261
13914,sarangpur,DLH,1261
13915,maksi,DLH,1261
13916,raisin,DLH,1261
13917,chanderi,DLH,1261
13918,guna,DLH,1261
13919,mandu,DLH,1261
13920,maheshwar,DLH,1261
13921,khategaon,DLH,1261
13922,handia,DLH,1261
13923,khandwa,DLH,1261
13924,mandleshwar,DLH,1261
13925,bijagarh,DLH,1261
13926,alirajpur,DLH,1261
13927,thalner,DLH,1261
13928,burhanpur,DLH,1261
13929,asirgarh,DLH,1261
13930,gawilgarh,DLH,1261
13931,illichpur,DLH,1261
13932,nandurbar,DLH,1261
13933,sultanpur,DLH,1261
13934,laling,DLH,1261
13935,dharangaon,DLH,1261
13936,pachora,DLH,1261
13937,khandesh_mountains,,
13938,khandesh_mountains_2,,
13939,dongartal,BGR,1291
13940,bandhugara,BGR,1291
13941,chhaparagarh,WRG,1292
13942,balaghat,WRG,1292
13943,wairagarh,WRG,1292
13944,katol,BGR,1291
13945,devgarh,KHR,1331
13946,basim,DLH,1261
13947,kalam,DLH,1261
13948,kelapur,DLH,1261
13949,panar,DLH,1261
13950,amravati,DLH,1261
13951,akola,DLH,1261
13952,mahagaon,DLH,1261
13953,mehkar,DLH,1261
13954,sindkedh,DLH,1261
13955,ballarpur,CHD,1290
13956,aheri,CHD,1290
13957,bhadrachalam,MSN,1283
13958,gadchiroli,CHD,1290
13959,bramhapuri,CHD,1290
13960,bastar,BST,1287
13961,barasuru,BST,1287
13962,sukhma,BST,1287
13963,rekapalle,BST,1287
13964,kondagaon,BST,1287
13965,paralkot,KNK,1286
13966,kanker,KNK,1286
13967,dantewada,BST,1287
13968,jagdalpur,BST,1287
13969,eastern_ghats_south_bastar,,
13970,bastar_impassable,,
13971,kherla,KHR,1331
13972,hoshangabad,DLH,1261
13973,chauragarh,GHR,1332
13974,bhojpur,DLH,1261
13975,tendukheda,GHR,1332
13976,gondwana_hills,,
13977,gondwana_hills_2,,
13978,nimar_mountains,,
13979,garha,GHR,1332
13980,mandla,GHR,1332
13981,ghansor,GHR,1332
13982,nainpur,GHR,1332
13983,ramgad,GHR,1332
13984,amarkantak,GHR,1332
13985,gondwana_hills_3,,
13986,ratnapura,RTP,1333
13987,sarangarh,SRG,1340
13988,kashigarh,SRG,1340
13989,sakti,SRG,1340
13990,chaiturgarh,RTP,1333
13991,tummana,RTP,1333
13992,kenda,RTP,1333
13993,kawardha,RTP,1333
13994,nawagarh,RTP,1333
13995,pendra,RTP,1333
13996,malkala_range,,
13997,malkala_range_2,,
13998,tilda,RTP,1333
13999,raipur,RTP,1333
14000,durg,RTP,1333
14001,dhamtari,RTP,1333
14002,rajim,RTP,1333
14003,sripura,RTP,1333
14004,khairagarh,RTP,1333
14005,nandgram,RTP,1333
14006,ambagarh,RTP,1333
14007,bemetara,RTP,1333
14008,deori,RTP,1333
14009,sitanadi_hills,,
14010,bandogarh,BGK,1329
14011,sohagpur,BGK,1329
14012,beohari,BGK,1329
14013,ramnagar,BGK,1329
14014,rewa,BGK,1329
14015,nagod,BGK,1329
14016,mauganj,MAU,1330
14017,madwas,BGK,1329
14018,sidhi,DLH,1261
14019,agori,DLH,1261
14020,vijaygarh,DLH,1261
14021,deogarh,DLH,1261
14022,sugaur,DLH,1261
14023,ujargarh,DLH,1261
14024,singorgarh,DLH,1261
14025,murwara,GHR,1332
14026,damoh,DLH,1261
14027,lalitpur,DLH,1261
14028,orchha,BND,1328
14029,kundar,BND,1328
14030,tehri,BND,1328
14031,irij,BND,1328
14032,chhatarpur,BND,1328
14033,panna,BGK,1329
14034,rahatgarh,BND,1328
14035,khajuraho,BND,1328
14036,mahoba,JJK,1327
14037,bhatta,BGK,1329
14038,konch,DLH,1261
14039,kalpi,DLH,1261
14040,rath,BND,1328
14041,banda,BND,1328
14042,chitrakuta,BGK,1329
14043,jhansi,BND,1328
14044,kalinjar,JJK,1327
14045,nagahrada,MEW,1298
14046,chavand,MEW,1298
14047,salumbar,MEW,1298
14048,amet,MEW,1298
14049,chittor,MEW,1298
14050,bhilwara,DLH,1261
14051,phulia,DLH,1261
14052,mandalgarh,DLH,1261
14053,dungarpur,DGR,1297
14054,banswara,DGR,1297
14055,kanthal,MEW,1298
14056,sirohi,JLR,1300
14057,jalor,JLR,1300
14058,chandravati,JLR,1300
14059,siwana,JLR,1300
14060,nadol,JLR,1300
14061,aravali_range,,
14062,gwalior,GWA,1326
14063,bhind,DLH,1261
14064,datia,GWA,1326
14065,narwar,GWA,1326
14066,sipri,DLH,1261
14067,sheopur,DLH,1261
14068,sabalgarh,DLH,1261
14069,khaniadhana,DLH,1261
14070,kota,HAD,1313
14071,bundi,HAD,1313
14072,mangrol,HAD,1313
14073,gagraun,DLH,1261
14074,aklera,DLH,1261
14075,shahabad,DLH,1261
14076,amber_loc,DHU,1325
14077,sambhar,DLH,1261
14078,dausa,DHU,1325
14079,bayana,DLH,1261
14080,karauli,KLI,1316
14081,malpura,DHU,1325
14082,ranthambore,DLH,1261
14083,ajmer,DLH,1261
14084,bhatnir,BHA,1323
14085,anupgarh,JHI,1320
14086,suratgarh,JHI,1320
14087,rawatsar,BWL,1319
14088,sidhmukh,PNA,1322
14089,taranagar,DRW,1318
14090,churu,SHR,1317
14091,sui,JHI,1320
14092,pugal,PGL,1315
14093,udasar,GDA,1321
14094,sardarshahar,GDA,1321
14095,jaisalmer,JSL,1314
14096,ludrava,JSL,1314
14097,ramgar,JSL,1314
14098,pokhran,JSL,1314
14099,thar_desert,,
14100,thar_desert_2,,
14101,thar_desert_bikaner,,
14102,mandore,DLH,1261
14103,osian,DLH,1261
14104,phalvardhika,PRT,1338
14105,khed,MRW,1312
14106,pali,MRW,1312
14107,bahadamer,MRW,1312
14108,kiradu,SND,1305
14109,gudamalani,JLR,1300
14110,kurki,DLH,1261
14111,sikar,GDA,1321
14112,manoharpur,DHU,1325
14113,jhunjhunu,DRW,1318
14114,kolasar,GDA,1321
14115,merta,DLH,1261
14116,nagaur,DLH,1261
14117,makrana,DLH,1261
14118,kolayat,GDA,1321
14119,dhrangadhra,JLW,1311
14120,limbdi,JLW,1311
14121,ranpur,RNP,1306
14122,sihor,GHL,1307
14123,palitana,PLT,1308
14124,lathi,PLT,1308
14125,nagnes,KUT,1303
14126,dwarka,KUT,1303
14127,bhanvad,BHD,1310
14128,gondal,JNG,1309
14129,morvi,KUT,1303
14130,chhaya,JNG,1309
14131,junagarh,JNG,1309
14132,somnath,JNG,1309
14133,diu,JNG,1309
14134,amreli,JNG,1309
14135,lakhpat,KUT,1303
14136,kapilkot,KUT,1303
14137,lakhiyarvira,KUT,1303
14138,kantha,KUT,1303
14139,great_rann_of_kutch,,
14140,little_rann_of_kutch,,
14141,daman,DLH,1261
14142,surat,DLH,1261
14143,rander,DLH,1261
14144,broach,DLH,1261
14145,baroda,DLH,1261
14146,nandod,RJI,1302
14147,danduka,GHL,1307
14148,dholka,DLH,1261
14149,ashaval,DLH,1261
14150,khambat,DLH,1261
14151,modasa,DLH,1261
14152,patan,DLH,1261
14153,deodar,DLH,1261
14154,radhanpur,DLH,1261
14155,palanpur,JLR,1300
14156,idar,IDR,1299
14157,baria,CMN,1301
14158,champaner,CMN,1301
14159,mohan,CMN,1301
14160,astamba_dongar,,
14161,kashmore,SMA,1304
14162,shadodkot,SMA,1304
14163,shikarpur,SMA,1304
14164,jhatpat,SMA,1304
14165,sukkur,SMA,1304
14166,paat,SMA,1304
14167,kirtar_range_2,,
14168,vingur,SND,1305
14169,nagarparkar,SND,1305
14170,tharparkar_desert,,
14171,chor,SND,1305
14172,umarkot,SND,1305
14173,wanga_bazar,SND,1305
14174,agham_kot,SND,1305
14175,islamkot,SND,1305
14176,thatta,SND,1305
14177,sonda,SND,1305
14178,manora,SND,1305
14179,muhammad_tur,SND,1305
14180,laribandar,SND,1305
14181,ahmad_khan,SND,1305
14182,kotri,SND,1305
14183,naserpur,SND,1305
14184,hala,SND,1305
14185,ranikot,SND,1305
14186,rohri,SMA,1304
14187,dubbi,SMA,1304
14188,ghotki,SMA,1304
14189,kot_lalu,SMA,1304
14190,kandiaro,SMA,1304
14191,islamgarh,SMA,1304
14192,rajabar,SMA,1304
14193,moro_sindh,SMA,1304
14194,sehwan,SMA,1304
14195,mansura,SMA,1304
14196,manchar_lake,,
14197,siwi,SMA,1304
14198,dhadar,SMA,1304
14199,gandava,SMA,1304
14200,lahri,SMA,1304
14201,bab_kot,SMA,1304
14202,jhal,SMA,1304
14203,dera_bugti,SMA,1304
14204,mithri,SMA,1304
14205,sui_pakistan,SMA,1304
14206,kirtar_range,,
14207,indian_coast9,,
14208,indian_coast10,,
14209,indian_coast11,,
14210,indian_coast12,,
14211,indian_coast13,,
14212,indian_coast14,,
14213,indian_coast15,,
14214,indian_high_sea3,,
14215,indian_high_sea4,,
14216,indian_high_sea5,,
14217,sonmiani_bay,,
14218,indian_coast6,,
14219,indian_coast7,,
14220,indian_coast8,,
14221,indian_coast3,,
14222,ormara_coast,,
14223,indian_high_sea1,,
14224,indian_high_sea2,,
14225,visakhapatnam,KPL,1282
14226,vizianagaram,KPL,1282
14227,pithapuram,KPL,1282
14228,tuni,KPL,1282
14229,rampa,KPL,1282
14230,bobbili,KPL,1282
14231,madugula,KPL,1282
14232,eastern_ghats_jeypore,,
14233,pazhaverkadu,RDY,1267
14234,durgarazpatnam,RDY,1267
14235,nellore,RDY,1267
14236,kavali,RDY,1267
14237,kandakura,RDY,1267
14238,gudur,RDY,1267
14239,kalahasti,RDY,1267
14240,pulicat_lake,,
14241,adanki,RDY,1267
14242,markapur,RDY,1267
14243,motupalli,RDY,1267
14244,kondavidu,RDY,1267
14245,macherla,RDY,1267
14246,cumbum,RDY,1267
14247,vinukonda,RDY,1267
14248,guntur,RDY,1267
14249,kanigiri,RDY,1267
14250,n_nallamalla,,
14251,penchalakona_hills,,
14252,tirupati,YDR,1268
14253,cuddapah,YDR,1268
14254,medanapalle,YDR,1268
14255,kangundi,YDR,1268
14256,gurramkonda,YDR,1268
14257,pottapi,YDR,1268
14258,kadiri,HSL,1262
14259,penukonda,HSL,1262
14260,gandikota,VIJ,1264
14261,chittoor,YDR,1268
14262,pakala,YDR,1268
14263,anantapur,VIJ,1264
14264,rayachoti,YDR,1268
14265,palasamudram,HSL,1262
14266,dharmavaram,HSL,1262
14267,vempalle,VIJ,1264
14268,seshachalam_hills,,
14269,pavagada,VIJ,1264
14270,adoni,VIJ,1264
14271,gutti,VIJ,1264
14272,kurnool,VIJ,1264
14273,srisailam,VIJ,1264
14274,nandyal,VIJ,1264
14275,ahobalam,VIJ,1264
14276,udayagiri,VIJ,1264
14277,porumamilla,VIJ,1264
14278,dhone,VIJ,1264
14279,s_nallamalla,,
14280,rajamahendry,KPL,1282
14281,pallakolu,KPL,1282
14282,masulipatnam,RDY,1267
14283,ellur,KPL,1282
14284,peddapalli,RDY,1267
14285,sirpur,CHD,1290
14286,manikdrug,CHD,1290
14287,mahur,CHD,1290
14288,nirmal,MSN,1283
14289,chennur,CHD,1290
14290,adilabad,CHD,1290
14291,asifabad,CHD,1290
14292,yegaladapa,CHD,1290
14293,khammamet,MSN,1283
14294,kalluru,MSN,1283
14295,kondapalli,MSN,1283
14296,wazirabad,RCH,1284
14297,kothagudem,MSN,1283
14298,nuzvid,MSN,1283
14299,golconda,RCH,1284
14300,koilkonda,RCH,1284
14301,rachakonda,RCH,1284
14302,devarakonda,RCH,1284
14303,panugallu,RCH,1284
14304,anumagallu,RCH,1284
14305,amrabad,RCH,1284
14306,nalgonda,RCH,1284
14307,gadwal,RCH,1284
14308,ghampur,RCH,1284
14309,makhtal,RCH,1284
14310,tandur,RCH,1284
14311,kohir,RCH,1284
14312,undrugonda,RCH,1284
14313,warangal,MSN,1283
14314,palampet,MSN,1283
14315,ramagiri,MSN,1283
14316,vemulawada,MSN,1283
14317,balkonda,MSN,1283
14318,kaulas,DLH,1261
14319,medak,MSN,1283
14320,bhongir,MSN,1283
14321,molangur,MSN,1283
14322,korutla,MSN,1283
14323,adlur,MSN,1283
14324,tupran,MSN,1283
14325,mangapet,MSN,1283
14326,parkal,MSN,1283
14327,mysore,HSL,1262
14328,shravanabelagola,HSL,1262
14329,seringapatam,HSL,1262
14330,srigangapatna,HSL,1262
14331,mankunda,HSL,1262
14332,sathyagala,HSL,1262
14333,ummatur,HSL,1262
14334,belur,HSL,1262
14335,dvarasamudra,HSL,1262
14336,haleri,HSL,1262
14337,hassan_karnataka,HSL,1262
14338,kadur,HSL,1262
14339,narsipur,HSL,1262
14340,nanjanagud,HSL,1262
14341,western_ghats_haleri,,
14342,sringeri,HSL,1262
14343,bednur,HSL,1262
14344,ikkeri,VIJ,1264
14345,basavapattana,VIJ,1264
14346,shimoga,HSL,1262
14347,bangalore,HSL,1262
14348,kolar,HSL,1262
14349,manyapura,HSL,1262
14350,nandagiri,HSL,1262
14351,devanahalli,HSL,1262
14352,hoskote,HSL,1262
14353,ballalapura,HSL,1262
14354,magadi,HSL,1262
14355,sira,HSL,1262
14356,chitradurga,VIJ,1264
14357,uchangidurga,VIJ,1264
14358,tumkur,HSL,1262
14359,hanagal,VIJ,1264
14360,aimangala,VIJ,1264
14361,raichur,VIJ,1264
14362,mudgal,VIJ,1264
14363,anegandi,VIJ,1264
14364,koppal,VIJ,1264
14365,hubli,VIJ,1264
14366,darwar,VIJ,1264
14367,bankapura,VIJ,1264
14368,devadurga,VIJ,1264
14369,kundgol,VIJ,1264
14370,sonda_karnataka,VIJ,1264
14371,gadag,VIJ,1264
14372,vijayanagar,VIJ,1264
14373,bellari,VIJ,1264
14374,rayadurga,VIJ,1264
14375,haveri,VIJ,1264
14376,puvina_padangile,VIJ,1264
14377,bidar,DLH,1261
14378,yedagiri,DLH,1261
14379,gulbarga,DLH,1261
14380,kalyani,DLH,1261
14381,sagar,DLH,1261
14382,talikota,DLH,1261
14383,bagalkot,DLH,1261
14384,bijapur,DLH,1261
14385,manyakheta,DLH,1261
14386,chitapur,DLH,1261
14387,bhalki,DLH,1261
14388,kembhavi,DLH,1261
14389,sindagi,DLH,1261
14390,basavana_bagewadi,DLH,1261
14391,badami,DLH,1261
14392,singarh,DLH,1261
14393,raigarh,DLH,1261
14394,pune,DLH,1261
14395,junnar,DLH,1261
14396,chakan,DLH,1261
14397,western_ghats_pune,,
14398,pratapgarh,DLH,1261
14399,satara,DLH,1261
14400,karad,DLH,1261
14401,kolhapur,DLH,1261
14402,aundh,DLH,1261
14403,jath,DLH,1261
14404,miraj,DLH,1261
14405,athani,DLH,1261
14406,western_ghats_purandar,,
14407,western_ghats_satara,,
14408,western_ghats_karad,,
14409,udgir,DLH,1261
14410,bir,DLH,1261
14411,dahrur,DLH,1261
14412,qandhar,DLH,1261
14413,ahmednagar,DLH,1261
14414,daulatabad,DLH,1261
14415,jalna,DLH,1261
14416,nander,DLH,1261
14417,pathri,DLH,1261
14418,sholhapur,DLH,1261
14419,naldrug,DLH,1261
14420,ausa,DLH,1261
14421,parenda,DLH,1261
14422,chambargonda,DLH,1261
14423,harishchandra_range,,
14424,ajara,DLH,1261
14425,mudhol,DLH,1261
14426,belgaum,DLH,1261
14427,londa,DLH,1261
14428,khanapur,DLH,1261
14429,gokak,DLH,1261
14430,raybag,DLH,1261
14431,sinnar,DLH,1261
14432,nasik,DLH,1261
14433,chandor,DLH,1261
14434,salagiri,BGL,1289
14435,mayuragiri,BGL,1289
14436,dharampur,DRP,1295
14437,jawhar,JWR,1296
14438,dang,BGL,1289
14439,forest_of_dang,,
14440,western_ghats_bombay,,
14441,janjira,DLH,1261
14442,chaul,DLH,1261
14443,kalyan,DLH,1261
14444,bombay,DLH,1261
14445,bassein,DLH,1261
14446,honnavara,HNV,1294
14447,bhatkal,ALU,1280
14448,karwar,VIJ,1264
14449,goa,GOA,1293
14450,madgaon,GOA,1293
14451,western_ghats_goa,,
14452,western_ghats_bhatkal,,
14453,savantvadi,DLH,1261
14454,rajapur,DLH,1261
14455,dabhol,DLH,1261
14456,sangamesvara,DLH,1261
14457,western_ghats_belgaum,,
14458,karkala,STR,1281
14459,mangalore,ALU,1280
14460,udupi,ALU,1280
14461,kasaragod,ALU,1280
14462,uppinangady,ALU,1280
14463,western_ghats_karkala,,
14464,kanyakumari,VND,1272
14465,thiruvananthapuram,VND,1272
14466,kollam,VND,1272
14467,kottarakkara,ELA,1277
14468,pandalam,VND,1272
14469,s_cardamom_hills,,
14470,prakkad,TKU,1278
14471,manikandapuram,TKU,1278
14472,karikkode,VDK,1279
14473,kochi,PDU,1271
14474,edappaly,PDU,1271
14475,vembanad_lake,,
14476,cardamom_hills,,
14477,kannur,KLT,1270
14478,wayanad,KYA,1275
14479,thalassery,KLT,1270
14480,palghat,VLD,1276
14481,angadippuram,VLD,1276
14482,kodungallur,KDU,1274
14483,ponnani,KTN,1273
14484,kozhikode,ZMR,1269
14485,malapuram,ZMR,1269
14486,thrissur,KDU,1274
14487,western_ghats_kozhikode,,
14488,western_ghats_siruvani,,
14489,erode,HSL,1262
14490,coimbatore,HSL,1262
14491,dharapuram,HSL,1262
14492,karur,HSL,1262
14493,dindigul,MAB,1265
14494,kambam,MAB,1265
14495,batlagundu,MAB,1265
14496,satyamanagalam,HSL,1262
14497,palani,HSL,1262
14498,tiruppur,HSL,1262
14499,bhavani,HSL,1262
14500,palni_hills,,
14501,pandalam_hills,,
14502,nilgiri,,
14503,salem,HSL,1262
14504,dharmapuri,HSL,1262
14505,krishnagiri,HSL,1262
14506,sendamangalam,HSL,1262
14507,jagadevipalayam,HSL,1262
14508,denkanikottai,HSL,1262
14509,pennagaram,HSL,1262
14510,biligiriranga,,
14511,parangipettai,MAB,1265
14512,pondicherry,MAB,1265
14513,madras,SMV,1263
14514,maduranthakam,SMV,1263
14515,arcot,SMV,1263
14516,vellore,SMV,1263
14517,kanchipuram,SMV,1263
14518,gingee,SMV,1263
14519,padaividu,SMV,1263
14520,tiruvannamalai,HSL,1262
14521,kayal,TNK,1266
14522,tirunelveli,TNK,1266
14523,tenkasi,TNK,1266
14524,kayattar,MAB,1265
14525,sankaranayinarkoil,MAB,1265
14526,madurai,MAB,1265
14527,ramesvaram,MAB,1265
14528,vembar,MAB,1265
14529,thoothukudi,TNK,1266
14530,thondi,MAB,1265
14531,aruppukkottai,MAB,1265
14532,virudhunagar,MAB,1265
14533,devakottai,MAB,1265
14534,adams_bridge,,
14535,puddokothai,MAB,1265
14536,nagapattinam,MAB,1265
14537,tiruccirapalli,MAB,1265
14538,thanjavur,MAB,1265
14539,srirangam,MAB,1265
14540,jayankondam,MAB,1265
14541,pennadam,MAB,1265
14542,karaikal,MAB,1265
14543,pattukkottai,MAB,1265
14544,perambalur,MAB,1265
14545,tirukoilur,MAB,1265
14546,kallakurichi,MAB,1265
14547,jaffna,JFN,1345
14548,mullaitivu,JFN,1345
14549,trincomalee,DBD,1344
14550,vavuniya,JFN,1345
14551,mahatittha,JFN,1345
14552,medawachchiya,DBD,1344
14553,yapavu,DBD,1344
14554,anuradhapura,DBD,1344
14555,salavata,DBD,1344
14556,kurunegala,DBD,1344
14557,polonnaruva,DBD,1344
14558,madakalapu,DBD,1344
14559,hatthigiripura,DBD,1344
14560,kotte,DBD,1344
14561,negombo,DBD,1344
14562,sitavaka,DBD,1344
14563,kandy,DBD,1344
14564,gampola,DBD,1344
14565,ratnapura_LKA,DBD,1344
14566,galle,DBD,1344
14567,hambantota,DBD,1344
14568,badulla,DBD,1344
14569,devanagara,DBD,1344
14570,digavapi,DBD,1344
14571,tissamaharama,DBD,1344
14572,amini_atoll,,
14573,andrott_atoll,,
14574,kavaratti_atoll,,
14575,minicoy_atoll,,
14576,thiladhunmathi_atoll,DGL,273
14577,male_atoll,DGL,273
14578,nilandhe_atoll,DGL,273
14579,addu_atoll,DGL,273
14580,chagos_archipelago,,
14581,indian_coast23,,
14582,indian_coast24,,
14583,indian_coast25,,
14584,indian_coast26,,
14585,indian_coast27,,
14586,indian_coast28,,
14587,indian_coast29,,
14588,indian_high_sea9,,
14589,indian_high_sea11,,
14590,indian_high_sea12,,
14591,amini_coast,,
14592,andrott_coast,,
14593,cherbaniani_coast,,
14594,minicoy_coast,,
14595,raa_coast,,
14596,male_coast,,
14597,nilandhe_coast,,
14598,addu_coast,,
14599,speakers_coast,,
14600,great_chagos_coast_1,,
14601,great_chagos_coast_2,,
14602,pitt_coast,,
14603,diego_garcia_coast,,
14604,laccadive_high_sea_1,,
14605,laccadive_high_sea_2,,
14606,laccadive_high_sea_3,,
14607,laccadive_high_sea_4,,
14608,maldives_high_sea_1,,
14609,maldives_high_sea_2,,
14610,maldives_high_sea_3,,
14611,maldives_high_sea_4,,
14612,maldives_high_sea_5,,
14613,maldives_high_sea_6,,
14614,maldives_high_sea_7,,
14615,maldives_high_sea_8,,
14616,maldives_high_sea_9,,
14617,maldives_high_sea_10,,
14618,chagos_high_sea_1,,
14619,chagos_high_sea_2,,
14620,chagos_high_sea_3,,
14621,chagos_high_sea_4,,
14622,chagos_high_sea_5,,
14623,chagos_high_sea_6,,
14624,chagos_high_sea_7,,
14625,chagos_high_sea_8,,
14626,chagos_high_sea_9,,
14627,indian_coast16,,
14628,indian_coast17,,
14629,indian_coast18,,
14630,indian_coast19,,
14631,indian_coast20,,
14632,indian_coast21,,
14633,indian_coast22,,
14634,indian_high_sea6,,
14635,indian_high_sea7,,
14636,indian_high_sea8,,
14637,indian_coast49,,
14638,indian_coast65,,
14639,indian_coast51,,
14640,indian_coast52,,
14641,indian_coast53,,
14642,indian_coast54,,
14643,indian_coast55,,
14644,indian_high_sea26,,
14645,indian_high_sea27,,
14646,indian_high_sea28,,
14647,indian_coast46,,
14648,indian_coast47,,
14649,indian_coast48,,
14650,indian_coast35,,
14651,indian_coast30,,
14652,indian_coast31,,
14653,indian_coast32,,
14654,indian_high_sea25,,
14655,indian_coast33,,
14656,indian_coast34,,
14657,indian_coast36,,
14658,indian_coast37,,
14659,indian_coast38,,
14660,indian_coast39,,
14661,indian_high_sea13,,
14662,indian_high_sea19,,
14663,indian_high_sea20,,
14664,indian_coast40,,
14665,indian_coast41,,
14666,indian_coast42,,
14667,indian_coast43,,
14668,indian_coast44,,
14669,indian_coast45,,
14670,indian_high_sea21,,
14671,indian_high_sea22,,
14672,indian_high_sea23,,
14673,indian_high_sea24,,
14674,chittagong,ARK,2103
14675,chakaria,ARK,2103
14676,chakma,,
14677,kaptai,ARK,2103
14678,karpus_mahal,TWI,253
14679,ramu,ARK,2103
14680,sitakunda,ARK,2103
14681,launggyet,ARK,2103
14682,akyab,ARK,2103
14683,maungdaw,ARK,2103
14684,minbya,ARK,2103
14685,mrauk_u,ARK,2103
14686,weithali,ARK,2103
14687,ann,ARK,2103
14688,gwa,ARK,2103
14689,ramree,ARK,2103
14690,talak_burma,ARK,2103
14691,taungup,ARK,2103
14692,thandwe,ARK,2103
14693,arakan_mountains2,,
14694,amarendrapura,DAI,2091
14695,phon_nha,DAI,2091
14696,visnupura,DAI,2091
14697,vrddha_ratnapura,DAI,2091
14698,annamese_range5,,
14699,indrapura,CHA,2090
14700,dien_ban,CHA,2090
14701,simhapura,CHA,2090
14702,kauthara,CHA,2090
14703,aryaru,CHA,2090
14704,bang_keng,CHA,2090
14705,kon_klor,CHA,2090
14706,apui,KHM,2089
14707,ia,CHA,2090
14708,kon_tum,KHM,2089
14709,samriddhipuri,CHA,2090
14710,annamese_range7,,
14711,panduranga,CHA,2090
14712,bal_cattinon,CHA,2090
14713,camp_po_thit,CHA,2090
14714,chan_bo,CHA,2090
14715,kampong_sraka_trey,CHA,2090
14716,cat_tien,CHA,2090
14717,ban_don,KHM,2089
14718,dak_lak,CHA,2090
14719,di_dinh,CHA,2090
14720,song_be,KHM,2089
14721,chu_yang_sin_mountains,,
14722,vijaya,CHA,2090
14723,amaravati,CHA,2090
14724,bong_son,CHA,2090
14725,ha_va_nguon,CHA,2090
14726,ayodhya,ADH,2095
14727,dong_lakhon,LAV,2094
14728,lopburi,LAV,2094
14729,prachinburi,LAV,2094
14730,saraburi,LAV,2094
14731,sankamphaeng_mountains,,
14732,phetchaburi,PTC,2137
14733,chumphon,PTC,2137
14734,muang_na_rang,PTC,2137
14735,phraek,SUK,2092
14736,chai_nat,SUK,2092
14737,chakangrao,SUK,2092
14738,nakhon_sawan,SUK,2092
14739,phayuhakhiri,SUK,2092
14740,bueng_boraphet_lake,,
14741,rayong,LAV,2094
14742,dong_si_maha_phot,LAV,2094
14743,muang_khuan_kra_buri,LAV,2094
14744,phanat,LAV,2094
14745,sa_kaeo,LAV,2094
14746,chanthaburi_jungle,,
14747,sri_thep,SUK,2092
14748,mueng_rat,SUK,2092
14749,phuenchapura,SUK,2092
14750,sukhothai,SUK,2092
14751,mueng_bang_yom,SUK,2092
14752,nakhon_thai,SUK,2092
14753,song_khwae,SUK,2092
14754,sra_luang,SUK,2092
14755,sri_satchanalai,SUK,2092
14756,suphanburi,SPN,2102
14757,chaisri,SPN,2102
14758,kanchanaburi,SPN,2102
14759,ratchaburi,SPN,2102
14760,wang_pho,SPN,2102
14761,tak,SUK,2092
14762,ban_pa_la_ta,SUK,2092
14763,mae_sot,SUK,2092
14764,nakhon_chum,SUK,2092
14765,dawna_range1,,
14766,dawna_range2,,
14767,kale,KAL,2122
14768,htilin,PIN,2104
14769,kanna,PIN,2104
14770,mingin,PIN,2104
14771,pakokku,PIN,2104
14772,saw,PIN,2104
14773,pandaung_range,,
14774,pagan,PIN,2104
14775,magway,PIN,2104
14776,salay,PIN,2104
14777,talok,PIN,2104
14778,taungdwingyi,PIN,2104
14779,pinya,PIN,2104
14780,kyaukse,PIN,2104
14781,nyaungyan,PIN,2104
14782,pindale,PIN,2104
14783,pinle,PIN,2104
14784,pyay,BPR,2107
14785,mindon,PIN,2104
14786,myede,PIN,2104
14787,paungde,BPR,2107
14788,tharrawaddy,BPR,2107
14789,thayet,PIN,2104
14790,pegu_jungle,,
14791,sagaing,SAG,2105
14792,amyint,SAG,2105
14793,butalin,SAG,2105
14794,dhipaesyin,SAG,2105
14795,moksobo,SAG,2105
14796,salin,PIN,2104
14797,laungshe,PIN,2104
14798,ngape,PIN,2104
14799,sagu,PIN,2104
14800,arakan_mountains1,,
14801,taungoo,TNG,2106
14802,lewe,PIN,2104
14803,nwamethin,PIN,2104
14804,pyinmana,PIN,2104
14805,thandaunggyi,TNG,2106
14806,martaban,PEG,2096
14807,haungtharaw,PEG,2096
14808,hpa_an,PEG,2096
14809,kyainseikgyi,PEG,2096
14810,mawlamyine,PEG,2096
14811,ye,PEG,2096
14812,bilauktaung_range1,,
14813,myaungmya,PEG,2096
14814,dala,PEG,2096
14815,maubin,PEG,2096
14816,naungyo,PEG,2096
14817,ngaputaw,PEG,2096
14818,twante,PEG,2096
14819,pathein,PEG,2096
14820,danubyu,PEG,2096
14821,hinthada,PEG,2096
14822,ingapu,PEG,2096
14823,myanaung,PEG,2096
14824,pegu,PEG,2096
14825,dagon,PEG,2096
14826,hmawbi,PEG,2096
14827,kawliya,PEG,2096
14828,phyu,PEG,2096
14829,thanlyin,PEG,2096
14830,tenasserim,TSM,2138
14831,kawthaung,TSM,2138
14832,mergui,TSM,2138
14833,myitta,TSM,2138
14834,singkhon,TSM,2138
14835,tavoy,TSM,2138
14836,thayetchaung,TSM,2138
14837,bilauktaung_range2,,
14838,bilauktaung_range3,,
14839,thaton,PEG,2096
14840,donwun,PEG,2096
14841,kyaukkyi,PEG,2096
14842,papun,PEG,2096
14843,sittaung,PEG,2096
14844,hkamti,,
14845,maingkwan,MKA,2114
14846,hukawng,MKA,2114
14847,lahe,,
14848,minsin,,
14849,tarung,MKA,2114
14850,naga_hills3,,
14851,naga_hills4,,
14852,sagaing_jungle,,
14853,htamanthi,MKN,2116
14854,phakant,MKN,2116
14855,tamu,HHP,2117
14856,thaungdut,HHP,2117
14857,tizu,,
14858,zalon_taung,MKN,2116
14859,mangin_range1,,
14860,mangin_range2,,
14861,mongkawng,MKA,2114
14862,mongyang,MYA,2113
14863,monhyin,MYA,2113
14864,myitkyina,MKA,2114
14865,indawgy_lake,,
14866,putao,HKM,2115
14867,chibwe,,
14868,injangyang,HKM,2115
14869,suamprabon,HKM,2115
14870,waingmaw,MMA,779
14871,gaoligongshan2,,
14872,kumon_range,,
14873,wuntho,WNT,2123
14874,htigyaing,WNT,2123
14875,katha,MYA,2113
14876,myedu,SAG,2105
14877,buriram,KHM,2089
14878,muang_tam,KHM,2089
14879,phutthaisong,KHM,2089
14880,prathai_saman,KHM,2089
14881,suwannaphum,KHM,2089
14882,chaiyaphum,VTN,2111
14883,kaset_sombun,VTN,2111
14884,khon_san,VTN,2111
14885,mancha_khiri,VTN,2111
14886,nong_bua_lamphu,VTN,2111
14887,phu_wiang,VTN,2111
14888,phetchabun_mountains,,
14889,champasak,KHM,2089
14890,ban_phone,KHM,2089
14891,idkabue,KHM,2089
14892,muang_mang,KHM,2089
14893,samxay,KHM,2089
14894,tonle_kong,KHM,2089
14895,annamese_range6,,
14896,khukhan,KHM,2089
14897,prasat_thong_lang,KHM,2089
14898,rattanaburi,KHM,2089
14899,sangkha,KHM,2089
14900,vat_phou,KHM,2089
14901,loei,VTN,2111
14902,chiang_khan,VTN,2111
14903,dan_sai,VTN,2111
14904,nong_khay,VTN,2111
14905,udon_thani,VTN,2111
14906,muang_nakhon,VTN,2111
14907,kut_ling,VTN,2111
14908,muang_nong_han_luang,VTN,2111
14909,mukdahan,VTN,2111
14910,pak_huei_lang,VTN,2111
14911,that_phanom,VTN,2111
14912,nong_han_lake,,
14913,muang_phuan,VTN,2111
14914,bolikham,VTN,2111
14915,phonsavan,MUA,2110
14916,thoulakhom,VTN,2111
14917,annamese_range1,,
14918,phimai,KHM,2089
14919,khorat,KHM,2089
14920,nokor_reach_seyma,KHM,2089
14921,phanom_rung,KHM,2089
14922,thung_samrit,KHM,2089
14923,roi_et,VTN,2111
14924,kham_muang,VTN,2111
14925,khon_kaen,VTN,2111
14926,muang_khemarat,VTN,2111
14927,mueng_fa_daet,VTN,2111
14928,yasothon,VTN,2111
14929,savannakhet,KHM,2089
14930,muang_phalan,KHM,2089
14931,muang_phin,KHM,2089
14932,muang_ta_oi,KHM,2089
14933,sepon,KHM,2089
14934,thuan_binh,KHM,2089
14935,nakai_jungle,,
14936,thakhek,VTN,2111
14937,keutkeut,VTN,2111
14938,khamkeut,VTN,2111
14939,mahaxay,KHM,2089
14940,ngoc_ma,VTN,2111
14941,nong_bok,KHM,2089
14942,annamese_range2,,
14943,annamese_range3,,
14944,annamese_range4,,
14945,vientiane,VTN,2111
14946,ban_khon,MUA,2110
14947,phon_hong,VTN,2111
14948,sayniabuli,MUA,2110
14949,vang_vieng,MUA,2110
14950,mekong_jungle,,
14951,angkor,KHM,2089
14952,banteay_chhmar,KHM,2089
14953,damrey_trom,KHM,2089
14954,phnom_srok,KHM,2089
14955,sdok_kok_thom,KHM,2089
14956,battambang,KHM,2089
14957,banon,KHM,2089
14958,longvek,KHM,2089
14959,prasat_don_an,KHM,2089
14960,pursat,KHM,2089
14961,tonle_sap_lake,,
14962,indrapura_khmer,KHM,2089
14963,beng_mealea,KHM,2089
14964,phnom_santuk,KHM,2089
14965,prasat_andet,KHM,2089
14966,preah_khan_kompong_svay,KHM,2089
14967,ishanapura,KHM,2089
14968,koh_ker,KHM,2089
14969,prasat_don_kau,KHM,2089
14970,preah_vihear,KHM,2089
14971,sandan,KHM,2089
14972,kracheh,KHM,2089
14973,sampheak_borak,KHM,2089
14974,tboung_khmum,KHM,2089
14975,or_keo,KHM,2089
14976,kramuon_sa,KHM,2089
14977,phsar_dek,KHM,2089
14978,pouthi_loeu,KHM,2089
14979,srok_khleang,KHM,2089
14980,toek_khmau,KHM,2089
14981,peam,KHM,2089
14982,kampong_saom,KHM,2089
14983,koh_kong,KHM,2089
14984,mueng_thung_yai,KHM,2089
14985,prey_nokor,KHM,2089
14986,angkor_knong,KHM,2089
14987,chhmuoh_thmei,KHM,2089
14988,kampong_roessei,KHM,2089
14989,rong_damrel,KHM,2089
14990,tuol_ta_mouk,KHM,2089
14991,stung_treng,KHM,2089
14992,banlung,KHM,2089
14993,doh_kromum,KHM,2089
14994,lumphat,KHM,2089
14995,preah_ko,KHM,2089
14996,vyadhapura,KHM,2089
14997,angkor_borei,KHM,2089
14998,phnom_penh,KHM,2089
14999,prasat_pram_lovet,KHM,2089
15000,srey_sarchhor,KHM,2089
15001,chaiya,LIG,2098
15002,ko_samui,LIG,2098
15003,sichon,LIG,2098
15004,tha_tong,LIG,2098
15005,wiang_sa,LIG,2098
15006,gelanggi,PAH,2101
15007,johor_lama,PAH,2101
15008,malacca,PAH,2101
15009,muar,PAH,2101
15010,rantau_panjang,PAH,2101
15011,temasek,SNG,2097
15012,kedah,KED,2100
15013,bujang,KED,2100
15014,perlis,KED,2100
15015,pattani,LGK,2099
15016,kelantan,LGK,2099
15017,menara,LGK,2099
15018,pulai,PAH,2101
15019,yala,LGK,2099
15020,sankalakhiri_range,,
15021,pahang,PAH,2101
15022,bera,PAH,2101
15023,jerantut,PAH,2101
15024,kuala_lipis,PAH,2101
15025,kuantan,PAH,2101
15026,klang,MNJ,2136
15027,beruas,BES,2135
15028,gerik,LGK,2099
15029,manjung,MNJ,2136
15030,kajang,MNJ,2136
15031,titiwangsa_mountains,,
15032,thammarat,LIG,2098
15033,mardelong,LIG,2098
15034,satingpura,LIG,2098
15035,singgora,LIG,2098
15036,trang,LIG,2098
15037,songkhla_lake,,
15038,dungun,LGK,2099
15039,kampung_buloh,LGK,2099
15040,paka,LGK,2099
15041,trengganu,LGK,2099
15042,terengganu_hills,,
15043,thalang,LIG,2098
15044,kraburi,LIG,2098
15045,krabi,LIG,2098
15046,prasong,LIG,2098
15047,takua_pa,LIG,2098
15048,kra_jungle,,
15049,chiang_mai,LNA,2093
15050,chiang_dao,LNA,2093
15051,lampang,LNA,2093
15052,lamphun,LNA,2093
15053,muang_wang,LNA,2093
15054,mueng_thoen,LNA,2093
15055,khun_tan_range,,
15056,thongchai_range,,
15057,chiang_rai,LNA,2093
15058,chiang_khong,LNA,2093
15059,chiang_saen,LNA,2093
15060,phayao,PHY,2108
15061,wiang_fang,LNA,2093
15062,daen_lao_range,,
15063,muang_sing,CHH,891
15064,chom_khao_maneerat,LNA,2093
15065,hongsa,MUA,2110
15066,muang_luang_phukha,LNA,2093
15067,muang_xay,MUA,2110
15068,vieng_phouka,LNA,2093
15069,phou_mountains,,
15070,muang_sua,MUA,2110
15071,ban_luang_cheng,MUA,2110
15072,muang_thaeng,MUA,2110
15073,nam_xuang,MUA,2110
15074,phongsali,MUA,2110
15075,muang_yuam,LNA,2093
15076,hot,LNA,2093
15077,mae_hong_son,LNA,2093
15078,muang_jam,LNA,2093
15079,omkoi,LNA,2093
15080,sariang,LNA,2093
15081,karen_jungle,,
15082,phrae,SUK,2092
15083,muang_ngao,PHY,2108
15084,nan,PUA,2109
15085,pua,PUA,2109
15086,thung_yang,SUK,2092
15087,luang_prabang_range1,,
15088,luang_prabang_range2,,
15089,xam_neua,MUA,2110
15090,muang_et,MUA,2110
15091,muang_kham,MUA,2110
15092,muang_lang,MUA,2110
15093,muong_luan,CBK,2112
15094,dien_chau,DAI,2091
15095,muang_sam_tai,DAI,2091
15096,quy_chau,DAI,2091
15097,quynh_lam,DAI,2091
15098,anbang,DAI,2091
15099,quang_yen,DAI,2091
15100,van_don,DAI,2091
15101,hoan_chau,DAI,2091
15102,ky_son,DAI,2091
15103,mat_chau,DAI,2091
15104,lang_son,DAI,2091
15105,lang_giang,DAI,2091
15106,loc_chau,DAI,2091
15107,quang_uyen,DAI,2091
15108,that_nguyen,DAI,2091
15109,van_kiep,DAI,2091
15110,nam_sach,DAI,2091
15111,hong_chau,DAI,2091
15112,khoai_chau,DAI,2091
15113,vu_ninh,DAI,2091
15114,nghe_ann,DAI,2091
15115,chi_la,DAI,2091
15116,nhat_nam,DAI,2091
15117,tho_hoang,DAI,2091
15118,da_giang,DAI,2091
15119,mang_viet,CBK,2112
15120,muong,DAI,2091
15121,son_la,CBK,2112
15122,quy_hoa,CBK,2112
15123,lai_chau,CBK,2112
15124,thuy_vi,CBK,2112
15125,van_ban,CBK,2112
15126,fan_si_mountains2,,
15127,fan_si_mountains3,,
15128,thai_nguyen,DAI,2091
15129,bac_thai_nguyen,DAI,2091
15130,cam_hoa,DAI,2091
15131,tuyen_hoa,DAI,2091
15132,vo_nhai,DAI,2091
15133,thang_long,DAI,2091
15134,tam_dai,DAI,2091
15135,thai_binh,DAI,2091
15136,thien_quan,DAI,2091
15137,thanh_hoa,DAI,2091
15138,co_dang,DAI,2091
15139,nga_lac,DAI,2091
15140,khet_theu,DAI,2091
15141,quan_da_chau,DAI,2091
15142,thien_truong,DAI,2091
15143,bo_hai_khau,DAI,2091
15144,trang_an,DAI,2091
15145,tuyen_quang,DAI,2091
15146,bao_lac,DAI,2091
15147,binh_lam,DAI,2091
15148,binh_nguyen,DAI,2091
15149,dai_man,DAI,2091
15150,thu_vat,DAI,2091
15151,thuan_chau,CBK,2112
15152,muong_cha,CBK,2112
15153,phou_den_din_mountains,,
15154,hsenwi,HSE,2118
15155,lashio,HSE,2118
15156,muse,HSE,2118
15157,nam_thing,MTG,782
15158,namhsan,HSE,2118
15159,ta_shwe_htan,MHK,780
15160,shan_hills1,,
15161,hsipaw,HSI,2119
15162,kyaukme,HSI,2119
15163,monglong,HSI,2119
15164,ngasingu,SAG,2105
15165,wetwin,PIN,2104
15166,kengtung,KTG,2125
15167,mong_hpayak,LNA,2093
15168,mong_hsat,LNA,2093
15169,mong_yang,CHH,891
15170,mong_yawng,CHH,891
15171,mongping,KTG,2125
15172,manmaw,BHM,2124
15173,mabein,MGT,2121
15174,mongmit,MGT,2121
15175,namhkan,MGT,2121
15176,shwegu,BHM,2124
15177,takawng,SAG,2105
15178,mongnai,MNI,2120
15179,kengtawng,MNI,2120
15180,lai_hka,HSE,2118
15181,mawkmai,MNI,2120
15182,mongkung,HSE,2118
15183,mongtung,MNI,2120
15184,mongpai,,
15185,lawksawk,HSI,2119
15186,siri_do,,
15187,taunggyi,,
15188,yawnghwe,,
15189,inle_lake,,
15190,karen_hills1,,
15191,karen_hills2,,
15192,karen_hills3,,
15193,nwamethin_jungle,,
15194,shan_hills3,,
15195,monghsu,HSE,2118
15196,kehsi,HSE,2118
15197,kengkham,MNI,2120
15198,mong_yai,HSE,2118
15199,mongnawng,HSE,2118
15200,andaman_sea1,,
15201,andaman_sea2,,
15202,andaman_sea3,,
15203,moscos_islands,,
15204,mon_coast,,
15205,western_irrawaddy_delta,,
15206,gulf_martaban,,
15207,eastern_irrawaddy_delta,,
15208,nantha_kyun_island,,
15209,ngayoke_bay,,
15210,ramree_island,,
15211,arakhan_coast,,
15212,kyunthaya_island,,
15213,mayu_river_estuary,,
15214,indonesia_high_sea2,,
15215,indonesia_high_sea3,,
15216,south_mekong_delta,,
15217,north_mekong_delta,,
15218,con_son_island,,
15219,ganh_rai_bay,,
15220,phan_thiet_bay,,
15221,phu_quy_island,,
15222,van_phong_bay,,
15223,south_china_sea20,,
15224,south_china_sea22,,
15225,south_china_sea19,,
15226,south_china_sea8,,
15227,south_china_sea5,,
15228,south_china_sea3,,
15229,south_china_sea7,,
15230,south_china_sea12,,
15231,south_china_sea17,,
15232,thi_nai_lagoon,,
15233,hoc_mo_cape,,
15234,an_vinh_island,,
15235,perfume_river_estuary,,
15236,hon_la_island,,
15237,south_china_sea34,,
15238,south_china_sea30,,
15239,south_china_sea24,,
15240,south_china_sea26,,
15241,south_china_sea29,,
15242,ca_river_estuary,,
15243,gulf_tonkin,,
15244,ha_long_bay,,
15245,hon_me_island,,
15246,red_river_delta,,
15247,ca_mau_cape,,
15248,u_minh_coast,,
15249,tho_chu_island,,
15250,rach_gia_bay,,
15251,bay_kampong_son,,
15252,wai_islands,,
15253,koh_kong_island,,
15254,koh_chang_island,,
15255,gulf_thailand1,,
15256,gulf_thailand2,,
15257,gulf_thailand3,,
15258,bight_ayodhya,,
15259,sattahip_bay,,
15260,prachuap_bay,,
15261,chumphon_archipelago,,
15262,chumphon_bay,,
15263,bandon_bay,,
15264,talumpuk_cape,,
15265,songkhla_coast,,
15266,ta_chee_cape,,
15267,kelantan_coast,,
15268,north_terangganu_coast,,
15269,south_terangganu_coast,,
15270,pahang_coast,,
15271,tioman_island,,
15272,south_china_sea1,,
15273,south_china_sea2,,
15274,south_china_sea4,,
15275,johor_coast,,
15276,eastern_singapore_strait,,
15277,western_singapore_strait,,
15278,inner_strait_malacca,,
15279,outer_strait_malacca,,
15280,perak_coast,,
15281,kedah_coast,,
15282,langkawi_archipelago,,
15283,phang_nga_bay,,
15284,phuket_coast,,
15285,kra_buri,,
15286,southern_mergui_archipelago,,
15287,central_mergui_archipelago,,
15288,northern_mergui_archipelago,,
15289,outer_mergui_archipelago,,
15290,andaman_sea4,,
15291,andaman_sea5,,
15292,andaman_sea6,,
15293,andaman_sea7,,
15294,andaman_sea8,,
15295,andaman_sea9,,
15296,banjar,NSR,1379
15297,banua_lawas,NSR,1379
15298,martapura,NSR,1379
15299,muara_bahan,NSR,1379
15300,nagara_borneo,NSR,1379
15301,pelaihari,NSR,1379
15302,tanjungpuri,KRP,1380
15303,kuripan,KRP,1380
15304,hulu_kahayan,,
15305,hulu_kapuas,,
15306,kahayan,KRP,1380
15307,kapuas,,
15308,rungan,,
15309,kotawaringin_lama,TJP,1378
15310,air_hitam,TJP,1378
15311,bulik,,
15312,hulu_jelai,TJP,1378
15313,hulu_lamandau,,
15314,jelai,TJP,1378
15315,pontianak,TJP,1378
15316,kubu,TJP,1378
15317,sanggau,SGU,1388
15318,sekadau,SGU,1388
15319,sekayam,SGU,1388
15320,tayan,TJP,1378
15321,sepauk,,
15322,hulu_melawai,,
15323,kayan_melawai,,
15324,pinoh,,
15325,sintang,,
15326,mendawai,KRP,1380
15327,hulu_mendawai,,
15328,kahayan_hilir,KRP,1380
15329,katingan,,
15330,sabangau,KRP,1380
15331,samba,,
15332,paser,NSR,1379
15333,bangkalan_borneo,NSR,1379
15334,cantung,NSR,1379
15335,hulu_paser,NSR,1379
15336,pagatan,NSR,1379
15337,sigam,NSR,1379
15338,sambas,SMB,1383
15339,hulu_sambas,SMB,1383
15340,mandor,SMB,1383
15341,mempawah,SMB,1383
15342,monterado,SMB,1383
15343,ngabang,LNK,1389
15344,sampit,TJP,1378
15345,arut,,
15346,cempaga,,
15347,hulu_mentaya,,
15348,hulu_seruyan,,
15349,kumai,TJP,1378
15350,seruyan,TJP,1378
15351,sukadana,TJP,1378
15352,hulu_pawan,TJP,1378
15353,kendawangan,TJP,1378
15354,pesaguan,TJP,1378
15355,tanjungpura,TJP,1378
15356,teluk_melano,TJP,1378
15357,karau,KRP,1380
15358,barito,KRP,1380
15359,hulu_barito,,
15360,lahei,,
15361,laung,,
15362,teweh,,
15363,tutong,MNU,1386
15364,baram,,
15365,barulo,MNU,1386
15366,hulu_baram,,
15367,niah,MNU,1386
15368,tinjar,,
15369,sambaliung,TDG,1384
15370,kayan,TDG,1384
15371,kelay,TDG,1384
15372,segah,TDG,1384
15373,sungai_lati,TDG,1384
15374,tanjung_palas,TDG,1384
15375,berune,BEI,1385
15376,api_api,BEI,1385
15377,padas,BEI,1385
15378,hulu_limbang,BEI,1385
15379,hulu_padas,BEI,1385
15380,pegalan,BEI,1385
15381,trusan,BEI,1385
15382,karangan,MRP,1381
15383,bengalon,MRP,1381
15384,sandaran,MRP,1381
15385,sangata,MRP,1381
15386,sepinang,TDG,1384
15387,kinabatangan,TDG,1384
15388,hulu_kinabatangan,,
15389,hulu_segama,TDG,1384
15390,kuamut,TDG,1384
15391,lahad_datu,TDG,1384
15392,lokan,TDG,1384
15393,kudat,TDG,1384
15394,hulu_labuk,TDG,1384
15395,kota_marudu,TDG,1384
15396,sandakan,TDG,1384
15397,sibumbong,SUL,1426
15398,mapun,,
15399,sugut,TDG,1384
15400,kutai_lama,KKG,1382
15401,jembayan,KKG,1382
15402,julau_kutai,MRP,1381
15403,kedang_pahu,MRP,1381
15404,tenggarong,MRP,1381
15405,tuyuk,NSR,1379
15406,igan,MNU,1386
15407,julau,MNU,1386
15408,mukah,MNU,1386
15409,sarikei,MNU,1386
15410,tatau,MNU,1386
15411,santubong,SBG,1387
15412,samarahan,SBG,1387
15413,saribas,SBG,1387
15414,sebuyau,SBG,1387
15415,tandang_sari,SBG,1387
15416,tarakan,TDG,1384
15417,hulu_sembakung,,
15418,sebuku,TDG,1384
15419,sesayap,TDG,1384
15420,tawau,TDG,1384
15421,tong_talun,TDG,1384
15422,silat,SLA,1391
15423,bunut,SLA,1391
15424,jongkong,SBU,1390
15425,ketungau,,
15426,selimbau,SBU,1390
15427,lake_sentarum,,
15428,muarakaman,MRP,1381
15429,belayan,MRP,1381
15430,hulu_mahakam,MRP,1381
15431,hulu_telen,MRP,1381
15432,kelinjau,MRP,1381
15433,mahakam,MRP,1381
15434,telen,MRP,1381
15435,lake_melintang,,
15436,rejang,,
15437,baleh,,
15438,balui,,
15439,belaga,,
15440,katibas,,
15441,plieran,,
15442,borneo_jungle1,,
15443,borneo_jungle2,,
15444,borneo_jungle3,,
15445,borneo_jungle4,,
15446,borneo_jungle5,,
15447,borneo_jungle6,,
15448,borneo_jungle7,,
15449,borneo_jungle8,,
15450,borneo_jungle9,,
15451,borneo_jungle10,,
15452,borneo_jungle11,,
15453,borneo_jungle12,,
15454,borneo_jungle13,,
15455,borneo_jungle14,,
15456,banggai,BAI,1397
15457,bulakan,BAI,1397
15458,gori_gori,BAI,1397
15459,lingketeng,BAI,1397
15460,tojo,LUW,1396
15461,una_una,LUW,1396
15462,bone,BNE,1408
15463,bantayan,BTE,1398
15464,buki,GOW,1399
15465,tanahjampea,,
15466,cenrana,SIG,1411
15467,tosora,CIN,1405
15468,bungku,LUW,1396
15469,kendari,KNW,1403
15470,mori_celebes,LUW,1396
15471,sambandete,KNW,1403
15472,unaaha,KNW,1403
15473,butung,BTN,1401
15474,tukangbesi_islands,,
15475,andolo,KNW,1403
15476,kalisusu,KLS,1406
15477,kolumba,MKG,1402
15478,kotano_muna,WUN,1407
15479,taubonto,MRN,1404
15480,donggala,PJT,1394
15481,kulawi,LUW,1396
15482,loree,LUW,1396
15483,parigi,PJT,1394
15484,pendau,PJT,1394
15485,poso,LUW,1396
15486,sigi,BGG,1395
15487,sulawesi_jungle2,,
15488,lake_poso,,
15489,gorontalo,GRT,1393
15490,atinggola,GRT,1393
15491,boalemo,GRT,1393
15492,guamonial,GRT,1393
15493,paguat,GRT,1393
15494,toli_toli,PJT,1394
15495,tomini,PJT,1394
15496,sulawesi_jungle1,,
15497,lake_limboto,,
15498,gowa,GOW,1399
15499,barru,RRU,1410
15500,bungi,LUW,1396
15501,sengkae,SIG,1411
15502,sidenreng,SDR,1409
15503,tinco,RRU,1410
15504,lake_tempe,,
15505,mamudju,PKR,1412
15506,balanipa,PKR,1412
15507,kalumpang,LUW,1396
15508,kurri_kurri,LUW,1396
15509,managalang,LUW,1396
15510,toraja,LUW,1396
15511,sulawesi_jungle3,,
15512,manado,BOW,1400
15513,amurang,BLN,1392
15514,belang,BLN,1392
15515,karatung_island,,
15516,karakaralong_islands,,
15517,solimandungan,BLN,1392
15518,sangihe_islands,,
15519,tabukan,,
15520,lake_tondano,,
15521,palopo,LUW,1396
15522,luwu,LUW,1396
15523,malangke,LUW,1396
15524,malili,LUW,1396
15525,matano,LUW,1396
15526,sulawesi_jungle4,,
15527,lake_matano,,
15528,lake_towuti,,
15529,banten,SUN,1367
15530,cianjur,SUN,1367
15531,pakuan,SUN,1367
15532,pangguyangan,SUN,1367
15533,pulasari,SUN,1367
15534,sunda_kelapa,SUN,1367
15535,christmas_island,,
15536,cirebon,SUN,1367
15537,cibuaya,SUN,1367
15538,cimanuk,SUN,1367
15539,sindangkasih,SUN,1367
15540,sumedang,SUN,1367
15541,tegal,SUN,1367
15542,wangung,SUN,1367
15543,demak,MAJ,1365
15544,jepara,MAJ,1365
15545,pandansalas,MAJ,1365
15546,pati,MAJ,1365
15547,pekalongan,MAJ,1365
15548,semarang,MAJ,1365
15549,kawali,SUN,1367
15550,cibadak,SUN,1367
15551,kandangwesi,SUN,1367
15552,pangandaran,SUN,1367
15553,javanese_mountains1,,
15554,mataram,MAJ,1365
15555,bagaluhan,MAJ,1365
15556,borobudur,MAJ,1365
15557,dieng,MAJ,1365
15558,pacitan,MAJ,1365
15559,purwalingga,MAJ,1365
15560,javanese_mountains2,,
15561,pajang,MAJ,1365
15562,daha,MAJ,1365
15563,jagaraga,MAJ,1365
15564,matahun,MAJ,1365
15565,tulungagung,MAJ,1365
15566,wengker,MAJ,1365
15567,surabaya,MAJ,1365
15568,bangkalan,MAJ,1365
15569,bawean,MAJ,1365
15570,gresik,MAJ,1365
15571,kangean,MAJ,1365
15572,sugeneb,MAJ,1365
15573,tuban_java,MAJ,1365
15574,trowulan,MAJ,1365
15575,bajrajinaparamitapura,MAJ,1365
15576,balambangan,MAJ,1365
15577,lumajang,MAJ,1365
15578,malang,MAJ,1365
15579,pakembangan,MAJ,1365
15580,sadeng,MAJ,1365
15581,javanese_mountains3,,
15582,samprangan,BLI,1366
15583,julah,BLI,1366
15584,lombok,SLP,1413
15585,melara,BLI,1366
15586,sasak,SLP,1413
15587,babar,,
15588,bungabali,,
15589,damar,,
15590,leti,,
15591,sangliat_dol,,
15592,wetar,,
15593,yamdena,,
15594,larantuka,LRT,1418
15595,bajo_flores,,
15596,cibal,,
15597,lamakera,LRT,1418
15598,ngada,,
15599,sikka,,
15600,bima,BIM,1414
15601,banta_island_wasteland,,
15602,dompu,DOM,1415
15603,mamboro,,
15604,sabu,,
15605,sumba,,
15606,sumbawa,NGL,1416
15607,taliwang,TLW,1417
15608,waingapo,,
15609,laran,WHL,1419
15610,balibo,WHL,1419
15611,kupang,,
15612,lifau,,
15613,likusaen,WHL,1419
15614,nunkolo,,
15615,sombai,,
15616,tutuala,WHL,1419
15617,banda_island,,
15618,kobroor,,
15619,ohoi_ewur,,
15620,trangan,,
15621,wokam,,
15622,bara_buru,,
15623,kayeli,,
15624,obi,,
15625,sanana,,
15626,taliabu,,
15627,tifu,,
15628,bula,,
15629,hitu,,
15630,huamual,,
15631,latu,,
15632,nunusaku,,
15633,sahulau,,
15634,saparua,,
15635,werinama,,
15636,seram_mountains,,
15637,ternate,TER,1421
15638,daratan,MOO,1425
15639,jailolo,JLO,1424
15640,loloda,LOL,1423
15641,moro,MOO,1425
15642,wasilei,JLO,1424
15643,tidore,TID,1422
15644,amassing,BAC,1420
15645,gane,JLO,1424
15646,maba_celebes,JLO,1424
15647,misool,,
15648,waigeo,,
15649,weda,JLO,1424
15650,balbalan,,
15651,mallig,,
15652,tobog,,
15653,kiyyangan,,
15654,cordillera_mountains1,,
15655,cordillera_mountains2,,
15656,ibalong,IBL,1437
15657,binawangan,IBL,1437
15658,daet,IBL,1437
15659,naga_bikol,IBL,1437
15660,sawangan,IBL,1437
15661,vidak,IBL,1437
15662,tondo,TDO,1429
15663,maynila,MNA,1430
15664,kainta,CNT,1441
15665,bay,MYI,1427
15666,kalilayan,,
15667,kumintang,MYI,1427
15668,mulanay,,
15669,pakil,,
15670,tayabas,,
15671,pulilu,PLL,1438
15672,binangonan,,
15673,lake_bay,,
15674,lake_taal,,
15675,aparri,,
15676,babuyan_islands,,
15677,batanes,,
15678,pudtol,,
15679,lal_lo,,
15680,gattaran,,
15681,tubigarao,,
15682,mamburao,MYI,1427
15683,basud,MYI,1427
15684,kalapang,MYI,1427
15685,mangarin,MYI,1427
15686,lake_naujan,,
15687,taytay,TYY,1439
15688,aborlan,,
15689,babuyan,,
15690,balabak,SUL,1426
15691,busuanga,TYY,1439
15692,pantabangan,,
15693,baler,,
15694,bayambang,PGS,1432
15695,magalo,TDO,1429
15696,botolan,TDO,1429
15697,hubek,TDO,1429
15698,pulilan,TDO,1429
15699,luzon_jungle,,
15700,agno,PGS,1432
15701,agoo,PGS,1432
15702,binalatongan,PGS,1432
15703,bolinao,PGS,1432
15704,kandong,,
15705,tagudin,,
15706,bigan,,
15707,malukkit,,
15708,bolo,,
15709,ajanas,,
15710,camarag,,
15711,casiguran,,
15712,maddela,,
15713,malabang,LNO,1436
15714,himologan,,
15715,hingoog,,
15716,initao,LNO,1436
15717,sumilao,,
15718,tukuran,LNO,1436
15719,mindanao_mountains,,
15720,lake_lanao,,
15721,butuan,BTU,1433
15722,cantilan,BTU,1433
15723,cateel,,
15724,langan,BTU,1433
15725,bislig,,
15726,cabadbaran,BTU,1433
15727,surigao,BTU,1433
15728,talacogon,BTU,1433
15729,lake_mainit,,
15730,kuta_watu,MGD,1434
15731,buluan,KIM,1435
15732,buayan,KIM,1435
15733,kabacan,MGD,1434
15734,kalalaw,MGD,1434
15735,kalamansig,MGD,1434
15736,minduso,MGD,1434
15737,silae,,
15738,tboli,KIM,1435
15739,maimbung,SUL,1426
15740,bongao,SUL,1426
15741,lamitan,KML,1440
15742,tagloc,,
15743,ata_mindanao,,
15744,makar,KIM,1435
15745,caraga,,
15746,dibabawon,,
15747,kalagan,,
15748,mansaka,,
15749,sarangani,KIM,1435
15750,samboangan,SML,1444
15751,dapitan,SML,1444
15752,panaon,SML,1444
15753,sibugay,SML,1444
15754,sindangan,SML,1444
15755,siocon,SML,1444
15756,binalbagan,MDY,1431
15757,bago_negros,MDY,1431
15758,ilog,MDY,1431
15759,tanjay,CEB,1428
15760,singhapala,CEB,1428
15761,bool,BOL,1443
15762,kangdaya,CEB,1428
15763,talibon,BOL,1443
15764,masbate,,
15765,malindig,,
15766,matandang_nayon,,
15767,parpagoha,,
15768,irong_irong,MDY,1431
15769,aklan,MDY,1431
15770,batan,MDY,1431
15771,araut,MDY,1431
15772,malandog,MDY,1431
15773,borongan,,
15774,basey,,
15775,catarman,,
15776,makarato,,
15777,tinago,,
15778,kankabatok,,
15779,pangasugan,,
15780,limasawa,,
15781,mairete,,
15782,kota_kapur,PLB,1376
15783,badau,PLB,1376
15784,koba,PLB,1376
15785,pangkalpinang,PLB,1376
15786,bengkulu,PLB,1376
15787,manna,PLB,1376
15788,mukomuko,PLB,1376
15789,topos,PLB,1376
15790,barisan_mountains2,,
15791,lampung,PLB,1376
15792,kalianda,PLB,1376
15793,krui,PLB,1376
15794,liwa_lampung,PLB,1376
15795,palas_pasemah,PLB,1376
15796,sukadana_lampung,PLB,1376
15797,jambi,JMB,1368
15798,batang_tembesi,JMB,1368
15799,berbak,JMB,1368
15800,muara_sabak,JMB,1368
15801,rantau_benar,JMB,1368
15802,tungkal,JMB,1368
15803,musi_hilir,PLB,1376
15804,buluranriding,PLB,1376
15805,lalan,PLB,1376
15806,lebonghitam,PLB,1376
15807,lumpur,PLB,1376
15808,perbatasan,PLB,1376
15809,tenggulang,PLB,1376
15810,palembang,PLB,1376
15811,bumi_ayu,PLB,1376
15812,komering,PLB,1376
15813,lematang,PLB,1376
15814,lubai,PLB,1376
15815,pesagi,PLB,1376
15816,prabumulih,PLB,1376
15817,lake_ranau,,
15818,pagaruyung,SGT,1375
15819,inderapura,SGT,1375
15820,padang,SGT,1375
15821,pariaman,SGT,1375
15822,pasaman,SGT,1375
15823,solok,SGT,1375
15824,sontang,SGT,1375
15825,barisan_mountains1,,
15826,lake_maninjau,,
15827,lake_singkarak,,
15828,rengat,INR,1374
15829,baru,INR,1374
15830,kuantan_riau,INR,1374
15831,peranap,INR,1374
15832,talang_mamak,INR,1374
15833,tanjungpinang,SNG,2097
15834,anambas_islands,SNG,2097
15835,daik,SNG,2097
15836,natuna_islands,SNG,2097
15837,subi_islands,SNG,2097
15838,pangkalan_kerinci,ARU,1371
15839,gunung_sahilan,ARU,1371
15840,kampar,ARU,1371
15841,kuala_kampar,INR,1374
15842,pelalawan,ARU,1371
15843,singingi,ARU,1371
15844,riau_jungle,,
15845,luaha,,
15846,batu,,
15847,enggano,,
15848,sipura,,
15849,pagai,,
15850,siberut,,
15851,simeulue,,
15852,menggala,PLB,1376
15853,gunung_sugih,PLB,1376
15854,hulu_mesuji,PLB,1376
15855,kotabumi,PLB,1376
15856,mesuji,PLB,1376
15857,tiyuh_tuha,PLB,1376
15858,dharmasraya,SGT,1375
15859,batang_tabir,JMB,1368
15860,batang_tebo,JMB,1368
15861,karang_brahi,JMB,1368
15862,sungai_penuh,JMB,1368
15863,sungai_jujuhan,JMB,1368
15864,tembesi,JMB,1368
15865,barisan_mountains3,,
15866,bingin,PLB,1376
15867,hulu_musi,PLB,1376
15868,lakitan,PLB,1376
15869,leko,PLB,1376
15870,musi,PLB,1376
15871,tingkip,PLB,1376
15872,barren_island,,
15873,north_andaman,,
15874,nicobar,,
15875,car_nicobar,,
15876,south_andaman,,
15877,barus,BUS,1373
15878,natal,BUS,1373
15879,panyabungan,BUS,1373
15880,sibolga,BUS,1373
15881,sionomhudon,BUS,1373
15882,sorkam,BUS,1373
15883,deli,ARU,1371
15884,asahan,ARU,1371
15885,karo,ARU,1371
15886,kota_rentang,ARU,1371
15887,pakpak,ARU,1371
15888,perbaungan,ARU,1371
15889,silou,ARU,1371
15890,bandar_aceh,ATJ,1369
15891,linge,LGE,1377
15892,pasai,PSA,1370
15893,peureulak,PSA,1370
15894,semerlanga,PSA,1370
15895,sigli,PSA,1370
15896,tamiang,PSA,1370
15897,north_aceh_jungle,,
15898,lake_laut_tawar,,
15899,pannai,PNI,1372
15900,bahal,PNI,1372
15901,balige,PNI,1372
15902,bilah,PNI,1372
15903,kota_pinang,PNI,1372
15904,kualuh,PNI,1372
15905,tanjung_balai,PNI,1372
15906,lake_toba,,
15907,bagansiapipi,ARU,1371
15908,kubu_rokan,ARU,1371
15909,kunto,ARU,1371
15910,rokan,ARU,1371
15911,tambusai,ARU,1371
15912,tanah_putih,ARU,1371
15913,siak,ARU,1371
15914,bengkalis,ARU,1371
15915,buantan,ARU,1371
15916,dumai,ARU,1371
15917,sakai_riau,ARU,1371
15918,senapelan,ARU,1371
15919,daya,ATJ,1369
15920,calang,ATJ,1369
15921,gayo_lues,LGE,1377
15922,meulaboh,ATJ,1369
15923,singkil,BUS,1373
15924,susoh,ATJ,1369
15925,tapaktuan,ATJ,1369
15926,south_aceh_jungle,,
15927,riau_archipelago2,,
15928,karimata_strait1,,
15929,natuna_archipelago1,,
15930,subi_archipelago1,,
15931,cape_api,,
15932,sambas_estuary,,
15933,tambelan_archipelago1,,
15934,tambelan_archipelago2,,
15935,kapuas_delta,,
15936,cape_sipang,,
15937,south_china_sea6,,
15938,karimata_islands,,
15939,sukadana_bay,,
15940,cape_bawang,,
15941,air_hitam_bay,,
15942,kotawaringin_bay,,
15943,cape_siamok,,
15944,sampit_bay,,
15945,cape_selatan,,
15946,cape_kandanghaur,,
15947,sebuku_strait,,
15948,laut_strait,,
15949,adang_bay,,
15950,mahakam_delta,,
15951,sangkulirang_bay,,
15952,south_makassar_strait,,
15953,north_makassar_strait,,
15954,berau_delta,,
15955,sesayap_delta,,
15956,cowie_bay,,
15957,lahad_latu_bay,,
15958,sandakan_harbour,,
15959,paitan_bay,,
15960,kudat_peninsula,,
15961,kimanis_bay,,
15962,brunei_bay,,
15963,south_china_sea13,,
15964,south_china_sea14,,
15965,cape_baram,,
15966,cape_payong,,
15967,cape_kidurong,,
15968,cape_sink,,
15969,south_china_sea9,,
15970,south_china_sea10,,
15971,south_china_sea11,,
15972,cape_canding,,
15973,cape_pangkah,,
15974,gresik_island,,
15975,kangean_islands,,
15976,madura_strait,,
15977,sapudi_islands,,
15978,java_sea4,,
15979,java_sea5,,
15980,java_sea6,,
15981,java_sea7,,
15982,jakarta_bay,,
15983,eretan_bay,,
15984,cirebon_bay,,
15985,cape_korowelang,,
15986,jepara_archipelago,,
15987,cape_bendoh,,
15988,java_sea1,,
15989,java_sea2,,
15990,java_sea3,,
15991,penanjung_bay,,
15992,pelabuhan_ratu_bay,,
15993,southern_java_coast,,
15994,sumbreng_bay,,
15995,grajagan_bay,,
15996,indonesia_high_sea20,,
15997,indonesia_high_sea21,,
15998,indonesia_high_sea26,,
15999,indonesia_high_sea27,,
16000,lombok_strait,,
16001,bali_strait,,
16002,saleh_bay,,
16003,alas_strait,,
16004,sape_strait,,
16005,karosa_cape,,
16006,sumba_strait,,
16007,indonesia_high_sea28,,
16008,indonesia_high_sea29,,
16009,ngunju_cape,,
16010,outer_sawu_coast,,
16011,inner_sawu_coast,,
16012,rote_strait,,
16013,paluk_bay,,
16014,timor_strait,,
16015,wetar_strait,,
16016,indonesia_high_sea30,,
16017,indonesia_high_sea31,,
16018,roti_channel,,
16019,siripinang_cape,,
16020,southern_timor_coast,,
16021,leti_strait,,
16022,outer_babar_coast,,
16023,indonesia_high_sea32,,
16024,indonesia_high_sea33,,
16025,indonesia_high_sea34,,
16026,indonesia_high_sea35,,
16027,indonesia_high_sea36,,
16028,alor_strait,,
16029,cape_tujau,,
16030,damar_archipelago,,
16031,leti_archipelago,,
16032,ombai_strait,,
16033,pedang_bay,,
16034,palu_bay,,
16035,cape_bonemanjing,,
16036,cape_belangbelang,,
16037,cape_udung,,
16038,cape_rangas,,
16039,mandar_bay,,
16040,pabbiring_islands,,
16041,tanakeke_strait,,
16042,western_selayar_strait,,
16043,tanahjampea_island,,
16044,kalaotos_island,,
16045,kayuadi_island,,
16046,eastern_selayar_strait,,
16047,bone_bay,,
16048,mekkongo_bay,,
16049,buton_strait,,
16050,cape_permali,,
16051,binongko_island,,
16052,banda_sea1,,
16053,banda_sea2,,
16054,wakatobi_islands,,
16055,kalisusu_bay,,
16056,lasolo_bay,,
16057,tolo_bay,,
16058,melilis_island,,
16059,capalulu_strait,,
16060,seram_sea,,
16061,cape_akelamo,,
16062,south_buru_coast,,
16063,ambon_bay,,
16064,manipa_strait,,
16065,banda_sea3,,
16066,banda_sea4,,
16067,banda_sea5,,
16068,taluti_bay,,
16069,banda_archipelago,,
16070,gorong_islands,,
16071,waru_bay,,
16072,sawai_bay,,
16073,tobalai_strait,,
16074,kofiau_island,,
16075,bougainville_strait,,
16076,weda_bay,,
16077,buli_bay,,
16078,cape_saobas,,
16079,cape_lelai,,
16080,kao_bay,,
16081,morotai_strait,,
16082,obi_strait,,
16083,mayi_island,,
16084,dadinga_bay,,
16085,doi_island,,
16086,molucca_sea,,
16087,indonesia_high_sea49,,
16088,indonesia_high_sea50,,
16089,poso_bay,,
16090,tomini_bay,,
16091,cape_panjang,,
16092,togian_archipelago,,
16093,gorontalo_bay,,
16094,outer_tomini_bay,,
16095,peling_strait,,
16096,cape_flesko,,
16097,lembeh_island,,
16098,manado_bay,,
16099,tagulandang_strait,,
16100,amurang_bay,,
16101,cape_yombu,,
16102,dondo_bay,,
16103,celebes_sea1,,
16104,celebes_sea2,,
16105,celebes_sea3,,
16106,kai_archipelago,,
16107,aru_archipelago,,
16108,penambulai_island,,
16109,cape_lelar,,
16110,arafura_sea,,
16111,cape_olinder,,
16112,banda_sea6,,
16113,indonesia_high_sea37,,
16114,indonesia_high_sea38,,
16115,indonesia_high_sea39,,
16116,babuyan_channel,,
16117,batanes_archipelago,,
16118,bashi_channel,,
16119,iligan_point,,
16120,cape_bojeador,,
16121,dicapilarin_point,,
16122,cape_san_ildefonso,,
16123,south_china_sea45,,
16124,south_china_sea46,,
16125,japan_high_sea12,,
16126,indonesia_high_sea40,,
16127,indonesia_high_sea41,,
16128,dingalan_bay,,
16129,lantao_island,,
16130,lamon_bay,,
16131,san_miguel_bay,,
16132,yog_point,,
16133,lagonay_gulf,,
16134,batag_island,,
16135,indonesia_high_sea42,,
16136,indonesia_high_sea43,,
16137,gamay_bay,,
16138,matarinao_bay,,
16139,leyte_gulf,,
16140,siargao_island,,
16141,cauit_point,,
16142,lianga_bay,,
16143,cateel_bay,,
16144,indonesia_high_sea44,,
16145,indonesia_high_sea45,,
16146,indonesia_high_sea46,,
16147,indonesia_high_sea47,,
16148,mayo_bay,,
16149,tagloc_gulf,,
16150,sarangani_strait,,
16151,merampit_island,,
16152,marumung_bay,,
16153,moro_gulf,,
16154,sarangani_bay,,
16155,malatuna_point,,
16156,indonesia_high_sea48,,
16157,sibuguey_bay,,
16158,samales_islands,,
16159,tapul_group,,
16160,pangutaran_group,,
16161,basilan_strait,,
16162,coronado_point,,
16163,sindangan_bay,,
16164,south_sulu_sea,,
16165,cagayan_sulu,,
16166,sulu_sea,,
16167,bigan_gulf,,
16168,bohol_sea,,
16169,butuan_bay,,
16170,bohol_strait,,
16171,tanon_strait,,
16172,samar_sea,,
16173,visayan_sea,,
16174,san_bernandino_strait,,
16175,sibuyan_sea,,
16176,ragay_gulf,,
16177,tayabas_bay,,
16178,tablas_bay,,
16179,panay_gulf,,
16180,tolong_bay,,
16181,cagayancillo_island,,
16182,balabac_strait,,
16183,green_island_bay,,
16184,cape_buliluyan,,
16185,treacherous_bay,,
16186,elibinibid_point,,
16187,cuyo_west_passage,,
16188,mindoro_strait,,
16189,south_china_sea15,,
16190,south_china_sea16,,
16191,south_china_sea18,,
16192,south_china_sea21,,
16193,south_china_sea27,,
16194,south_china_sea28,,
16195,south_china_sea23,,
16196,south_china_sea25,,
16197,cape_calavite,,
16198,manila_bay,,
16199,cape_botolan,,
16200,dasol_bay,,
16201,south_china_sea32,,
16202,south_china_sea35,,
16203,south_china_sea31,,
16204,south_china_sea33,,
16205,cape_bolinao,,
16206,lingayen_gulf,,
16207,dile_point,,
16208,cape_culili,,
16209,south_china_sea37,,
16210,south_china_sea44,,
16211,south_china_sea40,,
16212,austen_harbour,,
16213,barren_island_coast,,
16214,woodmason_bay,,
16215,inner_nicobar_channel,,
16216,inner_sombrero_channel,,
16217,indonesia_high_sea4,,
16218,indonesia_high_sea5,,
16219,indonesia_high_sea6,,
16220,indonesia_high_sea7,,
16221,indonesia_high_sea8,,
16222,indonesia_high_sea9,,
16223,cape_bangsi,,
16224,aru_bay,,
16225,cape_tamiang,,
16226,cape_rajah,,
16227,malacca_passage,,
16228,cape_dahway,,
16229,rigah_bay,,
16230,indonesia_high_sea10,,
16231,indonesia_high_sea11,,
16232,cape_radja,,
16233,simalandan_bay,,
16234,cape_tua,,
16235,cape_lebang,,
16236,tapanuli_bay,,
16237,great_channel,,
16238,inner_siberut_strait,,
16239,indonesia_high_sea12,,
16240,indonesia_high_sea13,,
16241,outer_siberut_strait,,
16242,mentawai_strait1,,
16243,mentawai_strait2,,
16244,bungalaut_channel,,
16245,sikakap_strait,,
16246,indonesia_high_sea14,,
16247,indonesia_high_sea15,,
16248,indonesia_high_sea16,,
16249,kerbau_cape,,
16250,manna_point,,
16251,keneme_cape,,
16252,krui_bay,,
16253,sunda_strait,,
16254,cape_lajar,,
16255,indonesia_high_sea17,,
16256,indonesia_high_sea18,,
16257,indonesia_high_sea19,,
16258,tulangbawang_estuary,,
16259,cape_kait,,
16260,balok_bay,,
16261,bangka_strait,,
16262,gaspar_strait,,
16263,cape_garuh,,
16264,cape_pengal,,
16265,indragiri_estuary,,
16266,karimata_strait2,,
16267,kaya_bay,,
16268,sekanah_bay,,
16269,sanaga,,
16270,akonolinga,,
16271,abong,,
16272,bertoua,,
16273,kadey,,
16274,mambere,,
16275,baoro,,
16276,sangha,,
16277,boali,,
16278,mbaiki,,
16279,bangui,,
16280,bosobolo,,
16281,congo_jungle,,
16282,bouar,,
16283,pende,,
16284,moissala,,
16285,gbabiri,,
16286,ouham,,
16287,tiwal,,
16288,bahr_salamat,,
16289,birao,,
16290,salamat,,
16291,sarh,,
16292,aoukale,,
16293,iro_lake,,
16294,gribingui,,
16295,ndele,,
16296,ouaka,,
16297,krebedje,,
16298,bria,,
16299,djemah,,
16300,kotto,,
16301,mobaye,,
16302,uele_ca,,
16303,bomokandi,,
16304,isiro,,
16305,dungu,,
16306,ouara,DAJ,1243
16307,abesehir,DAJ,1243
16308,guereda,DAJ,1243
16309,hadjer_haddid,DAJ,1243
16310,am_dam,DAJ,1243
16311,yao,,
16312,mongo,,
16313,oum_hadjer,,
16314,am_djemena,,
16315,djedaa,,
16316,lake_fitri,,
16317,yola,,
16318,bi_pi,,
16319,pindiga,,
16320,rei_bouba,,
16321,kontcha,,
16322,lau,,
16323,ngaoundere,,
16324,tignere,,
16325,poli,,
16326,mandingring,,
16327,ngaoundaye,,
16328,meiganga,,
16329,bauchi,ZZZ,2264
16330,wukari,,
16331,kwararafa,,
16332,ibi,,
16333,pankshin,,
16334,nkambe,,
16335,lafia,,
16336,gaoui,,
16337,logone_birni,,
16338,moito,,
16339,dourbali,,
16340,bokoro,,
16341,massenya,,
16342,tele_nugar,,
16343,bousso,,
16344,guelengdeng,,
16345,lame,,
16346,binder,,
16347,bongor,,
16348,goundi,,
16349,doba,,
16350,mora_cam,,
16351,keraoua,,
16352,pouss,,
16353,maroua,,
16354,gembu,,
16355,mankon,,
16356,banyo,,
16357,bankim,,
16358,foumban,,
16359,bafoussam,,
16360,cameroon_mountains,,
16361,tibati,,
16362,mbakaou,,
16363,mbam,,
16364,yoko,,
16365,yambasa,,
16366,batchingou,,
16367,adyumba,,
16368,lambarene,,
16369,nguyi,,
16370,ngume,,
16371,rembo,,
16372,igumbi_andele,,
16373,bapunu,,
16374,ncomi,,
16375,lolo,,
16376,olenda,,
16377,conkouati,,
16378,kwilu,,
16379,nyanga,,
16380,sette,,
16381,loeme,,
16382,gabun,,
16383,ogoowe_kongo,,
16384,oyem,,
16385,bakele_kongo,,
16386,boowe,,
16387,berato,,
16388,seke_gabun,,
16389,mpongwe,,
16390,niefang_jungle,,
16391,sangmelima,,
16392,ambam,,
16393,ebibeyin,,
16394,mongomo,,
16395,evinayong,,
16396,mitsogo_kongo,,
16397,shake_kongo,,
16398,okanja,,
16399,banjabi,,
16400,bateke_kongo,,
16401,gabun_jungle,,
16402,massabo,,
16403,mayumba,,
16404,yumba,,
16405,ncando,,
16406,madembe,,
16407,makabana,,
16408,apinji,,
16409,lope,,
16410,assan,,
16411,lope_jungle,,
16412,waka_jungle,,
16413,ogowe,,
16414,mombote,,
16415,makaka,,
16416,lefini,,
16417,aduma,,
16418,djundu,,
16419,bobangi,,
16420,bobaka,,
16421,ganda,,
16422,mbaka_jungle,,
16423,sanga_pumbo,,
16424,pumbo,,
16425,monsol,,
16426,ubangi,,
16427,tumba_ikoko,,
16428,ngato,,
16429,ngabo,,
16430,nunu,,
16431,mai_ndombe,,
16432,boma,,
16433,lake_mai_ndombe,,
16434,chuapa,,
16435,fimi,,
16436,lokoro,,
16437,yans,,
16438,bankutu,,
16439,gabon_coast,,
16440,cape_lopez,,
16441,ogoowe_coast,,
16442,tassi_coast,,
16443,sette_coast,,
16444,ndongo_coast,,
16445,gamba_coast,,
16446,eastern_atlantic_highseas_1,,
16447,eastern_atlantic_highseas_2,,
16448,mayumba_coast,,
16449,congo_river_coast,,
16450,lucata_coast,,
16451,nzeto_coast,,
16452,eastern_atlantic_highseas_3,,
16453,eastern_atlantic_highseas_4,,
16454,luanda_coast,,
16455,cape_ledo_coast,,
16456,quiteta_coast,,
16457,gunza_coast,,
16458,mbegela_coast,,
16459,canhoca_coast,,
16460,eastern_atlantic_highseas_5,,
16461,eastern_atlantic_highseas_6,,
16462,eastern_atlantic_highseas_7,,
16463,lucira_cape,,
16464,amado_coast,,
16465,tombua_cape,,
16466,tigres_bay,,
16467,kunene_coast,,
16468,skeleton_coast,,
16469,fria_cape,,
16470,mowe_bay,,
16471,terrace_bay,,
16472,torra_bay,,
16473,eastern_atlantic_highseas_8,,
16474,eastern_atlantic_highseas_9,,
16475,african_high_sea1,,
16476,african_high_sea2,,
16477,african_high_sea3,,
16478,malemba,,
16479,cabinda_kongo,,
16480,loango,,
16481,piri,,
16482,bramas,,
16483,buali,,
16484,chiloango,,
16485,bungu_kongo,VUN,1530
16486,dingi,,
16487,manguenzo,,
16488,mindouli,,
16489,mbanza_soyo,,
16490,soyo,,
16491,ambrizete,,
16492,bumbe,,
16493,nbengo,,
16494,mbaba,,
16495,nogui,VUN,1530
16496,ndalatando,,
16497,luanda,,
16498,ambaca,,
16499,calumbo,,
16500,dondo,,
16501,muxima,,
16502,muxima_ayo,,
16503,demba,,
16504,chimuande,,
16505,mussul,,
16506,loge,,
16507,icalo,,
16508,cahenda,,
16509,ambriz,,
16510,nsolu,,
16511,mumbos,,
16512,imbangala,,
16513,bondo,,
16514,kassanje_malemba,,
16515,luquemba,,
16516,mecumba,,
16517,shanfana,,
16518,kusike,,
16519,kulembe,,
16520,tamba,,
16521,tende,,
16522,oacco,,
16523,samba_kongo,,
16524,kuido,,
16525,quibala,,
16526,ayo,,
16527,aco,,
16528,gunza_anbamba,,
16529,nanboa_angonga,,
16530,katobe_a_mubebe,,
16531,mussende,,
16532,egito,,
16533,karia,,
16534,longa,,
16535,ngololo,,
16536,libolo,,
16537,labolo,,
16538,amboim,,
16539,sumbis,,
16540,lucala,,
16541,kuneni,,
16542,pungo_ndongo,,
16543,kabafa,,
16544,malanji,,
16545,pende_kongo,,
16546,mbondo,,
16547,ndembo,,
16548,matamba,,
16549,tamba_ambriz,,
16550,pove,,
16551,mbangala,,
16552,berbela,,
16553,mbanza_mpemba,,
16554,dambi_angonga,,
16555,munza,,
16556,kuitonga,,
16557,sanga_kongo,,
16558,marimba,,
16559,mbanza_kongo,VNA,1533
16560,maguela,MPE,1532
16561,bembe_kongo,MPE,1532
16562,damba,MPE,1532
16563,ambuila,MPE,1532
16564,kibango,MOM,1536
16565,nkunga,MOM,1536
16566,cuilo,MOM,1536
16567,wandu,MPE,1532
16568,wembo,MPE,1532
16569,wizi,,
16570,mbridge,,
16571,oando,,
16572,kavanga,,
16573,amulaca,MOM,1536
16574,mbanza_mbata,MBT,1534
16575,masinga,NSU,1531
16576,mbanza_nsundi,NSU,1531
16577,cundi,MOM,1536
16578,mbanza_mpangu,MOM,1536
16579,ocanga,,
16580,bula_kongo,VUN,1530
16581,ngimbo_amburi,MOM,1536
16582,cuango,,
16583,bikoro,,
16584,north_juma,,
16585,muene_kwako,,
16586,south_juma,,
16587,kinguchi,,
16588,mfumu_bekussu,,
16589,kalala,,
16590,muene_ndinga,,
16591,muene_puto,,
16592,jaggas,,
16593,wambu,,
16594,popocabaca,,
16595,inzia,,
16596,kisakaba,,
16597,kwila,,
16598,bukino,,
16599,katara,,
16600,menas,,
16601,kapangombo,,
16602,namibe,,
16603,bakulabe,,
16604,upper_pinda,,
16605,lubango,,
16606,wila,,
16607,kassinga,,
16608,ngola,,
16609,kilenge,,
16610,matala,,
16611,kuindumba,,
16612,techamutete,,
16613,liroema,,
16614,gangela,,
16615,mussombo,,
16616,kindunda,,
16617,cuchi,,
16618,miongo,,
16619,menongue,,
16620,tongwe_ambwela,,
16621,ngongoa_moelo,,
16622,cuito,,
16623,moyenga,,
16624,mugumba,,
16625,katiba,,
16626,cahama,,
16627,chibemba,,
16628,humbe,,
16629,karunga,,
16630,ondjiva,,
16631,kafima,,
16632,chitanda,,
16633,cuvenai,,
16634,ondonga,,
16635,molomo,,
16636,kabango,,
16637,omuskira,,
16638,klendela,,
16639,mojenga,,
16640,ombongo,,
16641,cuangar,,
16642,matumbo,,
16643,okavango,,
16644,ovimbundu_kongo,,
16645,kuemgo,,
16646,kuilembi,,
16647,huambo,,
16648,cuima,,
16649,caconda,,
16650,dumbo,,
16651,sambo,,
16652,kioko,,
16653,bailundo,,
16654,kapela,,
16655,kuito,,
16656,kikalla,,
16657,mbwela_kabango,,
16658,kanjamba,,
16659,daba_akanda,,
16660,kinge,,
16661,jagga_kalemba,,
16662,ndombe,,
16663,mani_kikongo,,
16664,lobito,,
16665,mbegela,,
16666,luache,,
16667,kikamba,,
16668,quilongues,,
16669,katumbele,,
16670,mani_kinsomba,,
16671,kolonbelle,,
16672,kuimbondos,,
16673,kalanga,,
16674,kassai,,
16675,nguff,,
16676,sainiambu,,
16677,kiluata,,
16678,lucapa,,
16679,muata_musembo,,
16680,kisenge,,
16681,sakambunje,,
16682,minungo,,
16683,kafsanji,,
16684,makunda,,
16685,kakoba,,
16686,lubalo,,
16687,tala_mugongo,,
16688,muconda,,
16689,saurimo,,
16690,mulunda,,
16691,kimbundu,,
16692,kajenje,,
16693,jonga_pansa,,
16694,south_letota,,
16695,north_letota,,
16696,lwena,,
16697,lumeje,,
16698,kibau,,
16699,kalala_kazemba,,
16700,njambi,,
16701,kasesi,,
16702,katende,,
16703,kadinbola,,
16704,kisenga,,
16705,masiko,,
16706,cazombo,,
16707,nana_kandungu,,
16708,liambye,,
16709,lumbala,,
16710,kalomo,,
16711,lumbala_nguimbo,,
16712,luchaze,,
16713,mosiko,,
16714,mboma_kongo,,
16715,libonta,,
16716,nariele,,
16717,linyanti,,
16718,kaonde,,
16719,barotse_kongo,,
16720,kifumaji,,
16721,sekkosi,,
16722,saluma,,
16723,kueshi,,
16724,kangamba,,
16725,bacuma,,
16726,moena_kalengo,,
16727,zambesia_katongo,,
16728,mabunda,,
16729,marimbi,,
16730,sesheke,,
16731,fundeku,,
16732,kafuta,,
16733,chioata,,
16734,nana_kahinga,,
16735,loamba,,
16736,nkata,,
16737,barotse_mabunda,,
16738,monzes,,
16739,shoma,,
16740,kazungala,,
16741,majili,,
16742,lumbi,,
16743,lukana,,
16744,lualula,,
16745,dumba_katola,,
16746,kassongo,,
16747,mavinga,,
16748,baviko,,
16749,lemone,,
16750,mucusso,,
16751,nangana,,
16752,kmito,,
16753,malunga,,
16754,kinhama,,
16755,kakenje,,
16756,loengowe,,
16757,namieta,,
16758,nalolo,,
16759,njoko,,
16760,bombwi,,
16761,liova,,
16762,katima,,
16763,mamele,,
16764,sioma,,
16765,kassengue,,
16766,kilemba,,
16767,songye_kongo,,
16768,mukalombo,,
16769,north_pumpu,,
16770,south_pumpu,,
16771,kutema_museya,,
16772,tchikunga,,
16773,hemtine,,
16774,kiendela,,
16775,baluba,,
16776,chamuhongo,,
16777,moana_muafi,,
16778,pimpu,,
16779,batubenge,,
16780,lupungu,,
16781,lusambo_qandu,,
16782,golo_muiassa,,
16783,lukassi,,
16784,mussimi,,
16785,moana_mussumba,,
16786,ankoro,,
16787,moana_mpafu,,
16788,molundu,,
16789,kirira,,
16790,nyangwe,,
16791,mweru,,
16792,lusongui,,
16793,tchafolonguta,,
16794,kazembe,,
16795,mongoffa,,
16796,kuzinde,,
16797,garengaze,,
16798,lake_kisale,,
16799,lake_upemba,,
16800,lake_mweru,,
16801,kadinga,,
16802,mussumba,,
16803,umballa,,
16804,kabebe,,
16805,lubudi,,
16806,msassa,,
16807,kagoma,,
16808,kazaidi,,
16809,lualaba,,
16810,difunda,,
16811,shana_bukanda,,
16812,cuoim,,
16813,kalengue,,
16814,kikongoluka,,
16815,mukurru_bunkela,,
16816,olohose,,
16817,kalassa,,
16818,uemba,,
16819,moona_mpanda,,
16820,kaluba,,
16821,kafaila,,
16822,kinyama,,
16823,kua_luziga,,
16824,katanga,,
16825,mulilimu,,
16826,ntenke,,
16827,kahinga,,
16828,bashukulumbwe,,
16829,soba_gawe,,
16830,longamo,,
16831,kushita,,
16832,kitungula,,
16833,kabinda,,
16834,muana,,
16835,kisomba,,
16836,komango,,
16837,mere_mere,,
16838,kalambo,,
16839,masantu,,
16840,chungu,,
16841,kasenga,,
16842,bamgweolo,,
16843,susunswe,,
16844,lake_bangweulu,,
16845,semalembue,,
16846,minenga,,
16847,kamimbe,,
16848,sitanda,,
16849,matimba,,
16850,chorumani,,
16851,boruma,,
16852,chirowe,,
16853,kwakanyesha,,
16854,msire,,
16855,manica,,
16856,kwa_chavira,,
16857,lussuna,,
16858,dibue,,
16859,dumbi,,
16860,kitete,,
16861,lukulunga,,
16862,kassali,,
16863,tetela_boa,,
16864,ikongo_boa,,
16865,lubefu,,
16866,pambala,,
16867,pende_kwila,,
16868,buassa,,
16869,lubue,,
16870,bendi,,
16871,gana_damate,,
16872,mabale,,
16873,lukenie,,
16874,bojamba,,
16875,kikassa,,
16876,kangule,,
16877,lindi_kwila,,
16878,tumba,,
16879,luebo,,
16880,bag_ngula,,
16881,bakongo,,
16882,bumbuli,,
16883,chibango,,
16884,bayombe,,
16885,kubar,ETH,1213
16886,aheyya_fagg,ETH,1213
16887,gannata_giyorgis,ETH,1213
16888,tadbaba,ETH,1213
16889,north_east_ethiopian_mountains,,
16890,ankober,ETH,1213
16891,gendebelo,ETH,1213
16892,kombolcha,ETH,1213
16893,nora_eth,ETH,1213
16894,gonder,ETH,1213
16895,tsana,ETH,1213
16896,debre_tabor,ETH,1213
16897,lake_tana,,
16898,manadeley,DBE,1211
16899,afrera,AFA,1218
16900,amora_gadal,DBE,1211
16901,chercher,DBE,1211
16902,hayq,DBE,1211
16903,lalibela,ETH,1213
16904,antalo,ETH,1213
16905,sokota,ETH,1213
16906,asaita,IFA,1226
16907,killelu,IFA,1226
16908,mora_eth,IFA,1226
16909,waldeba,ETH,1213
16910,debarq,ETH,1213
16911,kosoge,ETH,1213
16912,debre_libanos,ETH,1213
16913,ambat,ETH,1213
16914,badabedi,ETH,1213
16915,debra_berhan,ETH,1213
16916,wej,ETH,1213
16917,tadjoura,AFA,1218
16918,assab,AFA,1218
16919,balho,AFA,1218
16920,obock,AFA,1218
16921,rahayta,AFA,1218
16922,zula,QTA,1242
16923,debre_bizen,MED,1215
16924,dekemhare,MED,1215
16925,massawa,JRN,1240
16926,dahlak,DHK,1222
16927,nafka,JRN,1240
16928,eritrean_mountains,,
16929,tesenei,BZN,1239
16930,bazin,BZN,1239
16931,tembesha,BZN,1239
16932,northern_ethiopian_mountains,,
16933,bayul,AFA,1218
16934,buri,QTA,1242
16935,dallol,AFA,1218
16936,edd,AFA,1218
16937,horn_deserts,,
16938,mekele,ETH,1213
16939,abala,ETH,1213
16940,adigrat,ETH,1213
16941,agula,ETH,1213
16942,asmara,MED,1215
16943,agordat,BQL,1238
16944,keren,MED,1215
16945,debarwa,MED,1215
16946,mendefera,MED,1215
16947,senafe,ETH,1213
16948,yeha,ETH,1213
16949,axum,ETH,1213
16950,abiy_addi,ETH,1213
16951,adwa,ETH,1213
16952,shire,ETH,1213
16953,maldarede,ETH,1213
16954,bilo,ENN,1210
16955,gambo,ETH,1213
16956,hirmata,ENN,1210
16957,agaro,ENN,1210
16958,ilimo,ENN,1210
16959,lieka,ENN,1210
16960,saqqa,ENN,1210
16961,dima,ETH,1213
16962,bahir_dar,ETH,1213
16963,dangila,ETH,1213
16964,debra_warq,ETH,1213
16965,enjebara,ETH,1213
16966,ethiopian_mountains,,
16967,hadiya,HDY,1225
16968,fofa,HDY,1225
16969,jibat,HDY,1225
16970,worabe,ETH,1213
16971,central_west_ethiopian_mountains,,
16972,gilgel_beles,,
16973,chilga,,
16974,guba,,
16975,barara,ETH,1213
16976,sharka,DAW,1224
16977,ziqwala,ETH,1213
16978,central_east_ethiopian_mountains,,
16979,bonga,DAM,1209
16980,bossa,ETH,1213
16981,gamo,,
16982,konso,,
16983,omo,,
16984,soddo,DAM,1209
16985,south_west_ethiopian_mountains,,
16986,fazughli,,
16987,gimbi,,
16988,nekemte,,
16989,atbara,ALO,1236
16990,anseba,BQL,1238
16991,kassala,ALO,1236
16992,khawr_baraka,BQL,1238
16993,khawr_nubt,NQS,1241
16994,soba,ALO,1236
16995,ed_damer,ABW,1235
16996,qerri,ALO,1236
16997,shendi,ABW,1235
16998,sennar,ALO,1236
16999,alays,ALO,1236
17000,arbaji,ALO,1236
17001,el_manaqil,ALO,1236
17002,wad_madani,ALO,1236
17003,el_gadarif,ALO,1236
17004,al_matamma,ALO,1236
17005,branko,ALO,1236
17006,el_eleila,ALO,1236
17007,quz_rajab,ALO,1236
17008,singa,ALO,1236
17009,al_rusayrisi,,
17010,dabarqi,,
17011,karkuj,ALO,1236
17012,renk,,
17013,el_obeid,DAJ,1243
17014,barah,DAJ,1243
17015,dilling,DAJ,1243
17016,kadugli,DAJ,1243
17017,kosa,ALO,1236
17018,nuba_sud,,
17019,teqali,DAJ,1243
17020,waylula,ALO,1236
17021,wadi_el_melik,MAK,1237
17022,zankor,DAJ,1243
17023,ain_farah,DAJ,1243
17024,kabsoru,DAJ,1243
17025,kebkabiya,DAJ,1243
17026,kujunung,DAJ,1243
17027,mornei,DAJ,1243
17028,towing,DAJ,1243
17029,uri,DAJ,1243
17030,masa_sud,DAJ,1243
17031,ed_daein,DAJ,1243
17032,malha,DAJ,1243
17033,nyala,DAJ,1243
17034,shakka,DAJ,1243
17035,taweisha,DAJ,1243
17036,wara,DAJ,1243
17037,fashoda,,
17038,assosa,,
17039,gambela,,
17040,gore,,
17041,kaka,,
17042,naser,,
17043,pibor,,
17044,sobat,,
17045,bayyu,,
17046,kafia_kinji,,
17047,meshra_er_req,,
17048,rumbek,,
17049,said_bundas,,
17050,shambe,,
17051,wau,,
17052,lado,,
17053,bor,,
17054,gondokoro,,
17055,kangen,,
17056,madi,,
17057,rejaf,,
17058,tambura,,
17059,yambio,,
17060,ed_debba,MAK,1237
17061,al_jeblien,MAK,1237
17062,el_metemma,ABW,1235
17063,korti,MAK,1237
17064,omdurman,ALO,1236
17065,shemkhiya,MAK,1237
17066,dongola,MAK,1237
17067,abu_hamed,MAK,1237
17068,berber,MAK,1237
17069,kerma,MAK,1237
17070,karima,MAK,1237
17071,faras,MAK,1237
17072,daw_sud,MAK,1237
17073,kalabsha,MAK,1237
17074,qasr_ibrim,MAK,1237
17075,sai,MAK,1237
17076,west_nubian_desert,,
17077,suakin,SKN,1138
17078,aydhab,BKZ,1135
17079,badi,JRN,1240
17080,deraheib,BKZ,1135
17081,horn_desert_corridor1,,
17082,horn_desert_corridor2,,
17083,horn_desert_corridor3,,
17084,south_eastern_desert,,
17085,east_nubian_desert,,
17086,selima,MAK,1237
17087,connector_egypt5,,
17088,connector_egypt13,,
17089,sahel_corridor26,,
17090,sahel_corridor27,,
17091,sahel_corridor28,,
17092,sahel_corridor29,,
17093,sahel_corridor30,,
17094,erg_selima,,
17095,south_western_desert,,
17096,harar,HRL,1227
17097,arabi,IFA,1226
17098,awbare,IFA,1226
17099,dakkar,IFA,1226
17100,dire_dawa,IFA,1226
17101,jeldesa,IFA,1226
17102,sheikh_hussein,DAW,1224
17103,bale,BLE,1221
17104,goba,BLE,1221
17105,seru,ETH,1213
17106,south_east_ethiopian_mountains,,
17107,kelafo,AJU,1230
17108,aware,IFA,1226
17109,buhoodle,IFA,1226
17110,degehabur,IFA,1226
17111,el_dhere,AJU,1230
17112,geledi,IFA,1226
17113,gode,IFA,1226
17114,hargaya,IFA,1226
17115,limey,IFA,1226
17116,oodweyne,IFA,1226
17117,tulu_walal,,
17118,dolo,,
17119,harro_walabu,ETH,1213
17120,liban,,
17121,mormor,BLE,1221
17122,tulu_nama_dun,,
17123,haylan,WAR,1233
17124,burao,IFA,1226
17125,erigavo,WAR,1233
17126,garoowe,IFA,1226
17127,maduna,IFA,1226
17128,qardho,IFA,1226
17129,somalian_mountains,,
17130,berbera,IFA,1226
17131,el_darad,IFA,1226
17132,fardawsa,IFA,1226
17133,ruguda,IFA,1226
17134,siyara,IFA,1226
17135,xagal,IFA,1226
17136,zeila,IFA,1226
17137,ali_sabieh,IFA,1226
17138,amud,IFA,1226
17139,el_sheikh,IFA,1226
17140,hargeisa,IFA,1226
17141,bosaso,WAR,1233
17142,el_ayum,WAR,1233
17143,las_khorey,WAR,1233
17144,maydh,WAR,1233
17145,alula,TDE,1234
17146,bandarbeyla,IFA,1226
17147,barbacadle,IFA,1226
17148,bargaal,TDE,1234
17149,qandala,TDE,1234
17150,ras_hafun,TDE,1234
17151,hobyo,AJU,1230
17152,garacad,IFA,1226
17153,harardhere,AJU,1230
17154,mareeg,AJU,1230
17155,warsheikh,AJU,1230
17156,mogadishu,MDI,1232
17157,barawa,AJU,1230
17158,haranka,AJU,1230
17159,merca,AJU,1230
17160,qoryooley,AJU,1230
17161,kismayo,AJU,1230
17162,afmadow,AJU,1230
17163,bardera,AJU,1230
17164,buale,AJU,1230
17165,garbahare,AJU,1230
17166,jilib,AJU,1230
17167,luuq,AJU,1230
17168,dusmareb,AJU,1230
17169,awrtable,IFA,1226
17170,ceeldheer,AJU,1230
17171,el_buur,AJU,1230
17172,el_hamurre,IFA,1226
17173,galkayo,IFA,1226
17174,baidoa,AJU,1230
17175,beledweyne,AJU,1230
17176,buur_hakaba,AJU,1230
17177,buur_heybe,AJU,1230
17178,hudur,AJU,1230
17179,jowhar,AJU,1230
17180,maxaas,AJU,1230
17181,guardafui_channel,,
17182,cape_hafun,,
17183,cape_machar,,
17184,coast_punt,,
17185,ilig_cape,,
17186,mudug_coast,,
17187,african_high_sea66,,
17188,african_high_sea67,,
17189,african_high_sea68,,
17190,african_high_sea69,,
17191,banaadir_coast,,
17192,shabelle_coast,,
17193,coast_jubaland,,
17194,cabdi_cape,,
17195,mareeg_coast,,
17196,warsheikh_coast,,
17197,cadde_cape,,
17198,african_high_sea62,,
17199,african_high_sea63,,
17200,african_high_sea64,,
17201,african_high_sea65,,
17202,rendille,,
17203,daasanach,,
17204,gabra,,
17205,maasai,,
17206,samburu,,
17207,sanye,,
17208,central_dahalo,,
17209,garreh,,
17210,north_dahalo,,
17211,north_sakuye,,
17212,south_sakuye,,
17213,ujiji,,
17214,ruguru,,
17215,tongwe,,
17216,uvinza,,
17217,lake_tanganyika,,
17218,east_konongo,,
17219,kazeh,,
17220,north_kimbu,,
17221,urambo,,
17222,west_konongo,,
17223,msene,,
17224,nyamwezi,,
17225,shubi,,
17226,sumbwa,,
17227,datooga,,
17228,east_wembere,,
17229,iraqw,,
17230,west_wembere,,
17231,lake_eyasi,,
17232,lake_manyara,,
17233,msinja,,
17234,kasungu,,
17235,mchinji,,
17236,mankhamba,,
17237,tumbuka,,
17238,choma,,
17239,lake_malawi,,
17240,bungu,,
17241,east_kimbu,,
17242,west_kimbu,,
17243,mwamasapa,,
17244,nyakyusa,,
17245,pangwa,,
17246,kipengere_range,,
17247,ivuna,,
17248,fipa,,
17249,kala,,
17250,kirando,,
17251,lake_rukwa,,
17252,ngikwatela,,
17253,ngilukumong,,
17254,ngiyepakuno,,
17255,ngisir,,
17256,lake_turkana,,
17257,deloraine,,
17258,engeruka,,
17259,omotik,,
17260,east_african_mountains,,
17261,lake_natron,,
17262,ilchamu,,
17263,ngibelai,,
17264,ngisonyoka,,
17265,pokot,,
17266,acholi,,
17267,karamoja,,
17268,pubungu,,
17269,teso,,
17270,kibengo,KIT,595
17271,kibiro,,
17272,mubemde,KIT,595
17273,rugombe,KIT,595
17274,lake_albert,,
17275,bigo_bya_mugenyi,KIT,595
17276,buddu,BUG,598
17277,katwe,,
17278,rubaga,BUG,598
17279,bugara,,
17280,buzanga,,
17281,haya,,
17282,isinguro,,
17283,ndorwa,,
17284,lake_edward,,
17285,jita,,
17286,joluo,,
17287,kuria,,
17288,mumias,WNA,596
17289,west_eastern_rift_mountains,,
17290,ewina,,
17291,kagaye,,
17292,north_wembere,,
17293,mirama,,
17294,mugamba,,
17295,nduga,,
17296,nikoma,,
17297,uvira,,
17298,western_rift_mountains,,
17299,lake_kivu,,
17300,buganda,BUG,598
17301,busoga,,
17302,lango,,
17303,north_buganda,,
17304,pawir,,
17305,lake_victoria,,
17306,lake_kyoga,,
17307,batete,,
17308,pere,,
17309,komo_kongo,,
17310,lega_kongo,,
17311,bembe_buyu,,
17312,baraka,,
17313,kibanga,,
17314,sikasingo,,
17315,zimba,,
17316,kusu_mangbetu,,
17317,nguera,,
17318,moana_kassongo,,
17319,kabambare,,
17320,urua,,
17321,mpueto,,
17322,moma_katwoi,,
17323,mwangulla,,
17324,kundi,,
17325,mpota,,
17326,mpala,,
17327,lukuga,,
17328,miketo,,
17329,lambo,,
17330,mtowa,,
17331,akilonda,,
17332,kiponguve,,
17333,makenenga,,
17334,muichi,,
17335,lubile,,
17336,luapula,,
17337,msoro,,
17338,pemba,,
17339,chitambo,,
17340,msiri,,
17341,moira,,
17342,itaboa,,
17343,lokera,,
17344,bisa,,
17345,kasembe,,
17346,chinunga,,
17347,kombomba,,
17348,moma_moamba,,
17349,molumbo,,
17350,msire_zambia,,
17351,mucajama,,
17352,chitimbe,,
17353,mpanda,,
17354,kabunda,,
17355,chilwe,,
17356,mgosas,,
17357,nyena_kapemba,,
17358,kafimbi,,
17359,mlungo,,
17360,kabuta,,
17361,chitope,,
17362,lake_mweru_wantipa,,
17363,bajone,,
17364,east_lomwe,,
17365,moma,,
17366,tokoto,,
17367,mozambique,MOZ,554
17368,angoche,AGH,555
17369,chakota,,
17370,muhekani,,
17371,sangage,,
17372,quelimane,QLM,556
17373,boror,,
17374,macuze,,
17375,tacuane,,
17376,west_lomwe,,
17377,kisimani_mafia,ZAN,534
17378,kisiju,ZAN,534
17379,mitimiri,ZAN,534
17380,kilwa_kisiwani,ZAN,534
17381,east_ngindo,,
17382,songo_mnara,ZAN,534
17383,kutu,,
17384,mbinga,,
17385,sagara,,
17386,east_gogo,,
17387,east_hehe,,
17388,west_gogo,,
17389,west_hehe,,
17390,lake_sulunga,,
17391,mbunga,,
17392,north_ngindo,,
17393,pogoro,,
17394,west_ngindo,,
17395,gomene,ZAN,534
17396,east_makhuwa,,
17397,memba,ZAN,534
17398,nacala,ZAN,534
17399,saaka,,
17400,lindi,ZAN,534
17401,mikindani,ZAN,534
17402,tungi,ZAN,534
17403,vamizi,ZAN,534
17404,north_meetto,,
17405,central_meetto,,
17406,east_yao,,
17407,south_yao,,
17408,ibo,ZAN,534
17409,makonde,,
17410,somana,ZAN,534
17411,south_meetto,,
17412,north_shirima,,
17413,nyani,,
17414,south_shirima,,
17415,west_makhuwa,,
17416,lake_chilwa,,
17417,matengo,,
17418,nindi,,
17419,north_yao,,
17420,nyanja,,
17421,west_yao,,
17422,lamu,LAM,542
17423,ungwana,UGW,541
17424,pate,PTE,535
17425,rasini,AJU,1230
17426,mombasa,MBA,539
17427,malindi,MLI,536
17428,mambrui,,
17429,gedi,GED,540
17430,east_ongamo,,
17431,tiva,,
17432,machame,,
17433,taita,,
17434,west_ongamo,,
17435,agikuyu,,
17436,kitui,,
17437,oda_boru_ruva,,
17438,south_dahalo,,
17439,wenje,,
17440,tanga,ZAN,534
17441,mkwaja,ZAN,534
17442,pangani,ZAN,534
17443,usambara,,
17444,vumba_kuu,ZAN,534
17445,zigula,,
17446,bagamoyo,ZAN,534
17447,dakawa,,
17448,misasa,,
17449,utondwe,ZAN,534
17450,arusha,,
17451,east_aasax,,
17452,shambala,,
17453,usangi,,
17454,west_aasax,,
17455,burunge,,
17456,idodomya,,
17457,mpwapwa,,
17458,sandawe,,
17459,zanzibar,ZZB,552
17460,dar_es_salaam,ZAN,534
17461,ras_mkumbuu,PEM,551
17462,pemba_island,,
17463,pemba_channel,,
17464,mombasa_island,,
17465,mouth_jubba,,
17466,giuba_island,,
17467,cape_kaambooni,,
17468,pate_island,,
17469,african_high_sea59,,
17470,african_high_sea60,,
17471,african_high_sea61,,
17472,nzwani,,
17473,ngazidja,BMB,553
17474,maore,,
17475,al_khadra,,
17476,seychelles,,
17477,aldabra_island2,,
17478,moheli_island,,
17479,mwali_island,,
17480,njazidja_channel,,
17481,indian_ocean2,,
17482,indian_ocean3,,
17483,african_high_sea39,,
17484,african_high_sea40,,
17485,african_high_sea41,,
17486,african_high_sea42,,
17487,zanzibar_island,,
17488,zanzibar_channel,,
17489,mafia_channel,,
17490,mafia_island,,
17491,kilwa_island,,
17492,ruvuma_bay,,
17493,indian_ocean1,,
17494,african_high_sea58,,
17495,narindra_bay,,
17496,mahajambe_bay,,
17497,bombetoka_bay,,
17498,saint_andre_cape,,
17499,korika_bay,,
17500,barren_islands,,
17501,mania_delta,,
17502,mozambique_channel3,,
17503,mozambique_channel10,,
17504,cabo_delgado,,
17505,pemba_bay,,
17506,fernao_veloso_bay,,
17507,mozambique_island,,
17508,angoche_island,,
17509,mozambique_channel1,,
17510,mozambique_channel2,,
17511,mozambique_channel4,,
17512,andranosoa,,
17513,ambovontany,ABV,577
17514,fort_dauphin,,
17515,manambato,,
17516,talaky,,
17517,tsiveri,,
17518,vohipeno,ZFI,576
17519,ikongo,,
17520,manabondro,MBD,578
17521,masindrano,,
17522,rasanga,,
17523,maroantsetra,,
17524,antalaha,,
17525,bemanevika,BMK,575
17526,fahambahy,,
17527,fenoarivo_east,,
17528,sandrakatsy,,
17529,tintingue,,
17530,toamasina,,
17531,manahoro,,
17532,andevoranto,,
17533,mahaela,,
17534,vatomandry,,
17535,fianarantsoa,,
17536,ambositra,,
17537,ikalamavony,,
17538,midongy,,
17539,ambatondrazaka,,
17540,ambohidray,,
17541,moramanga,,
17542,tsilalanarivo,,
17543,ihosy,,
17544,betroka,,
17545,ivohibe,,
17546,ranohira,,
17547,teniky,,
17548,antananarivo,,
17549,ambatomanoina,,
17550,ankazobe,,
17551,antsiroamandidy,,
17552,fenoarivo,,
17553,kavitaha,,
17554,vohimasina,,
17555,nosy_bali,,
17556,andranomavo,,
17557,besalampy,,
17558,vilamatsa,,
17559,vohemar,VOH,543
17560,ambilobe,,
17561,irodo,IRD,574
17562,boeny,NYM,544
17563,andranoboka,,
17564,antetikala,,
17565,antsohihy,AHY,572
17566,kingany,,
17567,mahilaka,MHL,573
17568,mahajanga,NTL,570
17569,marovoay,,
17570,nosy_be,,
17571,sada,,
17572,maevatanana,,
17573,ambalanjakomby,,
17574,ambolosy,,
17575,ampotaka,,
17576,manoninerina,,
17577,tsarahafatra,,
17578,manditsara,,
17579,bealanana,,
17580,befandriana,,
17581,bengoala,,
17582,tsaratanana,,
17583,sahadia,,
17584,ankavandra,,
17585,beanka,,
17586,maintirano,MTO,571
17587,toliara,,
17588,andasy_merine,,
17589,enijo,,
17590,soalara,,
17591,taolambiby,,
17592,maneva,,
17593,bengy,,
17594,mahabo,,
17595,malaimbandy,,
17596,miandrivazo,,
17597,nosy_ampela,,
17598,rezoky,,
17599,tsimanandrafozana,,
17600,mauritius,,
17601,rodrigues,,
17602,reunion,,
17603,manarivo_bay,,
17604,mouth_mananara,,
17605,mananjary_estuary,,
17606,betsimisaraka_coast,,
17607,mauritius_island1,,
17608,rodrigues_island,,
17609,reunion_island2,,
17610,african_high_sea29,,
17611,african_high_sea30,,
17612,african_high_sea31,,
17613,african_high_sea32,,
17614,african_high_sea43,,
17615,african_high_sea44,,
17616,african_high_sea45,,
17617,african_high_sea46,,
17618,african_high_sea47,,
17619,african_high_sea48,,
17620,african_high_sea49,,
17621,african_high_sea50,,
17622,african_high_sea51,,
17623,african_high_sea52,,
17624,african_high_sea53,,
17625,african_high_sea54,,
17626,african_high_sea55,,
17627,african_high_sea56,,
17628,african_high_sea57,,
17629,mouth_rianila,,
17630,tintingue_bay,,
17631,sainte_marie_island,,
17632,antongil_bay,,
17633,african_high_sea33,,
17634,african_high_sea34,,
17635,est_cape,,
17636,mouth_benarivo,,
17637,antsiranana_bay,,
17638,ambre_cape,,
17639,ambaro_bay,,
17640,african_high_sea35,,
17641,african_high_sea36,,
17642,african_high_sea37,,
17643,african_high_sea38,,
17644,islands_of_crabs,,
17645,saint_vincent_cape,,
17646,saint_augustin_bay,,
17647,mahafaly_coast,,
17648,masikora_cape,,
17649,sainte_marie_cape,,
17650,bay_tolanaro,,
17651,mozambique_channel11,,
17652,mozambique_channel12,,
17653,african_high_sea25,,
17654,african_high_sea26,,
17655,african_high_sea27,,
17656,african_high_sea28,,
17657,alexandria,MAM,1137
17658,el_alamein,MAM,1137
17659,matruh,MAM,1137
17660,sallum,MAM,1137
17661,lake_maryut,,
17662,damanhur,MAM,1137
17663,ramsis,MAM,1137
17664,kharibta,MAM,1137
17665,rashid,MAM,1137
17666,tarrana,MAM,1137
17667,wadi_el_natrun,MAM,1137
17668,connector_egypt11,,
17669,nitrian_desert,,
17670,dakahla,MAM,1137
17671,damietta,MAM,1137
17672,mansoura,MAM,1137
17673,tinnis,MAM,1137
17674,ushmum_tannah,MAM,1137
17675,lake_manzala,,
17676,el_mahalla,MAM,1137
17677,al_mima,MAM,1137
17678,el_burullus,MAM,1137
17679,fuwa,MAM,1137
17680,samanoud,MAM,1137
17681,tidah,MAM,1137
17682,lake_burullus,,
17683,lake_idku,,
17684,cairo,MAM,1137
17685,atfih,MAM,1137
17686,giza,MAM,1137
17687,menouf,MAM,1137
17688,qalyub,MAM,1137
17689,bilbeis,MAM,1137
17690,faqus,MAM,1137
17691,kafr_saqr,MAM,1137
17692,suez,MAM,1137
17693,great_bitter_lake,,
17694,connector_egypt17,,
17695,asyut,MAM,1137
17696,el_balyana,MAM,1137
17697,el_buwit,MAM,1137
17698,akhmim,MAM,1137
17699,el_bahnasa,MAM,1137
17700,beni_suef,MAM,1137
17701,faiyum,MAM,1137
17702,sharuna,MAM,1137
17703,lake_qarun,,
17704,minya,MAM,1137
17705,ashmunayn,MAM,1137
17706,manfalut,MAM,1137
17707,tahna,MAM,1137
17708,connector_egypt9,,
17709,north_western_desert,,
17710,qus,MAM,1137
17711,aswan,BKZ,1135
17712,edfu,MAM,1137
17713,esna,MAM,1137
17714,qena,MAM,1137
17715,hiw,MAM,1137
17716,kom_ombo,BKZ,1135
17717,connector_egypt6,,
17718,connector_egypt8,,
17719,connector_egypt10,,
17720,connector_egypt12,,
17721,connector_egypt16,,
17722,eastern_desert,,
17723,western_desert,,
17724,el_qoseir,MAM,1137
17725,ras_gharib,MAM,1137
17726,safaga,MAM,1137
17727,saint_anthony,MAM,1137
17728,saint_paul_anchorite,MAM,1137
17729,north_eastern_desert,,
17730,kharga,MAM,1137
17731,bahariyya,MAM,1137
17732,baris,MAM,1137
17733,el_qasr,MAM,1137
17734,qasr_farafra,MAM,1137
17735,siwa,MAM,1137
17736,lake_el_rayan,,
17737,connector_egypt1,,
17738,connector_egypt2,,
17739,connector_egypt3,,
17740,connector_egypt4,,
17741,connector_egypt7,,
17742,connector_libya7,,
17743,connector_libya14,,
17744,connector_libya16,,
17745,calansho_sand_sea,,
17746,great_sand_sea,,
17747,al_bayda,BQA,1134
17748,derna,BQA,1134
17749,tmimi,BQA,1134
17750,tobruk,MAM,1137
17751,benghazi,BQA,1134
17752,ajdabiya,BQA,1134
17753,barca,BQA,1134
17754,el_agheila,BQA,1134
17755,qaminis,BQA,1134
17756,mechili,BQA,1134
17757,al_khuimat,BQA,1134
17758,msus,BQA,1134
17759,suluntah,BQA,1134
17760,connector_libya9,,
17761,east_grand_erg_oriental,,
17762,el_arish,MAM,1137
17763,nekhel,MAM,1137
17764,qatya,MAM,1137
17765,warrada,MAM,1137
17766,lake_bardawil,,
17767,northern_sinai_desert1,,
17768,northern_sinai_desert2,,
17769,el_tor,MAM,1137
17770,el_jundi,MAM,1137
17771,faran,MAM,1137
17772,nuweiba,MAM,1137
17773,saint_katrine,MAM,1137
17774,sinai_desert,,
17775,connector_egypt14,,
17776,connector_egypt15,,
17777,krios_cape,,
17778,messara_bay,,
17779,coast_crete,,
17780,cape_al_hilal,,
17781,gulf_bomba,,
17782,bay_salum,,
17783,coast_marmarica,,
17784,libyan_sea1,,
17785,libyan_sea2,,
17786,libyan_sea3,,
17787,western_madeira_coast,,
17788,eastern_madeira_coast,,
17789,southern_fuerteventura_coast,,
17790,northern_fuerteventura_coast,,
17791,southern_gran_canaria_coast,,
17792,southern_tenerife_coast2,,
17793,north_western_tenerife_coast,,
17794,northern_tenerife_coast2,,
17795,north_eastern_atlantic59,,
17796,north_eastern_atlantic53,,
17797,north_eastern_atlantic54,,
17798,north_eastern_atlantic55,,
17799,north_eastern_atlantic56,,
17800,north_eastern_atlantic57,,
17801,north_eastern_atlantic65,,
17802,north_eastern_atlantic66,,
17803,north_eastern_atlantic52,,
17804,north_eastern_atlantic58,,
17805,north_eastern_atlantic60,,
17806,north_eastern_atlantic61,,
17807,ponta_delgada,,
17808,santa_maria,,
17809,angra,,
17810,horta,,
17811,santa_cruz_flores,,
17812,azores_biscay_ridge,,
17813,north_eastern_atlantic67,,
17814,north_eastern_atlantic68,,
17815,north_eastern_atlantic1,,
17816,north_eastern_atlantic2,,
17817,north_eastern_atlantic3,,
17818,north_eastern_atlantic4,,
17819,north_eastern_atlantic5,,
17820,north_eastern_atlantic6,,
17821,north_eastern_atlantic7,,
17822,north_eastern_atlantic8,,
17823,north_eastern_atlantic9,,
17824,north_eastern_atlantic10,,
17825,north_eastern_atlantic11,,
17826,north_eastern_atlantic12,,
17827,north_eastern_atlantic13,,
17828,flores_island,,
17829,santa_maria_island,,
17830,sao_miguel_island1,,
17831,sao_jorge_island,,
17832,terceira_island,,
17833,celtic_sea,,
17834,atlantic_azores_current1,,
17835,atlantic_azores_current2,,
17836,atlantic_azores_current3,,
17837,atlantic_azores_current4,,
17838,atlantic_azores_current5,,
17839,atlantic_azores_current6,,
17840,atlantic_azores_current7,,
17841,atlantic_azores_current8,,
17842,atlantic_gulf_stream25,,
17843,atlantic_gulf_stream26,,
17844,teguise,,
17845,maxorata,,
17846,tamaraceite,,
17847,hipalan,,
17848,tedote,,
17849,aguere,,
17850,funchal,,
17851,porto_santo,,
17852,tamdoult,TFL,1584
17853,assa,TFL,1584
17854,beni_sabih,TFL,1584
17855,foum_zguid,TFL,1584
17856,igiliz,TFL,1584
17857,taghjijt,TFL,1584
17858,tata_MOR,TFL,1584
17859,tiout,MOR,1576
17860,tissint,TFL,1584
17861,tizounine,TFL,1584
17862,anti_atlas1,,
17863,ouarzazate,TFL,1584
17864,agdez,TFL,1584
17865,ait_benhaddou,TFL,1584
17866,skoura,TFL,1584
17867,tagmadert,TFL,1584
17868,taznakht,TFL,1584
17869,high_atlas2,,
17870,taroudant,MOR,1576
17871,agadir,MOR,1576
17872,aouint_yghomane,MOR,1576
17873,ifni,MOR,1576
17874,ifrane,MOR,1576
17875,massa_MOR,MOR,1576
17876,noul_lamta,MOR,1576
17877,tafraout,MOR,1576
17878,tidsi,MOR,1576
17879,tiznit,MOR,1576
17880,anti_atlas2,,
17881,sijilmasa,TFL,1584
17882,boumalne_dades,TFL,1584
17883,er_rich,TFL,1584
17884,ksar_es_souk,TFL,1584
17885,tazzarine,TFL,1584
17886,todgha,TFL,1584
17887,eastern_anti_atlas,,
17888,eastern_high_atlas1,,
17889,ksar_el_kebir,MOR,1576
17890,larache,MOR,1576
17891,ouezzane,MOR,1576
17892,asfi,MOR,1576
17893,aguz,MOR,1576
17894,boulaouane,MOR,1576
17895,echemmaia,MOR,1576
17896,mazaghan,MOR,1576
17897,miatbir,MOR,1576
17898,sidi_bennour,MOR,1576
17899,tit,MOR,1576
17900,badis,MOR,1576
17901,al_mazamma,MOR,1576
17902,taunat,MOR,1576
17903,tizgane,MOR,1576
17904,rif,,
17905,fez,MOR,1576
17906,azrou,MOR,1576
17907,baht,MOR,1576
17908,la_mamora,MOR,1576
17909,meknes,MOR,1576
17910,sale,MOR,1576
17911,tefelfelt,MOR,1576
17912,volubilis,MOR,1576
17913,melilla,MOR,1576
17914,afso,MOR,1576
17915,ghassasa,MOR,1576
17916,temsamane,MOR,1576
17917,ras_kebdana,MOR,1576
17918,lake_marchica,,
17919,lower_rif,,
17920,tangier,MOR,1576
17921,amergo,MOR,1576
17922,asilah,MOR,1576
17923,basra_al_hamra,MOR,1576
17924,ceuta,MOR,1576
17925,tazroute,MOR,1576
17926,tetouan,MOR,1576
17927,western_rif,,
17928,tednest,MOR,1576
17929,ait_daoud,MOR,1576
17930,chichaoua,MOR,1576
17931,mogador,MOR,1576
17932,tafedna,MOR,1576
17933,western_high_atlas2,,
17934,taza,MOR,1576
17935,ameskour,MOR,1576
17936,debdou,MOR,1576
17937,guercif,MOR,1576
17938,midelt,MOR,1576
17939,namalata,MOR,1576
17940,sefrou,MOR,1576
17941,tabarida,MOR,1576
17942,terrest,MOR,1576
17943,tezerghe,MOR,1576
17944,east_high_atlas,,
17945,north_middle_atlas,,
17946,south_middle_atlas2,,
17947,marrakesh,MOR,1576
17948,aghmat,MOR,1576
17949,hanimmei,MOR,1576
17950,naffis,MOR,1576
17951,tamdegost,MOR,1576
17952,tinmel,MOR,1576
17953,western_high_atlas1,,
17954,middle_high_atlas,,
17955,tadla,MOR,1576
17956,azilal,MOR,1576
17957,bzou,MOR,1576
17958,demnate,MOR,1576
17959,kalaat_sraghna,MOR,1576
17960,khenifra,MOR,1576
17961,high_atlas1,,
17962,eastern_high_atlas2,,
17963,south_middle_atlas1,,
17964,anfa,MOR,1576
17965,azemmour,MOR,1576
17966,bejaad,MOR,1576
17967,mrirah,MOR,1576
17968,rabat,MOR,1576
17969,settat,MOR,1576
17970,tegeget,MOR,1576
17971,thagia,MOR,1576
17972,biskra,ZAB,1588
17973,bades,ZAB,1588
17974,bir_el_alter,TUN,1587
17975,sidi_okba,ZAB,1588
17976,madila,ZAB,1588
17977,tolga,ZAB,1588
17978,bades_mountain1,,
17979,bades_mountain2,,
17980,sbiba_mountain,,
17981,chott_melrhir,,
17982,msila,ZAB,1588
17983,amdoukal,ZAB,1588
17984,bou_saada,ZAB,1588
17985,el_kantara,ZAB,1588
17986,maqqara,ZAB,1588
17987,chott_el_hodna,,
17988,burg_bu_mountain1,,
17989,burg_bu_mountain2,,
17990,el_bayadh,TLE,1586
17991,ain_sefra,TLE,1586
17992,brezina,TLE,1586
17993,el_abiodh_sidi_cheikh,TLE,1586
17994,medrissa,TLE,1586
17995,naama,TLE,1586
17996,qal_at_ibn_salama,TLE,1586
17997,qutb,TLE,1586
17998,moulouya_corridor1,,
17999,moulouya_corridor2,,
18000,moulouya_corridor3,,
18001,plain_tamlelt1,,
18002,plain_tamlelt2,,
18003,plain_tamlelt3,,
18004,plain_tamlelt4,,
18005,chott_ech_chergui,,
18006,laghouat,TLE,1586
18007,ain_madhi,TLE,1586
18008,messaad,TLE,1586
18009,ouled_djellal,ZAB,1588
18010,tahert,TLE,1586
18011,asir_ALG,TLE,1586
18012,charef,TLE,1586
18013,djelfa,TLE,1586
18014,ksar_el_boukhari,TLE,1586
18015,tissemsilt,TLE,1586
18016,zenina,TLE,1586
18017,sebkhat_zehrez_chergui,,
18018,sebkhat_zehrez_gharbi,,
18019,mostaganem,TLE,1586
18020,brashk,TLE,1586
18021,cherchell,TLE,1586
18022,tenes,TLE,1586
18023,algiers,TLE,1586
18024,medea,TLE,1586
18025,tablat,TLE,1586
18026,tamentfoust,TLE,1586
18027,tablate_mountain,,
18028,oran,TLE,1586
18029,arshgul,TLE,1586
18030,arzew,TLE,1586
18031,ksar_ibn_senane,TLE,1586
18032,nedroma,MOR,1576
18033,tamazaghrane,TLE,1586
18034,sebkhat_of_oran,,
18035,miliana,TLE,1586
18036,al_khadra_ALG,TLE,1586
18037,chlef,TLE,1586
18038,ksar_el_kaoua,TLE,1586
18039,mazouna,TLE,1586
18040,yellel,TLE,1586
18041,western_tablate_mountain,,
18042,oujda,MOR,1576
18043,jarawah_abu_al_aysh,MOR,1576
18044,jerada,MOR,1576
18045,ras_al_ain,TLE,1586
18046,taourirt,MOR,1576
18047,tlemcen,TLE,1586
18048,madinat_alawiyyin,TLE,1586
18049,mascara,TLE,1586
18050,saida,TLE,1586
18051,tessala,TLE,1586
18052,annaba,TUN,1587
18053,cheffia,TUN,1587
18054,collo,TUN,1587
18055,el_kala,TUN,1587
18056,el_milia,TUN,1587
18057,guelma,TUN,1587
18058,jijel,TUN,1587
18059,skikda,TUN,1587
18060,tekouch,TUN,1587
18061,lake_fetzara,,
18062,skikda_mountain,,
18063,baghai,TUN,1587
18064,dufanat,TUN,1587
18065,meskiana,TUN,1587
18066,tebessa,TUN,1587
18067,tiffech,TUN,1587
18068,chott_tinsilt,,
18069,sebkhat_guerrah_et_tarf,,
18070,bizerte,TUN,1587
18071,mateur,TUN,1587
18072,sejnane,TUN,1587
18073,tabarka,TUN,1587
18074,tebourba,TUN,1587
18075,lake_ichkeul,,
18076,constantine_ALG,TUN,1587
18077,bazer_sakhra,TUN,1587
18078,ikjan,TUN,1587
18079,mila,TUN,1587
18080,ngaous,TUN,1587
18081,tijis,TUN,1587
18082,sebkhat_sokhna,,
18083,gafsa,GFS,1574
18084,douz,GFS,1574
18085,kebili,GFS,1574
18086,madas,GFS,1574
18087,nefta,GFS,1574
18088,tozeur,GFS,1574
18089,chott_el_djerid,,
18090,chott_el_gharsah,,
18091,bejaia,TUN,1587
18092,azeffoun,TLE,1586
18093,bordj_bou_arreridj,TUN,1587
18094,bouira,TUN,1587
18095,el_kseur,TUN,1587
18096,kalaa_of_ait_abbas,TUN,1587
18097,kuku,TLE,1586
18098,mansouria,TUN,1587
18099,setif,TUN,1587
18100,tedelles,TLE,1586
18101,eastern_tablate_mountain,,
18102,tellatlas,,
18103,stif_mountain,,
18104,kairouan,TUN,1587
18105,kesra,TUN,1587
18106,sbikha,TUN,1587
18107,beja_TUN,TUN,1587
18108,el_kef,TUN,1587
18109,el_ksour,TUN,1587
18110,jama_TUN,TUN,1587
18111,medjez_el_bab,TUN,1587
18112,souk_el_arba,TUN,1587
18113,thagaste,TUN,1587
18114,gabes,GBS,1573
18115,bou_hajla,TUN,1587
18116,madjul,TUN,1587
18117,mahres,TUN,1587
18118,sfaqes,TUN,1587
18119,sidi_fredj,TUN,1587
18120,sebkhat_el_ghorra,,
18121,feriana,TUN,1587
18122,kasserine,TUN,1587
18123,sbiba,TUN,1587
18124,subaytila,TUN,1587
18125,thala,TUN,1587
18126,sebkhat_en_noual,,
18127,sebkhat_kelbia,,
18128,sebkhat_cherita,,
18129,mahdia,TUN,1587
18130,sousse,TUN,1587
18131,el_jem,TUN,1587
18132,monastir,TUN,1587
18133,chebba,TUN,1587
18134,sebkhat_sidi_el_hani,,
18135,tunis,TUN,1587
18136,el_fahs,TUN,1587
18137,hammamet,TUN,1587
18138,kelibia,TUN,1587
18139,nabeul,TUN,1587
18140,zaghouan,TUN,1587
18141,zuwarah,GBS,1573
18142,ajim,GBS,1573
18143,chenini,GBS,1573
18144,matmata,GBS,1573
18145,medenine,GBS,1573
18146,tataouine,GBS,1573
18147,zarzis,GBS,1573
18148,mellahet_el_brega,,
18149,sebkhat_el_melah,,
18150,misratah,BTL,1569
18151,bani_walid,BTL,1569
18152,ras_lanuf,BTL,1569
18153,sirte,BTL,1569
18154,tarhuna,BTL,1569
18155,tawurgha,BTL,1569
18156,nalut,GBS,1573
18157,ghariyan,TRP,1139
18158,jadu,GBS,1573
18159,mizda,BTL,1569
18160,yafran,GBS,1573
18161,zintan,GBS,1573
18162,tripoli,TRP,1139
18163,al_kadwa,TRP,1139
18164,al_khums,BTL,1569
18165,zawiya,TRP,1139
18166,zliten,BTL,1569
18167,abalessa,,
18168,djanet,FZA,1136
18169,ghadames,DJE,1571
18170,in_amenas,,
18171,sinawin,DJE,1571
18172,ain_abalessa_corridor,,
18173,abalessa_djanet_corridor,,
18174,djanet_ghadames_corridor,,
18175,ghadames_ouargla_corridor,,
18176,tozeur_ghadames_corridor,,
18177,connector_libya1,,
18178,connector_libya8,,
18179,tademait_plateau1,,
18180,west_grand_erg_oriental1,,
18181,west_grand_erg_oriental2,,
18182,al_jawf,FZA,1136
18183,tazirbu,FZA,1136
18184,awjila,BQA,1134
18185,maradah,FZA,1136
18186,zella,FZA,1136
18187,connector_libya11,,
18188,connector_libya15,,
18189,connector_libya10,,
18190,connector_libya12,,
18191,connector_libya3,,
18192,connector_libya6,,
18193,connector_libya13,,
18194,calansho_desert,,
18195,coastal_libyan_desert2,,
18196,coastal_libyan_desert3,,
18197,sabha,FZA,1136
18198,brak,FZA,1136
18199,ghat,FZA,1136
18200,murzuk,FZA,1136
18201,sokna,FZA,1136
18202,ubari,FZA,1136
18203,zawila,FZA,1136
18204,coastal_libyan_desert1,,
18205,murzuk_desert,,
18206,grand_erg_oriental,,
18207,hamada_el_hamra,,
18208,connector_libya4,,
18209,connector_libya2,,
18210,connector_libya5,,
18211,connector_libya17,,
18212,timimoun,TAT,1582
18213,adrar,TAT,1582
18214,ain_salah,TAT,1582
18215,charouine,TAT,1582
18216,ain_salah_el_golea_corridor,,
18217,timimoun_qulaia_corridor,,
18218,tademait_plateau2,,
18219,ghardaia,MZB,1578
18220,berriane,MZB,1578
18221,el_guerrara,MZB,1578
18222,guettara,MZB,1578
18223,ouargla,OGL,1579
18224,el_golea,,
18225,ngoussa,OGL,1579
18226,ghardaia_el_golea_corridor,,
18227,ouargla_el_golea_corridor,,
18228,grand_erg_occidental_east1,,
18229,figuig,TAT,1582
18230,bechar,TAT,1582
18231,igli,TAT,1582
18232,tabelbala,TAT,1582
18233,taghit,TAT,1582
18234,beni_sabih_tabelbala_corridor,,
18235,ksar_es_souk_bechar_corridor,,
18236,sahel_corridor08,,
18237,tabelbala_charouine_corridor,,
18238,tabelbala_taghaza_corridor1,,
18239,tabelbala_taghaza_corridor2,,
18240,grand_erg_occidental,,
18241,el_djouf5,,
18242,el_eglab_masif1,,
18243,el_eglab_masif2,,
18244,touggourt,TGT,1585
18245,asuf,TGT,1585
18246,debila,GFS,1574
18247,tamacine,TGT,1585
18248,touggourt_ouargla_corridor,,
18249,grand_erg_occidental_east2,,
18250,northern_tedemait,,
18251,laayoune,,
18252,smara,,
18253,tantan,,
18254,tindouf,,
18255,sahel_corridor31,,
18256,sahel_corridor32,,
18257,sahel_corridor33,,
18258,el_djouf2,,
18259,el_djouf4,,
18260,dakhla,,
18261,al_kuwayra,,
18262,aousserd,,
18263,bojador,,
18264,sahel_corridor07,,
18265,sahel_corridor34,,
18266,el_djouf1,,
18267,el_djouf3,,
18268,cape_juby,,
18269,es_semara_coast,,
18270,cape_draa,,
18271,agadir_bay,,
18272,cape_sim,,
18273,cape_hadid,,
18274,cape_beddouza,,
18275,north_eastern_atlantic49,,
18276,north_eastern_atlantic50,,
18277,north_eastern_atlantic51,,
18278,cape_blanc,,
18279,dakhla_bay,,
18280,cape_bojador,,
18281,north_eastern_atlantic63,,
18282,north_eastern_atlantic64,,
18283,north_eastern_atlantic70,,
18284,north_eastern_atlantic71,,
18285,north_eastern_atlantic72,,
18286,north_eastern_atlantic62,,
18287,dakhlet_nouadhibou,,
18288,cape_timiris,,
18289,nouakchott_coast,,
18290,awlil_coast,,
18291,egadi_islands,,
18292,granitola_cape,,
18293,strait_malta,,
18294,gulf_gela,,
18295,george_bay,,
18296,lampedusa_island,,
18297,pantelleria_island,,
18298,cape_ben_sakka,,
18299,gulf_tunis,,
18300,cape_bon,,
18301,gulf_hammamet,,
18302,kerkennah_islands,,
18303,coast_jeffara,,
18304,kaboudia_cape,,
18305,cape_tajura,,
18306,coast_tripolitania,,
18307,gulf_gabes1,,
18308,gulf_gabes2,,
18309,cape_misurata,,
18310,sirte_coast,,
18311,west_bay_sidrah,,
18312,east_bay_sidrah,,
18313,cape_tawinis,,
18314,coast_cyrenaica,,
18315,gulf_sirte1,,
18316,central_mediterranean_sea1,,
18317,central_mediterranean_sea2,,
18318,central_mediterranean_sea3,,
18319,central_mediterranean_sea4,,
18320,central_mediterranean_sea5,,
18321,strait_of_gibraltar,,
18322,hoceima_bay,,
18323,cape_three_forks,,
18324,bay_oran,,
18325,costa_sol,,
18326,gulf_of_almeria,,
18327,gulf_mazarron,,
18328,costa_blanca,,
18329,eivissa_coast,,
18330,cap_nau,,
18331,mallorca_coast,,
18332,western_mediterraneans_sea1,,
18333,western_mediterraneans_sea2,,
18334,cape_magroua,,
18335,cape_cherchell,,
18336,bay_algiers,,
18337,gulf_bejaia,,
18338,gulf_stora,,
18339,annaba_bay,,
18340,kergelen,,
18341,heard_island,,
18342,crozet_islands,,
18343,marion_island,,
18344,saint_paul_island,,
18345,goringhaikona,,
18346,goringhaiqua,,
18347,paarl,,
18348,gorachouqua,,
18349,jonkershoek_mountains,,
18350,cochoqua,,
18351,ngonnemoa,,
18352,uri_ae_ona,,
18353,chariguriqua,,
18354,ubiqua,,
18355,swellendam,,
18356,ibequa,,
18357,gydo,,
18358,winterkoek_mountain,,
18359,skurweberge_mountains,,
18360,waterval_mountains,,
18361,hawequas_mountains,,
18362,riviersonderend_mountains,,
18363,chainouqua,,
18364,swartberg,,
18365,klipgat,,
18366,agulhas,,
18367,bredasdorp,,
18368,gouriqua,,
18369,hessequa,,
18370,gouritsmond,,
18371,attequa,,
18372,outeniqua,,
18373,gonaqua,,
18374,houtunqua,,
18375,damaqua,,
18376,damasonqua,,
18377,hoengeiqua,,
18378,rharhabe,,
18379,khari_karoo,,
18380,gainou,,
18381,kanna_south,,
18382,koo,,
18383,attaqua,,
18384,kammanassie,,
18385,langeberg_west_mountains,,
18386,clock_mountains,,
18387,langeberg_east_mountains,,
18388,tsitsikamma_mountains,,
18389,umngazi,,
18390,thembu,,
18391,dedesi,,
18392,mpondo,,
18393,umhlanga,,
18394,ethekwini,,
18395,ntshekane,,
18396,ukhahlamba,,
18397,umgungundlovu,,
18398,buthelezi,,
18399,mthethwa,,
18400,konde,,
18401,ngwane,,
18402,ndwandwe,,
18403,swazi,,
18404,zombodze,,
18405,mapulana,,
18406,mbombela,,
18407,tzaneen,,
18408,phalaborwa,,
18409,mashishing,,
18410,mghumbhani,,
18411,kungwini,,
18412,em_dinaneni,,
18413,bakgatla,,
18414,egabeni,,
18415,hlahlandlela,,
18416,kaditshwene,,
18417,mosega,,
18418,ntsweng,,
18419,naledi,,
18420,modipe,,
18421,amkoe,,
18422,bamangwato,,
18423,ntsoana_tsatsi,,
18424,bokoni,,
18425,tebang,,
18426,lejweleputswa,,
18427,qwaqwa,,
18428,kweneng,,
18429,umsobomvu,,
18430,gariep,,
18431,sinqu,,
18432,karee,,
18433,ixesi,,
18434,umncumuba,,
18435,north_drakensberg_mountains,,
18436,south_drakensberg_mountains,,
18437,thaba_bosiu,,
18438,butha_buthe,,
18439,bataung,,
18440,thaba_nchu,,
18441,siyancuma,,
18442,ka_aub,,
18443,gmaap,,
18444,thembelihle,,
18445,eiland,,
18446,mooi,,
18447,khunwana,,
18448,dithakwaneng,,
18449,taung,,
18450,kai_karoo,,
18451,gamka,,
18452,humcumqua,,
18453,swy_e,,
18454,inqua,,
18455,khukagamma,,
18456,hamcumqua,,
18457,anys_mountains,,
18458,groot_swart_mountains,,
18459,outenniqua_mountains,,
18460,siyathemba,,
18461,kwezi,,
18462,emthanjeni,,
18463,ubuntu,,
18464,xam_ka_e,,
18465,khuai,,
18466,roggeveld_mountains,,
18467,tandjies_mountains,,
18468,trakamma,,
18469,kaukou,,
18470,hom,,
18471,tankwa,,
18472,hantam,,
18473,aoe,,
18474,nama,,
18475,matzikama,,
18476,a_keis,,
18477,namakwa,,
18478,aukwatowa,,
18479,prieska,,
18480,griekwastad,,
18481,kxau,,
18482,kheis,,
18483,tconsiep,,
18484,ai_ais,,
18485,tsau,,
18486,garibams,,
18487,nababeep,,
18488,khai_ma,,
18489,kuruman,,
18490,dithakong,,
18491,nnke,,
18492,setswana,,
18493,khomani,,
18494,nng,,
18495,nakop,,
18496,bondelswarts,,
18497,hawoben,,
18498,karas,,
18499,kharooan,,
18500,khowesen,,
18501,ogain,,
18502,tsaris_mountains,,
18503,kharakhoen,,
18504,xam,,
18505,khaugoan,,
18506,hoachanas,,
18507,xoo,,
18508,bakgalagadi,,
18509,gui,,
18510,basarwa,,
18511,kalahari_desert,,
18512,gana,,
18513,hoa,,
18514,tsila,,
18515,khute,,
18516,tshwa,,
18517,makgadikgadi,,
18518,shua,,
18519,deti,,
18520,veekuhane,,
18521,khwe,,
18522,yeyi,,
18523,nwetwe_salt_pan,,
18524,xun,,
18525,omatako,,
18526,juhoansi,,
18527,kaudwane,,
18528,hambukushu,,
18529,kwangali,,
18530,ani_south,,
18531,najama,,
18532,odonga,,
18533,omuthiya,,
18534,oukwanyama,,
18535,uukwambi,,
18536,etosha_salt_pan,,
18537,ezorongondo,,
18538,otjozondjii,,
18539,aonin,,
18540,namaqua,,
18541,namib_desert,,
18542,hakos_mountains,,
18543,owambo,,
18544,lower_pinda,,
18545,tjimba,,
18546,ovaherero,,
18547,damara,,
18548,himba,,
18549,haiom,,
18550,aakhoe,,
18551,bayei,,
18552,mocamedes_desert,,
18553,ombombo_mountains,,
18554,otjiwarongo_mountains,,
18555,shearwater_bay,,
18556,bakers_bay,,
18557,orange_river_mouth,,
18558,aukwatowa_coast,,
18559,hondeklip_bay,,
18560,groenrivier_mouth,,
18561,cross_cape,,
18562,walvis_bay,,
18563,conception_bay_africa,,
18564,meob_bay,,
18565,spencer_bay,,
18566,african_high_sea4,,
18567,african_high_sea5,,
18568,african_high_sea6,,
18569,african_high_sea7,,
18570,african_high_sea8,,
18571,african_high_sea9,,
18572,st_helena_bay,,
18573,saldanha_bay,,
18574,table_bay,,
18575,good_hope_cape,,
18576,walker_bay,,
18577,agulhas_cape,,
18578,st_sebastian_bay,,
18579,west_africa2_high_sea,,
18580,african_high_sea10,,
18581,african_high_sea11,,
18582,african_high_sea12,,
18583,african_high_sea13,,
18584,mossel_bay,,
18585,seal_cape,,
18586,st_francis_cape,,
18587,recife_cape,,
18588,padrone_cape,,
18589,groot_visrivier_mouth,,
18590,kei_mouth,,
18591,african_high_sea14,,
18592,african_high_sea15,,
18593,african_high_sea16,,
18594,african_high_sea17,,
18595,mbashe_mouth,,
18596,umzimvubu_mouth,,
18597,umzimkulu_mouth,,
18598,umkomazi_mouth,,
18599,african_high_sea18,,
18600,african_high_sea19,,
18601,natal_bay,,
18602,tugela_mouth,,
18603,st_lucia_cape,,
18604,sodwana_bay,,
18605,ponta_do_ouro,,
18606,african_high_sea20,,
18607,african_high_sea21,,
18608,african_high_sea22,,
18609,east_shangana,,
18610,north_hlanganu,,
18611,south_hlanganu,,
18612,west_shangana,,
18613,inhambane,INH,537
18614,chibuene,INH,537
18615,chongoene,,
18616,mambone,,
18617,manyikeni,INH,537
18618,maputo,,
18619,djonga,,
18620,xai_xai,,
18621,mapungubwe,,
18622,dzata,,
18623,nwalungu,,
18624,thulamela,,
18625,bosutswe,,
18626,lotsane,,
18627,leshongwane,,
18628,chumnungwa,ZMW,557
18629,malumba,,
18630,mtanye,ZMW,557
18631,mtetengwe,,
18632,mwenezi,ZMW,557
18633,nkankezi,ZMW,557
18634,zinjanja,,
18635,domboshaba,,
18636,impakwe,ZMW,557
18637,jahunda,ZMW,557
18638,makutamazan,ZMW,557
18639,mapela,,
18640,mupanipani,,
18641,chipangura,,
18642,chiveve,,
18643,gorongoza,,
18644,masekesa,,
18645,zembe,,
18646,chipagwe,ZMW,557
18647,chipukuswi,ZMW,557
18648,chomuruvuti,ZMW,557
18649,pamuuyu,ZMW,557
18650,sofala,SFA,538
18651,bandire,,
18652,chikwanda,,
18653,chiluane,,
18654,madanda,,
18655,great_zimbabwe,ZMW,557
18656,mabveni,ZMW,557
18657,majiri,ZMW,557
18658,naletale,ZMW,557
18659,charumani,ZMW,557
18660,chibvumani,ZMW,557
18661,matendere,ZMW,557
18662,muchuchu,ZMW,557
18663,zvipadze,ZMW,557
18664,south_manica_highlands,,
18665,chindre,,
18666,chupanga,,
18667,cuama,,
18668,mopeia,,
18669,hondosaka,,
18670,luanze,,
18671,massangano,,
18672,tere,,
18673,matanda_aChiwawa,,
18674,angwa,,
18675,chitomborwizi,,
18676,kasekete,,
18677,nyarinde,,
18678,ingombe_ilede,,
18679,abutua,,
18680,dambwe,,
18681,mukariva,,
18682,muyove,,
18683,inyanga,ZMW,557
18684,matemba,,
18685,mtoko,ZMW,557
18686,njamara,,
18687,north_manica_highlands,,
18688,sebakwe,,
18689,chedzurgwe,,
18690,nembudziya,,
18691,rimuka,,
18692,sena,,
18693,cheringoma,,
18694,chiramba,,
18695,mbombona,,
18696,khami,,
18697,bumbuzi,,
18698,dhlo_dhlo,,
18699,mtoli,,
18700,tora_nju,,
18701,sua_salt_pan,,
18702,chamo,,
18703,matope,,
18704,mbewe,,
18705,milange,,
18706,nyangu,,
18707,lake_malombe,,
18708,tete,,
18709,chikowa,,
18710,mutota,,
18711,zvongombe,,
18712,chisvingo,,
18713,massapa,,
18714,ruanga,,
18715,tsindi,,
18716,zumbo,,
18717,ancuase,,
18718,massanza,,
18719,muchena,,
18720,tembue,,
18721,kaphirintiwa,,
18722,zavora_point,,
18723,mouth_limpopo,,
18724,delagoa_bay,,
18725,bazaruto_archipelago,,
18726,barra_falsa_point,,
18727,inhambane_bay,,
18728,europa_island,,
18729,mozambique_channel8,,
18730,mozambique_channel9,,
18731,mozambique_channel15,,
18732,african_high_sea23,,
18733,lipobane_point,,
18734,moniga_estuary,,
18735,quelimane_river,,
18736,mouth_zambezi,,
18737,beira_estuary,,
18738,sofala_bay,,
18739,mozambique_channel5,,
18740,mozambique_channel6,,
18741,mozambique_channel7,,
18742,mozambique_channel14,,
18743,mozambique_channel13,,
18744,banda_ahenkro,DGB,2259
18745,bondoukou,BON,2261
18746,begho,BON,2261
18747,sampa,BON,2261
18748,bono_manso,BON,2261
18749,dormaa,BON,2261
18750,techiman,BON,2261
18751,kintampo,BON,2261
18752,goaso,BON,2261
18753,fomena,BON,2261
18754,kumasi,BON,2261
18755,akwatia,,
18756,kibi,,
18757,kumawu,,
18758,yeji,,
18759,dambai,,
18760,ado_ekiti,ADO,2275
18761,ikere,IJE,2274
18762,akure,AKR,2277
18763,owo,OWO,2269
18764,ondo,OND,2278
18765,ewu,BEN,2266
18766,ughoton,BEN,2266
18767,mahin,BEN,2266
18768,benin,BEN,2266
18769,uromi,BEN,2266
18770,uzea,BEN,2266
18771,ugbodu,BEN,2266
18772,ukunzu,BEN,2266
18773,cabo_formoso,,
18774,brass,,
18775,nembe,,
18776,warri,,
18777,new_calabar,,
18778,forcados,,
18779,uvwie,,
18780,azia,NRI,2281
18781,onitsha,NRI,2281
18782,amaigbo,NRI,2281
18783,igbo_ukwu,NRI,2281
18784,awka,NRI,2281
18785,ozoro,BEN,2266
18786,nnewi,NRI,2281
18787,santo_antao,,
18788,sao_nicolao,,
18789,boa_vista,,
18790,santiago,,
18791,fogo,,
18792,podor,TKR,2291
18793,walalde,TKR,2291
18794,sioure,TKR,2291
18795,golere,TKR,2291
18796,salde,TKR,2291
18797,agnam_civol,TKR,2291
18798,silla,TKR,2291
18799,nguidjilone,TKR,2291
18800,thilogne,TKR,2291
18801,kanel,TKR,2291
18802,waounde,TKR,2291
18803,moudery,TKR,2291
18804,kaedi,TKR,2291
18805,matam,TKR,2291
18806,sare_dioulde,BBK,2285
18807,sutuko,BBK,2285
18808,diawara,BBK,2285
18809,ballou,BBK,2285
18810,saraya,BBK,2285
18811,gambia,KAB,2288
18812,bintang,KAB,2288
18813,diaboudior,KAB,2288
18814,casamance,KAB,2288
18815,marsassoum,KAB,2288
18816,geregia,KAB,2288
18817,tankular,KAB,2288
18818,wassu,KAB,2288
18819,kabakama,KAB,2288
18820,kodiam,BBK,2285
18821,kerbatch,BBK,2285
18822,cacheu,KAB,2288
18823,farim,KAB,2288
18824,bissau,KAB,2288
18825,kaabu,KAB,2288
18826,bafata,KAB,2288
18827,iwol,KAB,2288
18828,salemata,KAB,2288
18829,anomansah,,
18830,cabo_corso,,
18831,winneba,,
18832,mankessim,,
18833,accra,,
18834,akropong,,
18835,keta,,
18836,anecho,,
18837,hulagan,,
18838,glexwe,,
18839,notse,,
18840,tado,,
18841,kpalime,,
18842,ajase,,
18843,ardra,,
18844,abomey,,
18845,ketu,KET,2280
18846,bonny,,
18847,eket,,
18848,calabar,,
18849,rio_del_rey,,
18850,fernando_po,,
18851,sao_tome,,
18852,bimbia,,
18853,cameroons,,
18854,fifinda,,
18855,bwambe,,
18856,bata,,
18857,ngambe,,
18858,maan_jungle,,
18859,nkam_jungle,,
18860,eseka,,
18861,edea,,
18862,ebolowa,,
18863,nyong,,
18864,bakas,,
18865,arochukwu,,
18866,kumba,,
18867,ikom,,
18868,afikpo,,
18869,awka_etiti,NRI,2281
18870,bana,,
18871,korup_jungle,,
18872,bole,DGB,2259
18873,yendi,DGB,2259
18874,nakpa,DGB,2259
18875,salaga,DGB,2259
18876,chamba,,
18877,wulensi,,
18878,tirekka,MPR,2258
18879,djougou,MPR,2258
18880,bimbilla,,
18881,sokode,,
18882,nikki,BOR,2297
18883,kaiama,BOR,2297
18884,bussa,BOR,2297
18885,agbonle,OYO,2267
18886,kandi,BOR,2297
18887,kouande,BOR,2297
18888,banikoara,BOR,2297
18889,sori,BOR,2297
18890,babana,BOR,2297
18891,segbana,BOR,2297
18892,ndar,JOL,2256
18893,dagana,JOL,2256
18894,koki,JOL,2256
18895,beer_dun,JOL,2256
18896,tivaouane,JOL,2256
18897,ndiaganiao,JOL,2256
18898,portudal,JOL,2256
18899,fandene,JOL,2256
18900,diourbel,JOL,2256
18901,joal,JOL,2256
18902,tattaguine,JOL,2256
18903,diakhao,JOL,2256
18904,albreda,JOL,2256
18905,djilor,JOL,2256
18906,juffure,JOL,2256
18907,sine_ngayene,JOL,2256
18908,kahone,JOL,2256
18909,wanar,JOL,2256
18910,sorokogne,JOL,2256
18911,linguere,JOL,2256
18912,tuubaa,JOL,2256
18913,mboune,JOL,2256
18914,boundiali,,
18915,korhogo,,
18916,katiola,,
18917,morondo,,
18918,kong,KNG,2260
18919,bouna,,
18920,bouake,,
18921,ngokro,,
18922,daloa,,
18923,seguela,,
18924,daoukro,,
18925,saint_paul_river,,
18926,mesurado,,
18927,junk_river,,
18928,bassa,,
18929,cestos,,
18930,cess,,
18931,settra_kru,,
18932,tabou,,
18933,san_pedro,,
18934,sassandra,,
18935,fresco,,
18936,grand_lahou,,
18937,guinean_jungle,,
18938,cosrou,,
18939,grand_bassam,,
18940,assinie,,
18941,toumodi,,
18942,apollonia,,
18943,axim,,
18944,abengourou,,
18945,hemang,,
18946,mokwa,NUP,2265
18947,bida,NUP,2265
18948,tada,NUP,2265
18949,nupeko,NUP,2265
18950,minna,NUP,2265
18951,jebba,NUP,2265
18952,lokoja,NUP,2265
18953,lapai,NUP,2265
18954,zuba,ZZZ,2264
18955,jos,ZZZ,2264
18956,kuje,,
18957,idah,BEN,2266
18958,enugu,NRI,2281
18959,nsukka,,
18960,ugbo,NRI,2281
18961,ogoja,,
18962,katsina_ala,,
18963,nounkonkan,MAL,2289
18964,kankan,MAL,2289
18965,kouroussa,MAL,2289
18966,tabon,MAL,2289
18967,seydougou,MAL,2289
18968,odienne,MAL,2289
18969,kerouane,MAL,2289
18970,mandiana,MAL,2289
18971,bandafassi,,
18972,labe,,
18973,gueme_sangan,,
18974,timbo,,
18975,konkoure,,
18976,tuba,,
18977,bissagos,,
18978,rio_grande,,
18979,rio_nunez,,
18980,boke,,
18981,rio_pongo,,
18982,iles_de_los,,
18983,yagala,,
18984,falaba,,
18985,kissidougou,,
18986,kamabai,,
18987,kono,,
18988,scarcies,,
18989,port_loko,,
18990,bunce_island,,
18991,banana_islands,,
18992,yonibana,,
18993,shenge,,
18994,sherbro_island,,
18995,galinhas,,
18996,segbwema,,
18997,mano,,
18998,cape_mount,,
18999,macenta,,
19000,bopolu,,
19001,sanniquellie,,
19002,beyla,,
19003,gbepleu,,
19004,touba,,
19005,koro,,
19006,eko,AWO,2279
19007,ikorundu,IJB,2270
19008,ikosi,IJB,2270
19009,ijebu_ode,IJB,2270
19010,epe,IJB,2270
19011,oyo_ile,OYO,2267
19012,kisi,OYO,2267
19013,ikoyi,OYO,2267
19014,igboho,OYO,2267
19015,saki,OYO,2267
19016,irawo,OYO,2267
19017,tede,OYO,2267
19018,ogbomosho,OYO,2267
19019,ede,OYO,2267
19020,ife,IFE,2268
19021,ilesa,IJS,2276
19022,iwo,,
19023,atakpame,,
19024,savalou,,
19025,dassa_zoume,,
19026,sabe,,
19027,ilorin,OYO,2267
19028,offa,ISO,2271
19029,oke_ila,OKE,2273
19030,oshogbo,IYA,2272
19031,ponta_do_sol,,
19032,ponta_do_lizardo,,
19033,baia_da_parda,,
19034,ponta_grande,,
19035,ponta_das_bicudas,,
19036,cape_verde_high_sea1,,
19037,cape_verde_high_sea2,,
19038,cape_verde_high_sea3,,
19039,cape_verde_high_sea4,,
19040,cape_verde_high_sea5,,
19041,cape_verde_high_sea6,,
19042,cape_verde_high_sea7,,
19043,cape_verde_high_sea8,,
19044,cape_verde_high_sea9,,
19045,cape_verde_high_sea10,,
19046,senegal_river_mouth,,
19047,senegal_coast,,
19048,cape_verd,,
19049,petit_cote,,
19050,gambia_river_mouth,,
19051,north_eastern_atlantic73,,
19052,north_eastern_atlantic74,,
19053,north_eastern_atlantic75,,
19054,cape_skiring,,
19055,geba_estuary,,
19056,bissagos_islands,,
19057,rio_nunez_mouth,,
19058,cape_verga,,
19059,sangareya_bay,,
19060,yawri_bay,,
19061,north_eastern_atlantic76,,
19062,north_eastern_atlantic77,,
19063,north_eastern_atlantic78,,
19064,sherbro_coast,,
19065,cape_mount_coast,,
19066,cape_mesurado,,
19067,cestos_point,,
19068,bloobarra_point,,
19069,cess_point,,
19070,cape_palmas,,
19071,north_eastern_atlantic79,,
19072,north_eastern_atlantic80,,
19073,north_eastern_atlantic81,,
19074,north_eastern_atlantic82,,
19075,north_eastern_atlantic83,,
19076,sassandra_river_mouth,,
19077,bandama_river_mouth,,
19078,ebrie_lagoon,,
19079,aby_lagoon,,
19080,cape_three_points,,
19081,apa_lagoon,,
19082,accra_point,,
19083,north_eastern_atlantic84,,
19084,north_eastern_atlantic85,,
19085,north_eastern_atlantic86,,
19086,guinea_gulf,,
19087,cape_saint_paul,,
19088,bouche_du_roy,,
19089,lagos_lagoon,,
19090,lekki_lagoon,,
19091,forcados_river_mouth,,
19092,west_niger_mouth,,
19093,north_eastern_atlantic87,,
19094,north_eastern_atlantic88,,
19095,east_niger_mouth,,
19096,cross_river_mouth,,
19097,cape_debundsha,,
19098,punta_de_campo,,
19099,punta_mbonda,,
19100,punta_occura,,
19101,ponta_do_pico_negro,,
19102,ponta_praiao,,
19103,punta_manjob,,
19104,north_eastern_atlantic89,,
19105,north_eastern_atlantic90,,
19106,north_eastern_atlantic91,,
19107,north_eastern_atlantic92,,
19108,iferouane,,
19109,assode,,
19110,agadez,,
19111,takedda,,
19112,in_gall,,
19113,sahel_corridor01,,
19114,sahel_corridor21,,
19115,sahel_corridor22,,
19116,tenere,,
19117,talak,,
19118,birni_ader,,
19119,tahoua,,
19120,garadoume,GOB,2310
19121,deoule,GOB,2310
19122,abalak,,
19123,kalfou,,
19124,south_talak,,
19125,marandet,,
19126,aderbissinat,,
19127,ollelewa,,
19128,ngazargamu,KBO,2312
19129,yo,KBO,2312
19130,marte,KBO,2312
19131,gubio,KBO,2312
19132,gambaru,KBO,2312
19133,zinder,,
19134,kelle,,
19135,guidimouni,,
19136,mirriah,,
19137,mir_loc,KBO,2312
19138,garoumale,KBO,2312
19139,boutti,KBO,2312
19140,goure,KBO,2312
19141,goudooumaria,KBO,2312
19142,nguru,KBO,2312
19143,garun_gabas,KBO,2312
19144,garandoili,KBO,2312
19145,biriri,KBO,2312
19146,konduga,KBO,2312
19147,daima,KBO,2312
19148,mandaragirau,KBO,2312
19149,dikwa,KBO,2312
19150,biu,,
19151,gombe,,
19152,wuro_yolde,,
19153,mubi,,
19154,bakka,,
19155,potiskum,,
19156,daniski,,
19157,damaturu,,
19158,kalam_hill,,
19159,tera,,
19160,sampelga,,
19161,dori,,
19162,kokorou,,
19163,bura,,
19164,nungu,GUR,2304
19165,pama,GUR,2304
19166,tambaga,GUR,2304
19167,matiakoali,GUR,2304
19168,boussouma,BSM,2303
19169,mane,BSM,2303
19170,boala,BSM,2303
19171,kougouri,BSM,2303
19172,bilanga,BSM,2303
19173,barsalogho,BSM,2303
19174,tenkodogo,TEN,2302
19175,dourtenga,TEN,2302
19176,bawku,TEN,2302
19177,pusiga,TEN,2302
19178,sansanne_mango,TEN,2302
19179,hombori,SON,2295
19180,gossi,TFK,2296
19181,dorey,SON,2295
19182,borenta,TFK,2296
19183,bourem,TFK,2296
19184,bamba,TFK,2296
19185,gao,SON,2295
19186,tondibi,SON,2295
19187,sahel_corridor12,,
19188,tadmekka,TMK,2292
19189,sahel_corridor23,,
19190,ansongo,SON,2295
19191,kukiya,SON,2295
19192,kissi_loc,SON,2295
19193,deou,SON,2295
19194,mondoro,SON,2295
19195,aribinda,SON,2295
19196,tessit,SON,2295
19197,gorouol,SON,2295
19198,ayerou,,
19199,anzourou,,
19200,dargol,,
19201,gotheye,,
19202,namaro,,
19203,sikieye,,
19204,koumbi_saleh,GHA,2287
19205,timbedra,GHA,2287
19206,nema,GHA,2287
19207,walata,GHA,2287
19208,diara,DFN,2286
19209,balle,GHA,2287
19210,east_erg_aoukar,,
19211,tichit,DFN,2286
19212,aoudaghost,DFN,2286
19213,tidjikja,DFN,2286
19214,sahel_corridor06,,
19215,sahel_corridor05,,
19216,sahel_corridor04,,
19217,sahel_corridor02,,
19218,erg_aoukar,,
19219,south_erg_amatlich,,
19220,south_el_djouf,,
19221,nioro,DFN,2286
19222,tourougoumbe,DFN,2286
19223,diangounte_camara,DFN,2286
19224,dioumara,DFN,2286
19225,kolokani,DFN,2286
19226,kourouninkoto,DFN,2286
19227,kayes,BBK,2285
19228,maghana,TKR,2291
19229,bakel,TKR,2291
19230,sandare,DFN,2286
19231,diamou,BBK,2285
19232,arguin,,
19233,nouamghar,,
19234,nouakchott,,
19235,akjoujt,,
19236,awlil,SGH,2290
19237,rosso,SGH,2290
19238,atar,,
19239,azougui,,
19240,chingetti,,
19241,wadan,,
19242,idjil,,
19243,erg_amatlich,,
19244,njimi,KBO,2312
19245,manan,KBO,2312
19246,bodou_sailay,KBO,2312
19247,nguigmi,KBO,2312
19248,lake_chad,,
19249,bilma,KBO,2312
19250,dirkou,KBO,2312
19251,djado,KBO,2312
19252,seguedine,KBO,2312
19253,fachi,KBO,2312
19254,agadem,KBO,2312
19255,sahel_corridor14,,
19256,sahel_corridor20,,
19257,erg_of_bilma,,
19258,mser,,
19259,afade,,
19260,goulfey,,
19261,makary,,
19262,sherda,,
19263,zouar,,
19264,ain_galaka,,
19265,ounianga,,
19266,tekro,,
19267,qatrun,FZA,1136
19268,sahel_corridor03,,
19269,sahel_corridor13,,
19270,sahel_corridor19,,
19271,sahel_corridor17,,
19272,sahel_corridor15,,
19273,sahel_corridor16,,
19274,sahel_corridor18,,
19275,rabyanah,,
19276,mondo,KBO,2312
19277,cherfe,KBO,2312
19278,ngousa,KBO,2312
19279,moussoro,KBO,2312
19280,niani,MAL,2289
19281,dakadjalan,MAL,2289
19282,kirina,MAL,2289
19283,bamako,MAL,2289
19284,dieribakoro,MAL,2289
19285,siguiri,MAL,2289
19286,kaba,MAL,2289
19287,sosso,GHA,2287
19288,sagala,GHA,2287
19289,mourdiah,GHA,2287
19290,guire,GHA,2287
19291,goumbou,GHA,2287
19292,banamba,DFN,2286
19293,segou,BMR,2282
19294,bla,BMR,2282
19295,koulikoro,BMR,2282
19296,nyamina,BMR,2282
19297,sansanding,BMR,2282
19298,dioila,BMR,2282
19299,kita,DFN,2286
19300,bafoulabe,BBK,2285
19301,diakha,BBK,2285
19302,niagassola,MAL,2289
19303,narena,DFN,2286
19304,tabou_m,DFN,2286
19305,tengrela,MAL,2289
19306,niena,MAL,2289
19307,garalo,MAL,2289
19308,massigui,MAL,2289
19309,niantjila,MAL,2289
19310,koutiala,BMR,2282
19311,birnin_zamfara,ZAM,2307
19312,dutsi,ZAM,2307
19313,talata_mafara,ZAM,2307
19314,gusau,ZAM,2307
19315,funtua,ZAM,2307
19316,alkalawa,GOB,2310
19317,birni_lalle,GOB,2310
19318,maradi,GOB,2310
19319,birni_nkonni,GOB,2310
19320,katsina,KTS,2306
19321,tessawa,KTS,2306
19322,daura,DAA,2311
19323,gumel,KTS,2306
19324,birnin_kebbi,ZAM,2307
19325,surame,ZAM,2307
19326,sokoto,ZAM,2307
19327,goronyo,ZAM,2307
19328,takassaba,ZAM,2307
19329,koko,ZAM,2307
19330,anka,ZAM,2307
19331,kano,KAN,2305
19332,rano,RAN,2309
19333,gaya_n,KAN,2305
19334,kazaure,KTS,2306
19335,yauri,ZAM,2307
19336,kontagora,ZAM,2307
19337,zuru,ZAM,2307
19338,kulfo,ZAM,2307
19339,kotonkoro,ZAM,2307
19340,zazzau,ZZZ,2264
19341,turunku,ZZZ,2264
19342,birnin_gwari,ZZZ,2264
19343,lere,ZZZ,2264
19344,anchau,ZZZ,2264
19345,tegina,ZZZ,2264
19346,biram,KAN,2305
19347,auyo,KAN,2305
19348,dutse,RAN,2309
19349,shira,RAN,2309
19350,birnin_kudu,RAN,2309
19351,gwaram,RAN,2309
19352,timbuktu,GHA,2287
19353,kabara,BMR,2282
19354,goundam,BMR,2282
19355,gourma_rharous,TFK,2296
19356,tindirma,BMR,2282
19357,sahel_corridor25,,
19358,taghaza,GHA,2287
19359,taoudenni,GHA,2287
19360,araouane,GHA,2287
19361,sahel_corridor09,,
19362,sahel_corridor24,,
19363,sahel_corridor10,,
19364,sahel_corridor11,,
19365,tanezrouft,,
19366,east_el_djouf,,
19367,douentza,BMR,2282
19368,bore,BMR,2282
19369,ngouma,BMR,2282
19370,arlal,BMR,2282
19371,bambara_maounde,BMR,2282
19372,safare,BMR,2282
19373,dogo,BMR,2282
19374,soumpi,BMR,2282
19375,korientze,BMR,2282
19376,ras_el_ma,BMR,2282
19377,gargando,BMR,2282
19378,macina,KBR,2283
19379,niono,BMR,2282
19380,sokolo,GHA,2287
19381,dia,ZGH,2284
19382,tenenkou,BMR,2282
19383,sanga,BMR,2282
19384,kare,GHA,2287
19385,djenne,BMR,2282
19386,san,BMR,2282
19387,sanekuy,BMR,2282
19388,bai,BMR,2282
19389,kanibonzon,BMR,2282
19390,ouagadougou,OUA,2298
19391,koudougou,OUA,2298
19392,leo,OUA,2298
19393,po,OUA,2298
19394,zorgho,OUA,2298
19395,tiebele,OUA,2298
19396,sya,GWI,2299
19397,loropeni,GWI,2299
19398,banfora,GWI,2299
19399,sideradougou,GWI,2299
19400,farakala,GWI,2299
19401,sanzana,GWI,2299
19402,yatenga,YAT,2301
19403,doubare,YAT,2301
19404,rim,YAT,2301
19405,djibo,YAT,2301
19406,zondoma,YAT,2301
19407,kirikongo,OUA,2298
19408,bankuy,OUA,2298
19409,faramana,OUA,2298
19410,hounde,OUA,2298
19411,boromo,OUA,2298
19412,wa,OUA,2298
19413,daboya,OUA,2298
19414,paga,OUA,2298
19415,diebougou,OUA,2298
19416,gambaga,OUA,2298
19417,dosso,,
19418,loga,,
19419,koure,,
19420,kaouara,,
19421,dongondoutchi,,
19422,boubon,,
19423,ouallam,,
19424,goudel,,
19425,tondikandia,,
19426,hamdallaye,,
19427,gaia,,
19428,tounouga,,
19429,tanda,,
19430,yelou,,
19431,say,,
19432,botou,,
19433,makalondi,,
19434,mansila,,
19435,libore,,
19436,gaspe,,
19437,chicchoc,,
19438,marsoui,,
19439,pewjeg,,
19440,cascapedia,,
19441,paspebiac,,
19442,matapedia,,
19443,chic_choc_mountains,,
19444,matane,,
19445,rimouski,,
19446,mitis,,
19447,amqui,,
19448,causapscal,,
19449,kakouna,,
19450,molsemtekw,,
19451,temiscouata,,
19452,kamouraska,,
19453,northern_notre_dame_mountains,,
19454,kikonteku,,
19455,kamitsisit,,
19456,etchemin,,
19457,wachilmezi,,
19458,onkobagag,,
19459,sartigan,,
19460,wolastoq,,
19461,stadacona,,
19462,andawaohie,,
19463,ontaretse,,
19464,ahwendoe,,
19465,ondaonnentakwi,,
19466,aunona,,
19467,taoondewake,,
19468,kouate,,
19469,laurentian_massif,,
19470,mingan,,
19471,pigou,,
19472,aguanish,,
19473,natashquan,,
19474,manapakuaniskau,,
19475,uanaman,,
19476,upuahpukau,,
19477,magpie_massif,,
19478,notiskuan,,
19479,anticosti,,
19480,natigostec,,
19481,mecatina,,
19482,kegaska,,
19483,coacoachou,,
19484,napetipi,,
19485,mecatina_hills,,
19486,uashat,,
19487,nipisso,,
19488,nipissis,,
19489,caopacho,,
19490,opocopa,,
19491,mistecapiu,,
19492,sainte_marguerite_plateau,,
19493,ouiauirabugu,,
19494,toulnustouc,,
19495,capotigamau,,
19496,manicouagan,,
19497,mouchalagane,,
19498,kapuameut,,
19499,piletisipuk,,
19500,manicouagan_plateau,,
19501,manicouagan_depression,,
19502,lake_manicouagan,,
19503,lake_mouchalagane,,
19504,pessamit,,
19505,betsiamites,,
19506,pipmuacan,,
19507,itomamo,,
19508,kitchesatsiou,,
19509,manouanis,,
19510,tetepisca,,
19511,essipit,,
19512,manouane,,
19513,manouanis_massif,,
19514,lake_pipmuacan,,
19515,chicoutimi,,
19516,shipshaw,,
19517,onatchiway,,
19518,outapimiskou,,
19519,metabetchouane,,
19520,valin_mountains,,
19521,tadoussac,,
19522,opiticiwan,,
19523,oskelaneo,,
19524,minkaniciciw,,
19525,wemotaci,,
19526,maskotci,,
19527,metabeskega,,
19528,kokokachi,,
19529,cikakw_sipi,,
19530,kiskissink,,
19531,wayagamac,,
19532,windigo_massif,,
19533,kitigan_zibi,,
19534,baskatong,,
19535,poigan,,
19536,picanoc,,
19537,gatineau_hills,,
19538,tapani,,
19539,kiamika,,
19540,kanegaok,,
19541,temiscamingue,,
19542,maganasipi,,
19543,kippawa,,
19544,winneway,,
19545,kinojevis,,
19546,osisko,,
19547,kitcisakik,,
19548,kakibonga,,
19549,cawassiemica,,
19550,capimitchigama,,
19551,chochocouane_hills,,
19552,dumoine_plateau,,
19553,lake_temiscamingue,,
19554,quinze_lake,,
19555,preissac_lake,,
19556,mistassibi,,
19557,samaqua,,
19558,ouasimesca,,
19559,nestaocano,,
19560,tchitogama,,
19561,peribonka,,
19562,onistagane,,
19563,machisque,,
19564,eastern_peribonka_hills,,
19565,peribonka_hills,,
19566,ashuapmushuan,,
19567,kanishushteu,,
19568,chigoubiche,,
19569,nicabau,,
19570,ouiatchouaniche,,
19571,ashuapmushuan_hills,,
19572,lake_saint_jean,,
19573,wigwomadensis,,
19574,masolian,,
19575,yamaska,,
19576,wdpesek,,
19577,lake_champlain,,
19578,hochelaga,,
19579,kemoimenahan,,
19580,ahkwesasne,,
19581,otennienontant,,
19582,makigotekw,,
19583,loigan_sibo,,
19584,lake_of_two_mountains,,
19585,kiwetin_sipi,,
19586,mikiwam,,
19587,outaragasipi,,
19588,tremblant_massif,,
19589,alsigontekw,,
19590,wolinak,,
19591,wabanaki,,
19592,arthabaska,,
19593,nebesek,,
19594,nikitotegwak,,
19595,megantic,,
19596,maskikogamak,,
19597,coaticook,,
19598,memphremagog,,
19599,wigwomadenek,,
19600,wagowategok,,
19601,lake_memphremagog,,
19602,ekwentondie,,
19603,yamachiche,,
19604,shawinigan,,
19605,mekinac,,
19606,matawin,,
19607,lake_saint_pierre,,
19608,nagatinong,,
19609,weskarini,,
19610,okaisipi,,
19611,quyon,,
19612,nichabau,,
19613,malartic_lake,,
19614,malartic,,
19615,wasakin,,
19616,chicobi,,
19617,harricana,,
19618,obaska,,
19619,megiscane,,
19620,matagami_depression,,
19621,matagami_lake,,
19622,waswanipi_lake,,
19623,poncheville_lake,,
19624,opawica,,
19625,opemisca,,
19626,waswanipi,,
19627,maicasagi,,
19628,soscumica,,
19629,nottaway,,
19630,missicabi,,
19631,waskaganish,,
19632,kaipeshimushich,,
19633,nemasca,,
19634,kapitukamach,,
19635,kauakiekamatsh,,
19636,natastan,,
19637,nistam,,
19638,kamashikamach,,
19639,ouagama,,
19640,rupert_plateau,,
19641,lake_evans,,
19642,mistissini,,
19643,cawachagamite,,
19644,shipastouk,,
19645,mistassiniish,,
19646,chibougamau,,
19647,temiscamie,,
19648,mistassini_hills,,
19649,lake_chibougamau,,
19650,lake_mistassini,,
19651,lake_albanel,,
19652,pitchibourenik,,
19653,caisaboscai,,
19654,chistamikap,,
19655,nasacauso,,
19656,neoskweskau,,
19657,cauouatstacau,,
19658,eastmain_hills,,
19659,mistimakan,,
19660,chisasibi,,
19661,maquatua,,
19662,atikuan,,
19663,la_grande_hills,,
19664,lake_sakami,,
19665,nichicun,,
19666,misask,,
19667,wahemen,,
19668,naococane,,
19669,otish_mountains,,
19670,lake_nichicun,,
19671,lake_naococane,,
19672,kuujjuarapik,,
19673,qingaaluk,,
19674,tupialuviniq,,
19675,wiyashakimi,,
19676,nastapoka,,
19677,great_whale_plateau,,
19678,lake_bienville,,
19679,lake_tasiujaq,,
19680,lake_wiyashakami,,
19681,seal_lake,,
19682,kuujjuaq,,
19683,kuuvik,,
19684,natuak,,
19685,kasuswapaskau,,
19686,koskoak,,
19687,ungava_peninsula,,
19688,larch_plateau,,
19689,sanikiluaq,,
19690,southampton_island,,
19691,amadjuak_lake,,
19692,lake_minto,,
19693,lake_payne,,
19694,pangnirtung,,
19695,iglunga,,
19696,iqaluit,,
19697,kimmirut,,
19698,amadjuak,,
19699,kinngait,,
19700,baffin_island,,
19701,caniapiscau,,
19702,kasakaupuyau,,
19703,wayustikw,,
19704,mistanipi,,
19705,chipisipi,,
19706,katataskatikw,,
19707,misinichikw,,
19708,otelnuk,,
19709,kawachisakau,,
19710,kawachikamasu,,
19711,enchukamao,,
19712,caniapiscau_plateau,,
19713,opiscoteo_hills,,
19714,lake_caniapiscau,,
19715,qikirtajuaq,,
19716,kamusawawasich,,
19717,kawawasukutisich,,
19718,kaypikupau,,
19719,mistinatwayasu,,
19720,kamiskayachuuch,,
19721,qurlutuq,,
19722,labrador_hills,,
19723,whale_lowlands,,
19724,kangiqsualujjuaq,,
19725,imaapik,,
19726,siimitalik,,
19727,uashekanau,,
19728,mistinatuakamau,,
19729,mushuau,,
19730,kausseskait,,
19731,tupirvialuit,,
19732,koroc,,
19733,quebec_torngats,,
19734,george_river_plateau,,
19735,nunainguk,,
19736,navchak,,
19737,kingmirtok,,
19738,napaktok,,
19739,okak,,
19740,aulatsivik,,
19741,ukasikalik,,
19742,agvituk,,
19743,kaipokok,,
19744,aillik,,
19745,tessuialluk,,
19746,torngat_mountains,,
19747,misha_shipu,,
19748,tikigaksuagusik,,
19749,aivitok,,
19750,kenamu,,
19751,sheshatshiu,,
19752,kauipushkakamat,,
19753,kamassekutinat,,
19754,labrador_highlands,,
19755,hamilton_inlet,,
19756,grand_lake,,
19757,shabogamo,,
19758,ashuanipi,,
19759,kepimits,,
19760,muhaukamau,,
19761,atikonak,,
19762,kamassekuakamat,,
19763,nipissu,,
19764,winokapau,,
19765,mecatina_plateau,,
19766,ashuanipi_lake,,
19767,shabogamo_lake,,
19768,mishikamau,,
19769,menutinau,,
19770,ushkau_nipi,,
19771,attikamagen,,
19772,petitsikapau,,
19773,hamilton_highlands,,
19774,attikamagen_lake,,
19775,lake_petitsikapau,,
19776,catucto,,
19777,red_bay,,
19778,ikkatuluk,,
19779,uivvatok,,
19780,natsitok,,
19781,inutsualak,,
19782,mealy_mountains,,
19783,belle_isle,,
19784,wipetikil,,
19785,naskwotchu,,
19786,mekapisk,,
19787,long_range_mountains,,
19788,eimastukwek,,
19789,epwikek,,
19790,kutapuskuj,,
19791,pgotapesg,,
19792,upsukdaskooch,,
19793,wli_qospem,,
19794,gosaoie,,
19795,nogamsig,,
19796,meelpaeg,,
19797,amasipukwek,,
19798,sibook,,
19799,annieopsquotch_mountains,,
19800,baie_verte,,
19801,walnaypek,,
19802,akilasiewakik,,
19803,newfoundland_highlands,,
19804,cape_spear,,
19805,bacalhieu,,
19806,mekwiskajk,,
19807,mollyhuajeck,,
19808,placentia,,
19809,cape_race,,
19810,maqtewey,,
19811,nukamkiajijk,,
19812,miquelon,,
19813,elsiktuk,,
19814,tignish,,
19815,malpeque,,
19816,tapu_tuitn,,
19817,pukusamkek,,
19818,menageesenog,,
19819,ainslie_lake,,
19820,askataliank,,
19821,cheticamp,,
19822,ingonish,,
19823,qospemk,,
19824,apaqtukowatek,,
19825,sipuk,,
19826,kluskapewiktuk,,
19827,bras_dor_lake,,
19828,pictou,,
19829,chignecto,,
19830,maccan,,
19831,tatamagouche,,
19832,antigonish,,
19833,canso,,
19834,kekwapskuk,,
19835,wikipoq,,
19836,weljuik,,
19837,jijkwtuk,,
19838,cobequid,,
19839,shubenacadie,,
19840,kennetook,,
19841,kjipuktuk,,
19842,wetewatoqsik,,
19843,musquedoboit,,
19844,aspotogan,,
19845,esekatik,,
19846,nmejuaqnek,,
19847,nictaux,,
19848,wekwayik,,
19849,chebogue,,
19850,muinawamek,,
19851,nisiamk,,
19852,oqumkikiak,,
19853,chipoudy,,
19854,petitcodiac,,
19855,memramcook,,
19856,richibucto,,
19857,kouchibouguac,,
19858,miramichi,,
19859,neguac,,
19860,anagance,,
19861,seeboosis,,
19862,nepisiguit,,
19863,tracadie,,
19864,caraquet,,
19865,restigouche,,
19866,maleagit,,
19867,pogomeg,,
19868,asoqasqoq,,
19869,matapedia_highlands,,
19870,madawaska,,
19871,negoot,,
19872,becaguimec,,
19873,siegas,,
19874,menahkwesk,,
19875,mispec,,
19876,kennebecasis,,
19877,washademoak,,
19878,otnabog,,
19879,kcheeminpink,,
19880,canaan_bog,,
19881,grand_lake_ca,,
19882,nashwaak,,
19883,oromocto,,
19884,meductic,,
19885,welamooktook,,
19886,pokiok,,
19887,grand_manan,,
19888,pocologan,,
19889,chamcook,,
19890,magaguadavic,,
19891,cataraqui,,
19892,kahwenoke,,
19893,toniato,,
19894,gananoque,,
19895,opinicon,,
19896,kitchissippi,,
19897,pasapkedjinawong,,
19898,onontchataronon,,
19899,maizinaazibi,,
19900,matoueska,,
19901,kinozhesipi,,
19902,pikwakanagan,,
19903,petawawa,,
19904,napanee,,
19905,ganneious,,
19906,ganaraska,,
19907,quinte,,
19908,otonabee,,
19909,kawartha,,
19910,mazinaw,,
19911,skootamatta,,
19912,kamaniskeg,,
19913,catchacoma,,
19914,kashagawigamog,,
19915,macassa,,
19916,niagara,,
19917,nissouri,,
19918,kandoucho,,
19919,kenhionatatie,,
19920,tekahionhake,,
19921,kanagio,,
19922,ganatchio,,
19923,bkwejanong,,
19924,menesetung,,
19925,saugeen,,
19926,dehskan_ziibi,,
19927,nochemoweniing,,
19928,etharita,,
19929,ehwae,,
19930,garafraxa,,
19931,eramosa,,
19932,ouentarionk,,
19933,cahiague,,
19934,kaotia,,
19935,scanonaenrat,,
19936,ossossane,,
19937,lake_simcoe,,
19938,tkaronto,,
19939,oshawa,,
19940,scugog,,
19941,haskaont,,
19942,missinihe,,
19943,tetioneshohon,,
19944,shawanaga,,
19945,cognashene,,
19946,kahshe,,
19947,magnetawan,,
19948,opeongo_hills,,
19949,nosbonsing,,
19950,nipissing,,
19951,powassan,,
19952,memesagamesing,,
19953,nemag,,
19954,lake_nipissing,,
19955,wanapitei,,
19956,onaping,,
19957,pogamasing,,
19958,temagami,,
19959,ishpatina_ridge,,
19960,wanapitei_lake,,
19961,manitoulin,,
19962,wemitigoj,,
19963,eskimanetigon,,
19964,mississagi,,
19965,matabichuan,,
19966,matachewan,,
19967,sessekinika,,
19968,mattawa,,
19969,opimika,,
19970,baawitigong,,
19971,batchawana,,
19972,michipicoten,,
19973,agawa_superior,,
19974,manitowik,,
19975,pekatek,,
19976,aguasabon,,
19977,wawa_uplands,,
19978,penokean_hills,,
19979,nipigon,,
19980,namewaminikan,,
19981,ombabika,,
19982,wabinosh,,
19983,kaitotikwia,,
19984,onaman_lake,,
19985,lake_nipigon,,
19986,kaministiquia,,
19987,kakabeka,,
19988,neebing,,
19989,minong,,
19990,kapuskasing,,
19991,missinaibi,,
19992,nemegosenda,,
19993,otapingshewee,,
19994,tionaga,,
19995,wakusimi,,
19996,mattawishkwia,,
19997,nemegosenda_uplands,,
19998,kenogamissi,,
19999,mattagami,,
20000,buskegau,,
20001,mistango,,
20002,nahma,,
20003,piscoutagami,,
20004,mattawasaga,,
20005,lake_abitibi,,
20006,nagagami,,
20007,watistiguam,,
20008,achikamii,,
20009,kabinakagami,,
20010,pagwachuan,,
20011,ginoogaming,,
20012,croix_lake,,
20013,basswood_lake,,
20014,atikwa,,
20015,saganaga,,
20016,quetico,,
20017,namakan,,
20018,gojijin,,
20019,kakagi,,
20020,wabaseemong,,
20021,winnange,,
20022,wabigoon,,
20023,obishikokaang,,
20024,waaninaawangang,,
20025,wabigoon_uplands,,
20026,lac_seul,,
20027,lake_of_the_woods,,
20028,rainy_lake,,
20029,ogoki,,
20030,miniss,,
20031,atikokiwam,,
20032,matapesatakun,,
20033,petawanga,,
20034,pichinamei,,
20035,makokibatan,,
20036,kagianagami,,
20037,ogoki_uplands,,
20038,ogoki_lake,,
20039,lake_saint_joseph,,
20040,winisk,,
20041,kinusheo,,
20042,wabuk,,
20043,asheweig,,
20044,tabasokwia,,
20045,shibogama,,
20046,wapikopa,,
20047,wunnumin,,
20048,wapitotem,,
20049,hudson_bay_lowlands,,
20050,winisk_uplands,,
20051,attawapiskat_lake,,
20052,lake_wunnumin,,
20053,washeo,,
20054,niskibi,,
20055,shagamu,,
20056,ministik,,
20057,severn_uplands,,
20058,big_trout_lake,,
20059,kinosao_sipi,,
20060,manigotagan,,
20061,atikaki,,
20062,mukutawa,,
20063,lake_winnipeg,,
20064,cross_lake,,
20065,oceko_sipiy,,
20066,mantago,,
20067,chitek,,
20068,kawinaw,,
20069,mechiso,,
20070,lake_st_martin,,
20071,cedar_lake,,
20072,pikwitonei,,
20073,anipitapiskow,,
20074,poskatinak,,
20075,silsby_lake_upland,,
20076,wekusko_upland,,
20077,sipiwesk_lake,,
20078,split_lake,,
20079,cormorant_lake,,
20080,talbot_lake,,
20081,nunatonowago,,
20082,kanaskipenaski,,
20083,kaministikowak,,
20084,echimamish,,
20085,eyapaysis,,
20086,lac_seul_upland,,
20087,hayes_river_upland,,
20088,island_lake,,
20089,gods_lake,,
20090,molson_lake,,
20091,oxford_lake,,
20092,numaykoos,,
20093,mistutikumak,,
20094,opuskowin,,
20095,kapuskaywak,,
20096,churchill_river_upland,,
20097,granville_lake,,
20098,southern_indian_lake,,
20099,reindeer_lake_upland,,
20100,indian_lake_upland,,
20101,shethanei,,
20102,tadoule,,
20103,kapuskaypachik,,
20104,thlewiaza,,
20105,mistahi,,
20106,seal_river_upland,,
20107,nejanilini_uplands,,
20108,tadoule_lake,,
20109,kamisak,,
20110,machichi,,
20111,kichekokotic,,
20112,sowunusiske,,
20113,wapusk,,
20114,des_nedhe,,
20115,nunalla,,
20116,nueltin,,
20117,tatinnai,,
20118,thaolintoa,,
20119,tha_anne,,
20120,kazan_uplands,,
20121,northern_arctic_uplands,,
20122,arctic_archipelago,,
20123,dubawnt_lake,,
20124,angikuni_lake,,
20125,tulemalu_lake,,
20126,yathkyed_lake,,
20127,tebesjuak_lake,,
20128,aberdeen_lake,,
20129,lake_nueltin,,
20130,baker_lake,,
20131,tehek_lake,,
20132,lake_kasba,,
20133,attawapiskat,,
20134,ekwan,,
20135,otadaonanis,,
20136,patchepawapoka,,
20137,lakitusaki,,
20138,attawapiskat_lowlands,,
20139,kashechewan,,
20140,wabimeig,,
20141,mammamattawa,,
20142,wapiskau,,
20143,kinosheo,,
20144,pagashi,,
20145,tchakashapug,,
20146,james_bay_lowlands,,
20147,english_river_uplands,,
20148,moosonee,,
20149,abimatinu,,
20150,takwata,,
20151,wawiyastan,,
20152,kwetabohigan,,
20153,kagawask,,
20154,mesagami,,
20155,olimisk,,
20156,abitibi_uplands,,
20157,kesagami_lake,,
20158,mahnahwoonan,,
20159,sivukutaitiarruvik,,
20160,akimiski,,
20161,bay_of_quinte,,
20162,central_lake_ontario,,
20163,niagara_basin,,
20164,eastern_erie_basin,,
20165,central_erie_basin,,
20166,pelee_island,,
20167,lake_st_clair,,
20168,northern_lake_huron,,
20169,deadmans_point,,
20170,cunningham_point,,
20171,georgian_bay,,
20172,manitoulin_channel,,
20173,southern_lake_huron,,
20174,clark_point,,
20175,blue_point,,
20176,whitefish_point,,
20177,saginaw_bay,,
20178,green_bay,,
20179,strait_of_makinac,,
20180,traverse_bay,,
20181,middle_lake_michigan,,
20182,south_lake_michigan,,
20183,wind_point,,
20184,au_sable_point,,
20185,whitefish_bay,,
20186,michipicoten_bay,,
20187,pukaskwa_point,,
20188,keweenaw_bay,,
20189,schreiber_channel,,
20190,black_bay,,
20191,chequamegon_bay,,
20192,thunder_bay,,
20193,keweenaw_coast,,
20194,copper_harbor,,
20195,aulatsivik_island,,
20196,sloop_harbour_point,,
20197,hawke_island,,
20198,black_bear_bay,,
20199,kaipokok_bay,,
20200,labrador_sea,,
20201,canada_high_sea9,,
20202,canada_high_sea6,,
20203,canada_high_sea7,,
20204,frobisher_bay,,
20205,cumberland_sound,,
20206,north_aulatsivik_island,,
20207,okak_bay,,
20208,hatten_headland,,
20209,edgell_island,,
20210,popham_bay,,
20211,angijak_island,,
20212,dyer_cape,,
20213,baffin_bay,,
20214,baffin_high_sea2,,
20215,baffin_high_sea4,,
20216,canada_high_sea2,,
20217,canada_high_sea4,,
20218,anticosti_channel,,
20219,grosse_island,,
20220,saint_lawrence_gulf,,
20221,gulf_of_saint_lawrence,,
20222,saint_georges_bay,,
20223,st_george_bay,,
20224,cabot_strait,,
20225,bay_of_islands,,
20226,esquiman_channel,,
20227,amour_point,,
20228,mouth_of_saint_lawrence,,
20229,saguenay_fjord,,
20230,saint_lawrence_estuary,,
20231,boisvert_point,,
20232,anglais_point,,
20233,cartier_point,,
20234,coast_of_gaspe,,
20235,sept_iles_bay,,
20236,gamache_bay,,
20237,honguedo_strait,,
20238,mingan_islands,,
20239,lake_island,,
20240,bilodeau_point,,
20241,anticosti_coast,,
20242,mecatina_islands,,
20243,saint_agustin_bay,,
20244,les_blacklands,,
20245,vieux_poste_point,,
20246,rouge_cape,,
20247,quero_bank,,
20248,havre_aubert_cape,,
20249,northumberland_strait,,
20250,tatamagouche_bay,,
20251,pictou_banks,,
20252,strait_of_canso,,
20253,malpeque_bay,,
20254,abegweit_passage,,
20255,miramichi_bay,,
20256,gaspe_bay,,
20257,chaleur_bay,,
20258,bradelle_valley,,
20259,laurentian_channel,,
20260,burgeo_bank,,
20261,hermitage_channel,,
20262,hermitage_bay,,
20263,fortune_bay,,
20264,st_pierre_bank,,
20265,canada_high_sea16,,
20266,placentia_bay,,
20267,green_bank,,
20268,trepassey_bay,,
20269,conception_bay,,
20270,bonavista_bay,,
20271,canada_high_sea13,,
20272,canada_high_sea14,,
20273,canada_high_sea15,,
20274,canada_high_sea11,,
20275,canada_high_sea12,,
20276,groais_island,,
20277,notre_dame_bay,,
20278,freels_cape,,
20279,notre_dame_channel,,
20280,grey_islands,,
20281,canada_high_sea10,,
20282,brown_bank,,
20283,bacarro_bank,,
20284,lahave_bank,,
20285,emerald_bank,,
20286,canada_high_sea19,,
20287,canada_high_sea20,,
20288,canada_high_sea21,,
20289,sydney_bight,,
20290,misaine_bank,,
20291,middle_bank,,
20292,canso_bank,,
20293,canada_high_sea17,,
20294,canada_high_sea18,,
20295,grand_manan_basin,,
20296,bay_of_fundy,,
20297,chignecto_bay,,
20298,minas_basin,,
20299,pen_islands,,
20300,mouth_of_the_winisk,,
20301,shagamu_coast,,
20302,kamisak_coast,,
20303,mouth_of_thlewiaza,,
20304,thompson_point,,
20305,churchill_shoal,,
20306,dawson_inlet,,
20307,rankin_inlet,,
20308,chesterfield_inlet,,
20309,hudson_bay1,,
20310,hudson_bay_high_sea11,,
20311,hudson_bay_high_sea12,,
20312,hudson_bay_high_sea14,,
20313,salluit_fjord,,
20314,charles_island,,
20315,king_george_sound,,
20316,diana_bay,,
20317,akpatok_island1,,
20318,akpatok_island2,,
20319,aquiatulavik_bay,,
20320,jubilee_island,,
20321,glencoe_island,,
20322,big_island,,
20323,saddleback_island,,
20324,keglo_bay,,
20325,alukpaluk_bay,,
20326,forbes_sound,,
20327,ungava_bay_high_sea,,
20328,northwestern_passage,,
20329,vauquelin_point,,
20330,belcher_islands_coast5,,
20331,salikuit_islands,,
20332,mctavish_island,,
20333,drayton_island,,
20334,kongaluk_bay,,
20335,cape_smith,,
20336,digges_island,,
20337,gods_mercy_bay,,
20338,netcheck_cape,,
20339,evans_strait,,
20340,santianna_point,,
20341,coats_island3,,
20342,leyson_point,,
20343,mansel_island3,,
20344,hudson_bay_high_sea4,,
20345,hudson_bay_high_sea5,,
20346,hudson_bay_high_sea9,,
20347,hudson_bay_high_sea16,,
20348,hudson_bay2,,
20349,hudson_bay3,,
20350,kakachischuan_point,,
20351,cape_hope_islands,,
20352,cape_henrietta_maria,,
20353,bear_islands,,
20354,yateras,,
20355,bayaquitiri,,
20356,mayari,,
20357,guantanamo,,
20358,baracoa,,
20359,sagua,,
20360,barajagua,,
20361,bayamo,,
20362,macaca,,
20363,jiguani,,
20364,cueiba,,
20365,maguanes,,
20366,bani_cuba,,
20367,lora,,
20368,cayaguayo,,
20369,south_camaguey,,
20370,camaguey,,
20371,mabuya,,
20372,guaimaro,,
20373,cubanacan,,
20374,east_cubanacan,,
20375,magon,,
20376,ornofay,,
20377,guamuhaya,,
20378,east_sabaneque,,
20379,central_sabaneque,,
20380,sabana,,
20381,habana,,
20382,batanabo,,
20383,guanimar,,
20384,marien_cuba,,
20385,siguanea,,
20386,guaniguanico,,
20387,guanamacabibes,,
20388,macoriges,,
20389,west_sabaneneque,,
20390,hanabana,,
20391,jagua,,
20392,maynoa,,
20393,yaguabo,,
20394,aguacadiba,,
20395,guaygata,,
20396,anaya,,
20397,oristan,,
20398,kaiman,,
20399,abacoa,,
20400,exuma,,
20401,guanima,,
20402,eleuthera,,
20403,utiaquia,,
20404,guanahani,,
20405,inagua,,
20406,samana_cay,,
20407,jumento,,
20408,caycos,,
20409,lucayoneque,,
20410,bahama,,
20411,bavaro,,
20412,yuma,,
20413,mona_island,,
20414,hicayagua,,
20415,cayacoa,,
20416,yamasa,,
20417,boya,,
20418,maguana,,
20419,jarabacoa,,
20420,cibao,,
20421,azua,,
20422,bani,,
20423,banique,,
20424,cordrilla_central,,
20425,yaqui,,
20426,magorix,,
20427,bohio,,
20428,moca,,
20429,samana,,
20430,cubao,,
20431,ciguayo,,
20432,cotui,,
20433,marien,,
20434,iguamuco,,
20435,guahaba,,
20436,tortuga,,
20437,baynoa,,
20438,jaragua,,
20439,cayguani,,
20440,baoruco,,
20441,guanabo,,
20442,cahay,,
20443,guacayakima,,
20444,haniguayagua,,
20445,yaquimo,,
20446,yaguana,,
20447,baoruco_mountains,,
20448,neiba_mountains,,
20449,guaynabo,,
20450,guaraca,,
20451,guaynia,,
20452,guama,,
20453,arasibo,,
20454,ayamaco,,
20455,west_colorados_archipelago,,
20456,east_colorados_archipelago,,
20457,havana_bay,,
20458,cape_corrientes,,
20459,gulf_mexico10,,
20460,trinity_lagoon,,
20461,barataria_bay,,
20462,chandeleur_sound,,
20463,atchafalaya_bay,,
20464,vermillion_bay,,
20465,gulf_mexico14,,
20466,gulf_mexico15,,
20467,gulf_mexico17,,
20468,gulf_mexico18,,
20469,chavarria_bar,,
20470,tamaulipas_coast,,
20471,madre_lagoon,,
20472,grande_delta,,
20473,gulf_mexico3,,
20474,padre_island,,
20475,corpus_christi_bay,,
20476,matagorda_bay,,
20477,brazos_mouth,,
20478,gulf_mexico1,,
20479,gulf_mexico2,,
20480,gulf_mexico22,,
20481,waccasassa_bay,,
20482,tampa_bay,,
20483,san_carlos_bay,,
20484,chokoloskee_bay,,
20485,florida_keys,,
20486,gulf_mexico11,,
20487,gulf_mexico12,,
20488,gulf_mexico19,,
20489,tamiahua_lagoon,,
20490,tuxpan_coast,,
20491,nauhtlan_coast,,
20492,chachalacas_coast,,
20493,sontecomapan_lagoon,,
20494,coatzacoalcos_bay,,
20495,mecoacan_lagoon,,
20496,gulf_mexico4,,
20497,gulf_mexico5,,
20498,xicalango_point,,
20499,campeche_bay,,
20500,lastre_point,,
20501,sisal_coast,,
20502,dzilam_coast,,
20503,lagartos_coast,,
20504,holbox_island,,
20505,gulf_mexico6,,
20506,gulf_mexico7,,
20507,gulf_mexico8,,
20508,gulf_mexico9,,
20509,gulf_mexico20,,
20510,gulf_mexico21,,
20511,gulf_mexico23,,
20512,gulf_mexico16,,
20513,biloxi_bay,,
20514,mobile_bay,,
20515,pensacola_bay,,
20516,saint_andrew_bay,,
20517,apalachee_bay,,
20518,gulf_mexico13,,
20519,windward_passage,,
20520,guantanamo_bay,,
20521,coast_sierra_maestra,,
20522,gulf_gonave,,
20523,gonave_channel,,
20524,navassa_island,,
20525,cruz_cape,,
20526,port_royal,,
20527,negril_point,,
20528,montego_bay,,
20529,long_bay,,
20530,jamaica_channel,,
20531,caribe_sea7,,
20532,caribe_sea8,,
20533,guna_yala_coast,,
20534,darien_gulf,,
20535,morrosquillo_gulf,,
20536,cartagena_bay,,
20537,galerazamba_coast,,
20538,santa_maria_bay,,
20539,camarones_mouth,,
20540,caribe_sea21,,
20541,caribe_sea22,,
20542,caribe_sea23,,
20543,caribe_sea30,,
20544,honduras_cape,,
20545,limon_coast,,
20546,brus_lagoon,,
20547,caratasca_lagoon,,
20548,bismuna_lagoon,,
20549,pahara_lagoon,,
20550,wounta_lagoon,,
20551,caribe_sea1,,
20552,caribe_sea27,,
20553,caribe_sea28,,
20554,pearl_lagoon,,
20555,monkey_point,,
20556,tortuguero_coast,,
20557,caribaro_bay,,
20558,calovebora_coast,,
20559,limon_bay,,
20560,guna_yala_gulf,,
20561,caribe_sea24,,
20562,caribe_sea25,,
20563,caribe_sea29,,
20564,amatique_bay,,
20565,turneffe_atoll,,
20566,xcalak_point,,
20567,mahahual_coast,,
20568,ascension_bay,,
20569,cozumel_island,,
20570,cancun_point,,
20571,caribe_sea3,,
20572,caribe_sea6,,
20573,batabano_gulf,,
20574,cochinos_bay,,
20575,ana_maria_gulf,,
20576,guacanayabo_gulf,,
20577,cienfuegos_bay,,
20578,east_canarreos_archipelago,,
20579,jardines_reina,,
20580,west_cayman_islands,,
20581,east_cayman_islands,,
20582,caribe_sea2,,
20583,caribe_sea4,,
20584,caribe_sea5,,
20585,margarita_island,,
20586,triste_gulf,,
20587,caracas_coast,,
20588,araya_point,,
20589,los_roques,,
20590,blanquilla_island,,
20591,bonaire_coast,,
20592,tucanca_coast,,
20593,caribe_sea17,,
20594,caribe_sea18,,
20595,manaure_bay,,
20596,espada_point,,
20597,cosinetas_bay,,
20598,maracaibo_lake,,
20599,cabimas_coast,,
20600,cumarebo_coast,,
20601,aruba_coast,,
20602,caribe_sea19,,
20603,caribe_sea20,,
20604,saona_island,,
20605,gravois_point,,
20606,jacmel_cape,,
20607,cape_beata,,
20608,ocoa_bay,,
20609,bay_santo_domingo,,
20610,caribe_sea9,,
20611,caribe_sea10,,
20612,caribe_sea11,,
20613,isla_caja_muertos,,
20614,rincon_bay,,
20615,anegada_passage,,
20616,st_croix_coast,,
20617,st_kitts_coast,,
20618,guadaloupe_coast,,
20619,caribe_sea12,,
20620,caribe_sea13,,
20621,caribe_sea16,,
20622,manzanillo_bay,,
20623,cape_macorote,,
20624,escocesa_bay,,
20625,bay_samana,,
20626,western_atlantic_high_sea8,,
20627,inagua_coast,,
20628,turks_islands_passage,,
20629,samana_cay_coast,,
20630,tortuga_island,,
20631,western_atlantic_high_sea5,,
20632,western_atlantic_high_sea6,,
20633,western_atlantic_high_sea7,,
20634,west_sabana_archipelago,,
20635,east_sabana_archipelago,,
20636,camaguey_archipelago,,
20637,sabinal_key,,
20638,nipe_bay,,
20639,baracoa_bay,,
20640,cay_sal_bank,,
20641,andros_coast,,
20642,bimini_channel,,
20643,abaco_coast,,
20644,san_salvador_coast,,
20645,torque_ocean,,
20646,central_great_bahama_bank,,
20647,long_island_coast,,
20648,south_great_bahama_bank,,
20649,western_atlantic_high_sea2,,
20650,western_atlantic_high_sea3,,
20651,western_atlantic_high_sea4,,
20652,western_atlantic_high_sea81,,
20653,florida_bay,,
20654,biscayne_bay,,
20655,palm_beach,,
20656,cape_canaveral,,
20657,st_augustine_inlet,,
20658,altamaha_sound,,
20659,western_atlantic_high_sea1,,
20660,ariogana,,
20661,wadadli,,
20662,liamuiga,,
20663,walichi,,
20664,malliouhana,,
20665,anegada,,
20666,aburakeiru,,
20667,vieques_island,,
20668,ayay,,
20669,carucairi,,
20670,waitu_kubuli,,
20671,iguanacaera,,
20672,hewanorra,,
20673,cairiani,,
20674,ichirouganaim,,
20675,alubera,,
20676,kamahuya,,
20677,youloumain,,
20678,buriari,,
20679,curacaute,,
20680,arubeira,,
20681,mona_passage,,
20682,arecibo_port,,
20683,bay_san_juan,,
20684,virgin_passage,,
20685,western_atlantic_high_sea9,,
20686,western_atlantic_high_sea10,,
20687,western_atlantic_high_sea11,,
20688,goal_point,,
20689,flitches_creek_bay,,
20690,martinique_passage,,
20691,barbados_coast,,
20692,western_atlantic_high_sea12,,
20693,western_atlantic_high_sea13,,
20694,western_atlantic_high_sea14,,
20695,western_atlantic_high_sea15,,
20696,karu_pana_coast,,
20697,paria_gulf,,
20698,araguapiche_point,,
20699,grande_mouth,,
20700,western_atlantic_high_sea17,,
20701,galleons_passage,,
20702,trinidad_coast,,
20703,the_grenadines,,
20704,tobago_coast,,
20705,dominica_coast,,
20706,saint_lucia_channel,,
20707,grenada_coast,,
20708,western_atlantic_high_sea16,,
20709,caribe_sea14,,
20710,caribe_sea15,,
20711,shawmut,,
20712,naumkeag,,
20713,assabet,,
20714,quinsigamond,,
20715,weshacum,,
20716,patuxet,,
20717,assonet,,
20718,nauset,,
20719,nantucket,,
20720,agawam,,
20721,pocumtuck,,
20722,mahaiwe,,
20723,pontoosuck,,
20724,seekonk,,
20725,woonsocket,,
20726,pawcatuck,,
20727,saukiog,,
20728,siccanemos,,
20729,willimantic,,
20730,nehantuck,,
20731,quinnipiac,,
20732,rippowam,,
20733,scatacook,,
20734,winooski,,
20735,gwenaska,,
20736,koes,,
20737,nitamibontegw,,
20738,walloomsac,,
20739,pecunktuk,,
20740,wantastiquet,,
20741,ottauquechee,,
20742,ompompanusooc,,
20743,passumpsic,,
20744,cowasuck,,
20745,amoskeag,,
20746,nashua,,
20747,squamscott,,
20748,pennacook,,
20749,umbagog,,
20750,pemigewasset,,
20751,ossipee,,
20752,lake_winnipesaukee,,
20753,monadnock,,
20754,sunapee,,
20755,coos,,
20756,ammonoosuc,,
20757,casco,,
20758,kennebunk,,
20759,androscoggin,,
20760,pequawket,,
20761,sebago_lake,,
20762,ammoscongon,,
20763,anasagunticook,,
20764,kennebec,,
20765,sagadahoc,,
20766,messalonskee,,
20767,norridgewock,,
20768,kineo,,
20769,caratunk,,
20770,kennebango,,
20771,moosehead_lake,,
20772,nanrantsouak,,
20773,mittaywanquam,,
20774,penobscot,,
20775,majabigwaduce,,
20776,piscataquis,,
20777,passagassawkeag,,
20778,pemetic,,
20779,millinocket,,
20780,katahdin,,
20781,aroostook,,
20782,meduxnekeag,,
20783,allagash,,
20784,passamaquoddy,,
20785,machias,,
20786,nicatous,,
20787,maatawamkeag,,
20788,manhattan,,
20789,tappan,,
20790,nochpeem,,
20791,montauk,,
20792,unquachog,,
20793,massapequa,,
20794,poughkeepsie,,
20795,ponkhockie,,
20796,minisink,,
20797,kitchawanc,,
20798,mahicannituck,,
20799,horicon,,
20800,esquatak,,
20801,lenape,,
20802,canajoharie,KKA,1091
20803,saratoga,KKA,1091
20804,schenectady,KKA,1091
20805,teionontatatie,KKA,1091
20806,oneonta,KKA,1091
20807,ticonderoga,KKA,1091
20808,itekiatonhniarikon,KKA,1091
20809,oskennonton,KKA,1091
20810,oronia,KKA,1091
20811,oneyotdehaga,,
20812,kawenote,KKA,1091
20813,tsiietsenhtha,KKA,1091
20814,adirondacks,,
20815,kanyengehaga,,
20816,nikahionhwakowa,ONY,1092
20817,oswegatchie,ONY,1092
20818,ahkwesasne_ny,,
20819,kaniatarahontsi,,
20820,ahna_wate,,
20821,onenioteke,ONY,1092
20822,niiohehsane,ONY,1092
20823,teiehonwahkhkwatha,ONY,1092
20824,oneniote,ONY,1092
20825,oneida_lake,,
20826,tsikahiotsisto,ONO,1093
20827,oswego,ONO,1093
20828,otsiningo,ONO,1093
20829,skaniatares,GYO,1094
20830,assorodus,GYO,1094
20831,gahato,GYO,1094
20832,seneca_lake,,
20833,skaneateles_lake,,
20834,caguya_lake,,
20835,canadaigua,ONN,1095
20836,irondequoit,ONN,1095
20837,geneseo,ONN,1095
20838,tsonentsiio,ONN,1095
20839,canandaigua_lake,,
20840,tiotoren,,
20841,kanentaweron,,
20842,thahnawate,,
20843,cattaraugus,,
20844,ahouenro,,
20845,raritan,,
20846,hackensack,,
20847,navisink,,
20848,piscopeek,,
20849,tetamekanch,,
20850,kechemeche,,
20851,cohansey,,
20852,amintonck,,
20853,assunpink,,
20854,muscotnetcong,,
20855,hopatcong,,
20856,shackamaxon,,
20857,wawassan,,
20858,wyomissing,,
20859,paxtang,,
20860,connatachequa,,
20861,conewago,,
20862,cumberland_mountains_9,,
20863,lehigh,,
20864,paunacussing,,
20865,tohickon,,
20866,schuylkill,,
20867,tesinigh,,
20868,attaock,,
20869,cocalico,,
20870,shamokin,,
20871,mahoning,,
20872,mattawana,,
20873,juniata,,
20874,onojutta,,
20875,tuckahoe,,
20876,wallenpaupack,,
20877,massawomeck,,
20878,scahentowanen,,
20879,lackawanna,,
20880,atrakwaye,,
20881,wappasening,,
20882,lackawaxen,,
20883,minguannan,,
20884,tappahanna,,
20885,assawoman,,
20886,loyalsock,,
20887,lycoming,,
20888,tangasootack,,
20889,andastoerrhonon,,
20890,susquehannock,,
20891,allegheny,,
20892,loyalhanna,,
20893,youghiogheny,,
20894,quemahoning,,
20895,conemaugh,,
20896,erie,,
20897,saucunk,,
20898,shenango,,
20899,tionesta,,
20900,kittaning,,
20901,punxsutawney,,
20902,wicomico,,
20903,chicamacomico,,
20904,matapeake,,
20905,patapsco,,
20906,wicontiss,,
20907,nentego,,
20908,patuxent,,
20909,anacostia,,
20910,monocacy,,
20911,potapoco,,
20912,catoctin,,
20913,antietam,,
20914,cacapon,,
20915,opequon,,
20916,wapocomo,,
20917,werowocomoco,,
20918,patawomeck,,
20919,wicocomico,,
20920,nanzatico,,
20921,rappahannock,,
20922,kiskiack,,
20923,accomac,,
20924,nansemond,,
20925,chesapeake,,
20926,weyanock,,
20927,powhatan,,
20928,appamatuck,,
20929,cheroenhaka,,
20930,waqua,,
20931,pamunkey,,
20932,doeg,,
20933,manassas,,
20934,tegninateo,,
20935,rassawek,,
20936,mowhemencho,,
20937,appomattox,,
20938,monahassanugh,,
20939,massinacak,,
20940,monasukapanough,,
20941,saponi,,
20942,nessoneick,,
20943,occaneechi,,
20944,pintahae,,
20945,meherrin,,
20946,mahock,,
20947,chiswell,,
20948,tutelo,,
20949,torope,,
20950,mondongachate,,
20951,cumberland_mountains_6,,
20952,onandagoa,,
20953,massanutten,,
20954,schinhandowi,,
20955,shenandoah,,
20956,shenandoah_mountains,,
20957,cumberland_mountains_8,,
20958,blue_ridge_mountains_2,,
20959,mosopeleacipi,,
20960,tazewell,,
20961,bland,,
20962,kallamuckee,,
20963,cumberland_mountains_5,,
20964,wappacoma,,
20965,ashby,,
20966,conococheague,,
20967,patna_us,,
20968,calicuas,,
20969,cumberland_mountains_7,,
20970,moneton,,
20971,mohetan,,
20972,kanawha,,
20973,ouasioto,,
20974,pocatalico,,
20975,chinquetana,,
20976,weotowe,,
20977,tsalagi,,
20978,anigiduwagi,,
20979,wihlink,,
20980,monongahela,,
20981,onimgohow,,
20982,calicua,,
20983,roanoke,,
20984,croatan,,
20985,hatteras,,
20986,chowanoke,,
20987,pocosin,,
20988,wiccacon,,
20989,mattamuskeet_lake,,
20990,phelps_lake,,
20991,pamlico,,
20992,coree,,
20993,corani,,
20994,neuse,,
20995,chicora,,
20996,dawhee,,
20997,woccon,,
20998,cohari,,
20999,sapponah,,
21000,necoes,,
21001,gowtano,,
21002,nooherooka,,
21003,kehaukee,,
21004,cherohenaka_nc,,
21005,pamticough,,
21006,adshusheer,,
21007,eno,,
21008,sissipahaw,,
21009,uwharrie,,
21010,waxhaw,,
21011,saura,,
21012,alamance,,
21013,yadkin,,
21014,keyauwee,,
21015,joara,,
21016,iswa,,
21017,guaquili,,
21018,eswawpuddenah,,
21019,kituwa,,
21020,nikwasi,,
21021,guaxule,,
21022,tahkeeosteh,,
21023,italwa,,
21024,wattogee,,
21025,watauga,,
21026,shady_valley_wasteland,,
21027,cumberland_mountains_3,,
21028,tanasee_ridge,,
21029,kuwohi,,
21030,blue_ridge_mountains,,
21031,cumberland_mountains_2,,
21032,nantahala_forest,,
21033,waccamaw,,
21034,winyah,,
21035,winnee,,
21036,peedee,,
21037,pocotaligo,,
21038,etiwan,,
21039,wando,,
21040,kiawah,,
21041,coosaw,,
21042,combahee,,
21043,wimbee,,
21044,santee,,
21045,cofitachequi,,
21046,hymahi,,
21047,talimeco,,
21048,ilasi,,
21049,catawba,,
21050,enoree,,
21051,pacolate,,
21052,amoyescheck,,
21053,keowee,,
21054,oolenoy,,
21055,generostee,,
21056,selkehatchie,,
21057,saluda,,
21058,congaree,,
21059,kosalu,,
21060,capachequi,,
21061,toa,,
21062,kasihta,,
21063,hitchauta,,
21064,pallachacola,,
21065,eufaula,,
21066,ocute,,
21067,ichisi,,
21068,altamaha,,
21069,cofaqui,,
21070,coosa,,
21071,ulibahali,,
21072,apica,,
21073,talimachusi,,
21074,itaba,,
21075,utsutigway,,
21076,quanasee,,
21077,chattahoochee_forest,,
21078,tugaloo,,
21079,nacoochee,,
21080,estatoe,,
21081,etoho,,
21082,kiokee,,
21083,wahachee,,
21084,ogeechee,,
21085,ohoopee,,
21086,sawokli,,
21087,alapaha,,
21088,mikasuki,,
21089,alapahoochee,,
21090,ocmulgee,,
21091,oconee,,
21092,hitchiti,,
21093,mocama,,
21094,tacatacaru,,
21095,tamathli,,
21096,icafui,,
21097,tybee,,
21098,ossabaw,,
21099,sapelo,,
21100,canoochee,,
21101,coweta,,
21102,kealedji,,
21103,pakanahuili,,
21104,tussahaw,,
21105,tuckabutche,,
21106,tescuntee,,
21107,chatahoochee,,
21108,timucua,,
21109,malapaz,,
21110,uriutina,,
21111,napituca,,
21112,mayaca,,
21113,utina,,
21114,itaraholata,,
21115,crescent_lake,,
21116,george_lake_fl,,
21117,jororo,,
21118,acuera,,
21119,surruque,,
21120,ho_bay,,
21121,harris_lake,,
21122,apopka_lake,,
21123,mayaimi,,
21124,ais,,
21125,guacata,,
21126,tequesta,,
21127,guarungube,,
21128,tequemapo,,
21129,okeechobee,,
21130,caloosahatchee,,
21131,uriparacoxi,,
21132,lake_okeechobee,,
21133,istokpoga_lake,,
21134,potano,,
21135,vicela,,
21136,uqueten,,
21137,tocaste,,
21138,guazoco,,
21139,mocozo,,
21140,ozita,,
21141,apalachee,,
21142,anhayca,,
21143,azile,,
21144,uzachile,,
21145,pensacola,,
21146,watappo,,
21147,choctawhatchee,,
21148,chatot,,
21149,pelisipi,,
21150,shawnee,,
21151,xualae,,
21152,maniatique,,
21153,cumberland_mountains,,
21154,cumberland_mountains_4,,
21155,amoyeli_gunahita,,
21156,canasoga,,
21157,chiaha,,
21158,coste,,
21159,hogohega,,
21160,great_smokies,,
21161,chalahume,,
21162,satapo,,
21163,tellico,,
21164,hiwasee,,
21165,chatanugi,,
21166,chestowee,,
21167,walden_ridge,,
21168,cohutta_mountains,,
21169,daguwanalahi,,
21170,aniyutsi,,
21171,shawanoe,,
21172,spithota,,
21173,chucalissa,,
21174,hatchie,,
21175,obion,,
21176,chewalla,,
21177,tombigby,,
21178,kaskinampo,,
21179,cussate,,
21180,chuwalee,,
21181,tullahoma,,
21182,choate,,
21183,tsoyaha,,
21184,sequatchie,,
21185,bledsoe,,
21186,eskalapia,,
21187,chattarawa,,
21188,nepepimmesipi,,
21189,yuchi,,
21190,kentucky,,
21191,eskippakaithiki,,
21192,chenoka,,
21193,adena,,
21194,lewekeomi,,
21195,cuttawba,,
21196,tywhapita,,
21197,charquis,,
21198,kuttawa,,
21199,aaboukingon,,
21200,pennyrile,,
21201,cuttaway,,
21202,warioto,,
21203,cuyahoga,,
21204,ashtabula,,
21205,mahoning_oh,,
21206,tuscarawas,,
21207,muskingum,,
21208,captina,,
21209,conotton,,
21210,olentangy,,
21211,chianouske,,
21212,scioto,,
21213,ethapetha,,
21214,hocking,,
21215,kokosing,,
21216,sandusky,,
21217,maumee,,
21218,qusquasrundee,,
21219,shapoquate,,
21220,assereniet,,
21221,mameiwasipi,,
21222,mineami,,
21223,pickawillany,,
21224,oheyandewa,,
21225,aankwaahsakwa,,
21226,wapinippi,,
21227,agouasaque,,
21228,patoka,,
21229,gichthanne,,
21230,wapahani,,
21231,quiaghtena,,
21232,mississinewa,,
21233,kankakee,,
21234,pakamik,,
21235,wabash,,
21236,kociihsasiipi,,
21237,tippecanoe,,
21238,micewehudehik,,
21239,kineepikwameekwa,,
21240,waawiiyaataanong,,
21241,giwitatigweiasibi,,
21242,osaakiiwaki,,
21243,shiawasee,,
21244,saginaw,,
21245,shebeon,,
21246,tittabawassee,,
21247,saganing,,
21248,cheboygan,,
21249,wequetong,,
21250,asiniike,,
21251,manistee,,
21252,muskegon,,
21253,onekama,,
21254,mastigon,,
21255,wabenasibi,,
21256,owashtanong,,
21257,kalamazoo,,
21258,sakiwasipi,,
21259,wapikisko,,
21260,mackinac,,
21261,tahquamenon,,
21262,manistique,,
21263,ishpeming,,
21264,menominee,,
21265,keweenaw,,
21266,chicagon,,
21267,ontonagon,,
21268,checagou,,
21269,tiatiki,,
21270,pisticoui,,
21271,kishwaukee,,
21272,ahsenisiipi,,
21273,pecatonica,,
21274,peewareewa,CHK,1068
21275,peoria,CHK,1068
21276,theakeiki,,
21277,waupecan,,
21278,sangamon,CHK,1068
21279,matsigame,,
21280,cahokia,CHK,1068
21281,kaskaskia,CHK,1068
21282,kaskankaham,CHK,1068
21283,amonokoa,CHK,1068
21284,macoupin,CHK,1068
21285,ochechiton,CHK,1068
21286,pawwikamsipi,,
21287,mitchigamea,,
21288,ambraw,,
21289,osanamon,,
21290,okaw,,
21291,millioke,,
21292,kenosha,,
21293,sheboygan,,
21294,koshkonong,,
21295,boojwiikwedong,,
21296,manitowoc,,
21297,oconto,,
21298,peshtigo,,
21299,muhwaosipi,,
21300,lake_winnebago,,
21301,meskousing,,
21302,aupuhkirakanewe,,
21303,whaypaw,,
21304,kakaling,,
21305,mendota,,
21306,pecatonica_wi,,
21307,kiwigapawa,,
21308,gaamiskwaabikaang,,
21309,chequamegon,,
21310,kayeskikan,,
21311,mishkwagokag,,
21312,kinnickinnic,,
21313,enookwasaneenah,,
21314,waumandee,,
21315,hahatououadeba,,
21316,pokegama,,
21317,odaawaa,,
21318,sappah,,
21319,abihka,,
21320,callamaco,,
21321,ohatchee,,
21322,tuasi,,
21323,ishtaboli,,
21324,hytop,,
21325,talisi,,
21326,casiste,,
21327,caxa,,
21328,humati,,
21329,atahachi,,
21330,piachi,,
21331,mabila,,
21332,taliepacana,,
21333,zabusta,,
21334,apafalaya,,
21335,pakana,,
21336,wakokai,,
21337,uchee,,
21338,omusee,,
21339,mobile,,
21340,consha,,
21341,tombigbee,,
21342,escatawppa,,
21343,tohome,,
21344,conecuh,,
21345,patsaliga,,
21346,chootawatchee,,
21347,cootcla,,
21348,hogehege,,
21349,koasati,,
21350,apotaka_hacha,,
21351,napochi,,
21352,buddahatchie,,
21353,capino,,
21354,chicksawhe,,
21355,biloxi,,
21356,okeloussa,,
21357,eiowane,,
21358,pascagoula,,
21359,mosco,,
21360,caftacha,,
21361,eianamogola,,
21362,yaneka,,
21363,tchoukafala,,
21364,chatata,,
21365,ongoulastoga,,
21366,sacchuma,,
21367,quizquiz,,
21368,yazoo,,
21369,tiou,,
21370,taposa,,
21371,quigualtam,,
21372,koroa,,
21373,natchez,,
21374,chittaloosa,,
21375,houma,,
21376,ossabaw_sound,,
21377,port_royal_sound,,
21378,charleston_harbor,,
21379,long_bay_us,,
21380,onslow_bay,,
21381,western_atlantic_high_sea82,,
21382,western_atlantic_high_sea83,,
21383,pamlico_sound,,
21384,cape_hatteras,,
21385,raleigh_bay,,
21386,albemarle_sound,,
21387,western_atlantic_high_sea84,,
21388,western_atlantic_high_sea85,,
21389,chesapeake_channel,,
21390,lower_chesapeake_bay,,
21391,upper_chesapeake_bay,,
21392,chincoteague_bay,,
21393,delaware_bay,,
21394,cape_may,,
21395,barnegat_bay,,
21396,western_atlantic_high_sea86,,
21397,western_atlantic_high_sea87,,
21398,long_island_coast_us,,
21399,long_island_sound,,
21400,raritan_bay,,
21401,block_channel,,
21402,western_atlantic_high_sea88,,
21403,narragansett_bay,,
21404,nantucket_shoals,,
21405,pleasant_bay,,
21406,cape_cod_bay,,
21407,massachusetts_bay,,
21408,western_atlantic_high_sea89,,
21409,western_atlantic_high_sea90,,
21410,scantum_basin,,
21411,casco_bay,,
21412,penobscot_bay,,
21413,schoodic_ridge,,
21414,canada_high_sea22,,
21415,bulbancha,,
21416,bogue_chitto,,
21417,tangipahoa,,
21418,itihumma,,
21419,lake_pontchartrain,,
21420,allemands_lake,,
21421,maurepas_lake,,
21422,chawasha,,
21423,atchafalaya,,
21424,opelousa,,
21425,fausse_pointe_lake,,
21426,verret_lake,,
21427,salvador_lake,,
21428,caillou_lake,,
21429,ciwat,,
21430,otse,,
21431,tsikip,,
21432,calcasieu_lake,,
21433,grand_lake_tx,,
21434,white_lake,,
21435,ya_ttaish,,
21436,calcasieu,,
21437,doustioni,,
21438,ouachita,,
21439,kisatchie,,
21440,catahoula,,
21441,tensas,,
21442,tunica,,
21443,anilco,,
21444,guachoyo,,
21445,ayays,,
21446,tutilpinco,,
21447,pacaha,,
21448,quigate,,
21449,casqui,,
21450,coligua,,
21451,calpista,,
21452,palisema,,
21453,nanatsoho,,
21454,naguatex,,
21455,catalte,,
21456,aguacay,,
21457,amaye,,
21458,chaguate,,
21459,ouachita_mts,,
21460,tanico,,
21461,quipana,,
21462,tula_ark,,
21463,utiangue,,
21464,tutilcoya,,
21465,anoixi,,
21466,cayas,,
21467,satsukhdin,,
21468,wahzhazhe,,
21469,unica,,
21470,tamaroa,CHK,1068
21471,wyaconda,CHK,1068
21472,oahaha,CHK,1068
21473,emasulia,CHK,1068
21474,chariton,CHK,1068
21475,meramec,CHK,1068
21476,pahatsi,CHK,1068
21477,tanwakanwakaghe,CHK,1068
21478,utsehta,,
21479,nikhdhintanwan,,
21480,intapushe,,
21481,ni_okaska,,
21482,towosaghy,,
21483,chepoussa,CHK,1068
21484,cholohollay,,
21485,st_francois_mts,CHK,1068
21486,nodaway,CHK,1068
21487,nudarcha,CHK,1068
21488,wimihsoorita,CHK,1068
21489,hokah,,
21490,wapkawazioju,,
21491,owatonna,,
21492,hahawakpa,,
21493,lahontan,,
21494,minnetonka,,
21495,wabezi,,
21496,kagiwigwan,,
21497,shingwako,,
21498,winnibigoshish,,
21499,bemidji,,
21500,lake_winnibigoshish,,
21501,mahkato,,
21502,watonwan,,
21503,shetek,,
21504,chanshayapi,,
21505,tipsinah,,
21506,kandiyohi,,
21507,tchan_sansan,,
21508,kiyuska,,
21509,pabaska,,
21510,chagu,,
21511,oyate_shisha,,
21512,wakmua_oin,,
21513,igmu,,
21514,kampeska,,
21515,mnihaha,,
21516,okobojo,,
21517,pocasse,,
21518,unkpatina,,
21519,manatara,,
21520,maanaagi_iixodagish,,
21521,ruhptare,,
21522,moingwena,CHK,1068
21523,coiracoentanon,,
21524,wapsipinicon,,
21525,ocheyedan,,
21526,penaca,,
21527,moskwawakwa,,
21528,iowa,,
21529,kiosaquay,,
21530,inyanshashawatpa,,
21531,pahotcha,,
21532,nishnabotna,,
21533,monona,,
21534,tchankasndata,,
21535,mathoskabde,,
21536,ginebig,,
21537,misi_zaaga_igan,,
21538,minnewawa,,
21539,mille_lacs_lake,,
21540,nemadji,,
21541,wissakode,,
21542,makoua,,
21543,kitchigumi,,
21544,koochiching,,
21545,miskwaagamiiwi,,
21546,mesabi,,
21547,neemannee,,
21548,kawishiwi,,
21549,red_lake,,
21550,vermillion_lake,,
21551,marapa,,
21552,cerwecerna,,
21553,shichah,,
21554,kaya_paha,,
21555,sicangu,,
21556,waziblo,,
21557,wetarhoo,,
21558,hinyankaga,,
21559,badlands_sd_n,,
21560,shanha,,
21561,mistaiyohe,,
21562,he_sapa,,
21563,awaxaawi_ishiibisha,,
21564,histahayo,,
21565,neesihushaanu,,
21566,skahuukaawiat,,
21567,iyawakagapi,,
21568,matootonha,,
21569,nd_badlands,,
21570,chakadee_wakpa,,
21571,wahasah,,
21572,badlands_mt,,
21573,waahukaahaanu,,
21574,wit_anowi_yohe,,
21575,moehe_yoe,,
21576,ihkowom_iyo_he,,
21577,ksai_yohe,,
21578,mitsiadazi,,
21579,skaapirox,,
21580,buaxaxxaashe,,
21581,aahkawirahkata,,
21582,aashbiliihkupe,,
21583,iichiilikaaashaashe,,
21584,little_belt_mountains,,
21585,itkanaahtuusu,,
21586,e_ometaeso,,
21587,heviksnipahis,,
21588,mo_ohta_vo_honaaeva,,
21589,notameohmeshehse,,
21590,iisaxpuatahcheeaashe,,
21591,aashbikkaashee,,
21592,ishpiialawaache,,
21593,bighorn_mountains,,
21594,awatixa,,
21595,adixoodagoorahareesh,,
21596,koostaaka,,
21597,amahami,,
21598,suktogeja_o_ipa,,
21599,patgasa_wakpa,,
21600,baliisshe_aashe,,
21601,minisose,,
21602,ski_iyo_he,,
21603,hoskitaga,,
21604,kinuhsisuht,,
21605,wase_wakpa,,
21606,caba_wakpa,,
21607,badlands_mt_2,,
21608,e_omita_i,,
21609,xuahceesh_annappiio,,
21610,huupalikooche,,
21611,aluutashe,,
21612,baashalapache,,
21613,aashise,,
21614,binmatshua,,
21615,cuthuhogwa,,
21616,great_belt_mountains,,
21617,kinaksisahtai,,
21618,kyaiyesisahtai,,
21619,onnikisisaahtaayi,,
21620,mahpahpahazhhah,,
21621,nataeosueti,,
21622,rockies_mt,,
21623,poyiitahtai,,
21624,wakpa_juk_ana,,
21625,etzikom,,
21626,kwaskwuti,,
21627,cahe,,
21628,canhewincasta,,
21629,shuntaneshnanga,,
21630,kansas,,
21631,monecato,,
21632,kirarutah,,
21633,nepahalla,,
21634,neosho,,
21635,manhukdhintanwan,,
21636,nanzewaspe,,
21637,wasetihoge,,
21638,etzanoa,,
21639,quivira,,
21640,harahey,,
21641,ninescah,,
21642,ayadaldapa,,
21643,ne_shuta,,
21644,ne_miskua,,
21645,kaw,,
21646,aahkawiraahkata,,
21647,panenetah,,
21648,kaiurskuta,,
21649,headdhetanwan,,
21650,wakhakukdhin,,
21651,pasukhdin,,
21652,tulsa,,
21653,tawehash,,
21654,chikaskia,,
21655,guichita,,
21656,wewoka,,
21657,washita,,
21658,ouachita_ok,,
21659,kiamichi,,
21660,hawaastatkiicu,,
21661,nigitai,,
21662,kicpahat,,
21663,gulvau,,
21664,oktahutchee,,
21665,nixgu,,
21666,niobrara,,
21667,aowa,,
21668,waha_tunga,,
21669,kits_ixta,,
21670,kickatari,,
21671,mnitanka,,
21672,minatare,,
21673,omaha,,
21674,nemaha,,
21675,nebraska,,
21676,ni_haunchi_to,,
21677,kanpeska,,
21678,kus_lecha,,
21679,kickatus,,
21680,ickari_kitsu,,
21681,nutanke,,
21682,pitahauerat,,
21683,hehvaitaneo,,
21684,laramie_range,,
21685,meneeohe,,
21686,medicine_bow,,
21687,wotapio,,
21688,so_taeo_o,,
21689,oevemanaho,,
21690,ohktouna,,
21691,hisse_yoyi_yoe,,
21692,hisiometaneo,,
21693,paiyo_he,,
21694,niineniiniicie,,
21695,neenowuxoote_i,,
21696,ce_eiinox,,
21697,nih_iitkotousi_l,,
21698,phankeska_wakpa,,
21699,ononio_he,,
21700,wasin_wakpa,,
21701,veoneohe,,
21702,mano_iyo_he,,
21703,mutsisooni_yohe,,
21704,heeyoteyoo,,
21705,ponoeohe,,
21706,wishkahuunu,,
21707,mahohevahoe,,
21708,beesowuunenno,,
21709,minii_yohe,,
21710,wiskapella,,
21711,chitolah,,
21712,nanwacinahaana,,
21713,opaskwayak,,
21714,wapisiw_sipihk,,
21715,winnipegosis,,
21716,lake_winnipegosis,,
21717,swan_lake,,
21718,red_deer_lake,,
21719,wazihe,,
21720,minizuahe,,
21721,wibazoka_wakpa,,
21722,minichinas,,
21723,tugaske,,
21724,notukeu,,
21725,miksiw_sipisis,,
21726,kiyiu,,
21727,manitowi_sakahikanihk,,
21728,ye_ya_xabine,,
21729,ogiciza_wakpa,,
21730,pimicaskewyashik,,
21731,ceepee,,
21732,saskatchewan,,
21733,kistapinan,,
21734,petaigan,,
21735,porcupine_hills,,
21736,notinito_sipiy,,
21737,wetaskiwin,,
21738,amisk,,
21739,kisiskaciwani_sipiy,,
21740,amiskwaciwiy,,
21741,titaga,,
21742,wabamun,,
21743,apahtoksipisskan,,
21744,mokowan,,
21745,ijathibe_wapta,,
21746,kananaskis,,
21747,okotoks,,
21748,inotonniicaah,,
21749,saamis,,
21750,insaombi,,
21751,makhabn,,
21752,waskasoo,,
21753,netook,,
21754,keoma,,
21755,michichi,,
21756,wawaskesiw_sipiy,,
21757,wastina,,
21758,shunda,,
21759,pembina_ab,,
21760,ya_kti_ki,,
21761,apetowun,,
21762,onabeesh,,
21763,tootinaowaziibeeng,,
21764,kinosota,,
21765,lake_dauphin,,
21766,lake_manitoba,,
21767,kihi,,
21768,sihabi,,
21769,sipiweske,,
21770,waskada,,
21771,winnipeg,,
21772,mnisaton,,
21773,mihkwakamiwi_sipiy,,
21774,pikwedina_sagaomam,,
21775,maskwa,,
21776,osukyuze,,
21777,hepa,,
21778,canuba_wakpa,,
21779,muskiki,,
21780,kinistino,,
21781,etomami,,
21782,kamsack,,
21783,quill_lakes,,
21784,iskwao,,
21785,tacehubana,,
21786,wascana,,
21787,posakanaciwiy,,
21788,katepwewi,,
21789,assapasca,,
21790,old_wives_lake,,
21791,pikwedina,,
21792,kimodakiwi,,
21793,ajawewesitagun,,
21794,manomin,,
21795,gawakomitigweia,,
21796,mustinka,,
21797,tewaukon,,
21798,maitomoni_ohe,,
21799,mekinock,,
21800,pembina,,
21801,minnewaukan,,
21802,mirixubaash,,
21803,devil_lake,,
21804,saakak_hukaahaanu,,
21805,metigoshe,,
21806,itscheabine,,
21807,xaltocan,OTO,1600
21808,tehotihuacan,TTZ,1596
21809,culhuacan,CUL,1597
21810,tetzcoco,TTZ,1596
21811,apan,TTZ,1596
21812,tenochtitlan,TNC,1595
21813,tlacopan,TCP,1599
21814,azcapotzalco,TEP,1598
21815,chalco,CLC,1668
21816,xochimilco,XCH,1694
21817,ajusco_mountains,,
21818,popocatepetl_mountains,,
21819,texcoco_lake,,
21820,axochiapan,AXC,1745
21821,cuauhnahuac,CUU,1670
21822,quauhquechollan,QLL,1743
21823,huaxtepec,HUX,1669
21824,itzocan,IZO,1744
21825,amaticoztitlan,AMT,1742
21826,tlapan,TLP,1685
21827,ometepec,OMT,1687
21828,oapan,OAP,1612
21829,jicayan,YCH,1625
21830,zacatepec,YCH,1625
21831,yohualtepec,YOH,1680
21832,huajuapan,YOH,1680
21833,silacayoapam,YOH,1680
21834,chiautla,CTL,1675
21835,cuauhteopan,UAU,1679
21836,tlazcozauhtitlan,TLZ,1678
21837,yopitzinco,YPZ,1610
21838,tixtla,TLA,1609
21839,chilapa,CLP,1611
21840,tecoanapa,AYO,1686
21841,cihuatlan,CIH,1682
21842,tecpan,TPT,1681
21843,ixtapan,IXA,1739
21844,zacatollan,ZCT,1683
21845,teotepec,,
21846,tlapacoya,TLY,1716
21847,pachyohcan,OTO,1600
21848,atocpan,ATO,1666
21849,zempoala,TTZ,1596
21850,tollantzinco,TZC,1667
21851,axocopan,AXO,1601
21852,zimapan,MET,1602
21853,ixmiquilpan,MET,1602
21854,cadereyta,MET,1602
21855,tecozautla,AXO,1601
21856,tututepec,MIX,1620
21857,coatlan,QIG,1621
21858,cuauhtolco,MIX,1620
21859,tonameca,MIX,1620
21860,manialtepec,MIX,1620
21861,comitlan,MIX,1620
21862,juchatengo,MIX,1620
21863,nube_flan,,
21864,tehuantepec,THT,1619
21865,zanatepec,THT,1619
21866,chimalapan,THT,1619
21867,guiigu_yudxi,THT,1619
21868,huamelula,MIX,1620
21869,juxtlahuaca,JUX,1623
21870,tlachquiauhco,TCQ,1624
21871,poctlan,TCQ,1624
21872,tillantonco,TCQ,1624
21873,amoltepec,MIX,1620
21874,teozacualco,TZL,1622
21875,jaltepec,TZL,1622
21876,yucucui,ZAP,1614
21877,coixtlahuacan,COI,1626
21878,yucundaa,TPL,1615
21879,yucundeq,COI,1626
21880,yodzocahi,YDZ,1617
21881,nochixtlan,TZL,1622
21882,sosola,ZAP,1614
21883,ixtlan,IXL,1616
21884,zaachila,ZAP,1614
21885,miahuatlan,MHT,1629
21886,totolapan,ZAP,1614
21887,mictlan,NND,1628
21888,yautepec,YAU,1618
21889,tlacolula,ZAP,1614
21890,teotitlan,TEO,1630
21891,ixcatlan,TTA,1725
21892,oxitlan,TTA,1725
21893,xicaltepec,TOH,1724
21894,cuicatlan,CCN,1627
21895,tochtepec,TOH,1724
21896,mixtlan,TOH,1724
21897,tozlan,TOZ,1730
21898,tlacotlalpan,TLT,1729
21899,cosamaloapan,CSM,1727
21900,iztachacalapan,IZC,1731
21901,nudo_zempoaltepetl,,
21902,ozumacin,OZU,1734
21903,atepec,ATP,1735
21904,cuauhcuetzpaltepec,CCP,1733
21905,chinantlan,TOH,1724
21906,tesechoacan,TSE,1732
21907,cuetlaxtlan,CTX,1691
21908,xamapan,CTX,1691
21909,nopiloa,PTL,1726
21910,teutila,TTA,1725
21911,puctlan,PTL,1726
21912,otatitlan,OTA,1728
21913,coatlicamac,CTC,1688
21914,suchilapan,CTC,1688
21915,atitlan,ATT,1738
21916,choapan,CPN,1736
21917,xochiapa,XCP,1737
21918,coatzacoalco,CTZ,1689
21919,atzaccan,TOZ,1730
21920,acayucan,CTZ,1689
21921,texistepec,CTZ,1689
21922,tonala_coatzacoalco,YOK,1758
21923,cuauhtochco,CUO,1722
21924,ahuilizapan,TEO,1630
21925,otlaquiquixtla,CUO,1722
21926,zongolica,TEO,1630
21927,cempoala,TOT,1632
21928,itzcalpan,XIC,1723
21929,xicochimalco,XIC,1723
21930,quiahuiztlan,QHZ,1635
21931,tizatlan,TLX,1613
21932,tepeticpac,TLX,1613
21933,ocotelolco,TLX,1613
21934,quiahuixtlan,TLX,1613
21935,huexotzinco,HJZ,1693
21936,cholollan,CLL,1692
21937,tepozan_mountains,,
21938,xicotepec,PTP,1720
21939,zacatlan,ZAT,1697
21940,tetela,TEE,1696
21941,ixtacamaxtitlan,IXT,1695
21942,tepeyahualco,XAP,1721
21943,tepeyacac,TPY,1690
21944,tecalco,TPY,1690
21945,tecamachalco,TEO,1630
21946,tehuacan,TEO,1630
21947,tepexi,TPX,1746
21948,citlaltepetl_mountains,,
21949,tlatlauquitepec,TLQ,1698
21950,nauhtlan,QHZ,1635
21951,tuzapan,PPT,1634
21952,papantla,PPT,1634
21953,tlapacoyan,TCY,1699
21954,cuyuxquihui,QHZ,1635
21955,xalapa,XAP,1721
21956,xalacinco,XAP,1721
21957,mizantla,MZT,1633
21958,teziutlan,TLQ,1698
21959,tuxpan,TXP,1639
21960,teayotlan,HST,1636
21961,pantepec,PTP,1720
21962,taximaroa,TAX,1594
21963,tzitacuaro,TZI,1593
21964,zinapecuaro,ZIN,1606
21965,guayangareo,TAR,1589
21966,tiripetio,TAR,1589
21967,tacambaro,TAR,1589
21968,tzintzuntzan,TAR,1589
21969,patzcuaro_lake,,
21970,cuitzeo,CTE,1591
21971,churumekua,CRK,1590
21972,tuzantla,TUZ,1592
21973,caracuaro,TAR,1589
21974,puruaran,TAR,1589
21975,huandacareo,TAR,1589
21976,acambaro,,
21977,maravatio,,
21978,yuririapundaro,TAR,1589
21979,zacapu,TAR,1589
21980,cuitzeo_lake,,
21981,xacona,TAR,1589
21982,zula_michoacan,TAR,1589
21983,tlazazalca,TAR,1589
21984,angamacutiro,TAR,1589
21985,xilotlan,TZM,1715
21986,erongaricuaro,TAR,1589
21987,patzcuaro,TAR,1589
21988,aguacana,TAR,1589
21989,uruapan,TAR,1589
21990,tinguindin,TAR,1589
21991,tancitaro,TAR,1589
21992,coliman,CLM,1631
21993,tlacalahuastla,AMP,1718
21994,caxitlan,CLM,1631
21995,coahuayana,CLM,1631
21996,chucutitlan,CLM,1631
21997,apatzingan,CLM,1631
21998,colima_mountains,,
21999,teloloapan,TLO,1741
22000,ajuchitlan,AJC,1684
22001,cutzamala,CUZ,1740
22002,tepecoacuilco,TCC,1674
22003,tetellan,TLL,1676
22004,zompanco,ZOM,1677
22005,oztoman,OZT,1672
22006,tlachco,TCH,1671
22007,temascaltepec,TMS,1673
22008,zacazonapan,ZCZ,1747
22009,malinalco,MLN,1608
22010,tlalpujahua,,
22011,tollohcan,MAT,1607
22012,ixtlahuaca,MAT,1607
22013,ninil,MAT,1607
22014,teotenanco,MAT,1607
22015,toluca_mountains,,
22016,mixquiahuala,AXO,1601
22017,tollan,TEP,1598
22018,cuauhtitlan,TEP,1598
22019,xilotepec,XIL,1605
22020,ixtachichimecapan,XIL,1605
22021,kerhiretarhu,XIL,1605
22022,tetzapotitlan,TZP,1643
22023,huayacocotla,HYC,1603
22024,tutotepec,TUT,1604
22025,metztitlan,MET,1602
22026,jalpan,,
22027,tziuhcoac,TZH,1642
22028,oxtlipan,OXT,1641
22029,copuz,,
22030,cocomacan,,
22031,mo_o_ti,,
22032,pechichitane,,
22033,xiriquitzio,,
22034,nat_tha_hi,,
22035,penlamu,,
22036,lobos_mountains,,
22037,uza,,
22038,pame,,
22039,otomi,,
22040,tanchaycha,,
22041,tangamanga,,
22042,hnahnu,,
22043,huaxcama,,
22044,ozuluama,OZL,1640
22045,panuco,MCC,1637
22046,tamtoc,TTC,1638
22047,quechula,TZE,1767
22048,ocosingo,XOL,1759
22049,lakam_tun,XOL,1759
22050,tenamitl,LAC,1763
22051,zinacantan,TZE,1767
22052,pochutla,XOL,1759
22053,tila,XOL,1759
22054,lacandon_jungle,,
22055,tonala_chiapas,MMM,1765
22056,napinaica,LAC,1763
22057,jaltenango,MMM,1765
22058,huehuetan,KIC,1761
22059,chimalapa_jungle,,
22060,baak,XOL,1759
22061,cupilco,YOK,1758
22062,zahuatan,YOK,1758
22063,tatahuitalpan,ITZ,1748
22064,mayapan,COC,1749
22065,mani,XIU,1750
22066,hocabail,COC,1749
22067,sotuta,COC,1749
22068,maxcanu,COC,1749
22069,hunucma,COC,1749
22070,tho,COC,1749
22071,motul,COC,1749
22072,dzilam,HEL,1753
22073,titsimin,HEL,1753
22074,chichen_itza,COC,1749
22075,tases,COC,1749
22076,kalotmul,COC,1749
22077,zaci,COC,1749
22078,kaan_peech,CKP,1752
22079,calkini,CNL,1751
22080,edzna,CKP,1752
22081,hochob,CKP,1752
22082,dzibilnocac,XIU,1750
22083,chakan_putum,CKP,1752
22084,tixchel,CKP,1752
22085,xicallanco,XOL,1759
22086,itzamkanac,ITZ,1748
22087,nadzcaan,ITZ,1748
22088,maya_jungle,,
22089,chactemal,CTM,1756
22090,colha,,
22091,nohmul,,
22092,chakanbakan,KOW,1757
22093,xpuhil,KOW,1757
22094,dzibanche,KOW,1757
22095,bakhalal,CTM,1756
22096,chacchoben,UAY,1754
22097,tixmul,UAY,1754
22098,xpaicheil,KOW,1757
22099,telantunich,XIU,1750
22100,ekab,HEL,1753
22101,labcah,HEL,1753
22102,zama,HEL,1753
22103,coba,HEL,1753
22104,chakan_yucatan,UAY,1754
22105,jootsuuk,COC,1749
22106,tlayolan,CLM,1631
22107,tochpan,CLM,1631
22108,tlamazolan,TZM,1715
22109,sayula,SAY,1719
22110,cuzalapa,CZL,1707
22111,amollan,AML,1706
22112,cocollan,CCL,1712
22113,cutzalan,CCL,1712
22114,tomatlan,TMT,1708
22115,xihutla,XIH,1710
22116,zihuatlan,TMT,1708
22117,melahuacan,MHC,1709
22118,revillagigedo_islands,,
22119,cuauhchinanco,GCH,1701
22120,tlalpan,TAA,1645
22121,amaxacotlan,XAL,1644
22122,cuautla,CAU,1717
22123,autlan,ATL,1711
22124,tenamaxtlan,TNX,1705
22125,ameca,AME,1704
22126,huitzquilic,HTZ,1713
22127,etzatlan,ETZ,1702
22128,tala_mx,,
22129,ahuacatlan,AHU,1700
22130,tzapotzingo,TZZ,1646
22131,hostoticpac,XAL,1644
22132,hostotipaquillo,,
22133,xalisco,XAL,1644
22134,magdalenas,,
22135,aztatlan,AZL,1714
22136,sentispac,SNT,1647
22137,tonala,TNL,1649
22138,tlaxomulco,,
22139,chapallan,TNL,1649
22140,acatic,ACA,1656
22141,ixtlahuacan,TNL,1649
22142,coinan,CON,1655
22143,chapala_lake,,
22144,mextiacan,MXT,1650
22145,mitic,MIT,1653
22146,metzquititlan,MIT,1653
22147,xalostotitlan,XLT,1654
22148,tepactitlan,TPN,1652
22149,yahualican,YAH,1651
22150,huizache_lagoon,,
22151,nayarit_coast,,
22152,north_aztatlan,,
22153,guayabitos_coast,,
22154,tenacatita_bay,,
22155,chamela_bay,,
22156,banderas_bay,,
22157,east_pacific_high_sea1,,
22158,east_pacific_high_sea19,,
22159,east_pacific_high_sea20,,
22160,tonala_coast,,
22161,tapachollan_coast,,
22162,tehuantepec_isthmus,,
22163,huamelula_coast,,
22164,huatulco_bays,,
22165,comata_cape,,
22166,corralero_lagoon,,
22167,east_pacific_high_sea6,,
22168,east_pacific_high_sea7,,
22169,east_pacific_high_sea8,,
22170,maruata_coast,,
22171,coahuayana_delta,,
22172,nuxco_lagoon,,
22173,petacalco_bay,,
22174,chantengo_lagoon,,
22175,acapulco_bay,,
22176,east_pacific_high_sea2,,
22177,east_pacific_high_sea3,,
22178,east_pacific_high_sea4,,
22179,east_pacific_high_sea5,,
22180,noh_peten,ITZ,1748
22181,namaan,ITZ,1748
22182,yax_mutal,ITZ,1748
22183,pachan,ITZ,1748
22184,wak_kabnal,,
22185,ceibal,,
22186,ixtutz,,
22187,pusilha,,
22188,campin,,
22189,tzoite,,
22190,paliac,,
22191,cockscomb_jungle,,
22192,tzunuun,,
22193,altun_ha,,
22194,lamanai,,
22195,xunantunich,,
22196,uxwitza,,
22197,acasaguastlan,,
22198,chiquimula,CHT,1762
22199,cuauhtemallan,QUA,464
22200,guazacapan,,
22201,itzalku,,
22202,minas_mountains,,
22203,xelahuh,KAQ,1764
22204,kakol_kiej,KAQ,1764
22205,itzcuintlan,QUA,464
22206,atitlan_guatemala,TZU,1768
22207,atitlan_lake,,
22208,chiapas_mountains,,
22209,jolom_konob,QAN,1769
22210,zapaluta,,
22211,tzunun_kaab,KIC,1761
22212,otzoya,KIC,1761
22213,chinabajul,MMM,1765
22214,pismachi,KIC,1761
22215,cuchumatanes_mountains,,
22216,chama,,
22217,seacal,,
22218,kajyub,,
22219,nito,,
22220,toquegua,,
22221,izabal_lake,,
22222,golfete_lake,,
22223,talanga,,
22224,tecohtzincalpan,,
22225,comayagua,,
22226,maniani,,
22227,tencoa,,
22228,ocotepec,CHT,1762
22229,opoa,CHT,1762
22230,cururu,,
22231,shalatenan,,
22232,chinda,,
22233,naco,,
22234,yoro,,
22235,ticamaya,,
22236,choluteca,,
22237,nacaome,,
22238,texiguat,,
22239,xoxonal,,
22240,pech,,
22241,sico,,
22242,olanchito,,
22243,ollalko,,
22244,papayeca,,
22245,usulutan,,
22246,chalchuapa,KUS,463
22247,metapan,CHT,1762
22248,kuskatan,KUS,463
22249,cojutepeque,KUS,463
22250,nonualco,KUS,463
22251,gotera,,
22252,queiquin,,
22253,kukra,,
22254,tawahka,,
22255,prinzus,,
22256,boas,,
22257,bawika,,
22258,silam,,
22259,yuskus,,
22260,ku,,
22261,panamahkas,,
22262,tawahka_jungle,,
22263,matagalpa,,
22264,rama,,
22265,ulwas,,
22266,xiotenko,,
22267,ukutal,,
22268,xalapan,,
22269,danli,,
22270,indio_maiz_jungle,,
22271,nagarando,,
22272,nequecheri,,
22273,diria,,
22274,cuauhcapolca,,
22275,tezoatega,,
22276,guaxenicos,,
22277,sutiapan,,
22278,koapolkan_lake,,
22279,xolotlan_lake,,
22280,karawala,,
22281,awastara,,
22282,ahuya_yari,,
22283,orosi,,
22284,bocto,,
22285,nekokiaw,,
22286,garabito,,
22287,uxarraci,,
22288,coctu,,
22289,boruca,,
22290,quepos,,
22291,pacaca,,
22292,burica,,
22293,chiriqui,,
22294,huista,,
22295,chiriqui_mountains,,
22296,chiriqui_jungle,,
22297,veragua,,
22298,caribaro,,
22299,terbi,,
22300,dererri,,
22301,tariaca,,
22302,kabeka,,
22303,veragua_jungle,,
22304,tauraba,,
22305,parita,,
22306,nata,,
22307,escoria,,
22308,chiru,,
22309,esquegua,,
22310,panama,,
22311,careta,,
22312,pocorosa,,
22313,comogre,,
22314,chochama,,
22315,cubiga,,
22316,chepo,,
22317,chuchures,,
22318,darien_jungle,,
22319,cupica_gulf,,
22320,tribuga_gulf,,
22321,docampado_coast,,
22322,malaga_bay,,
22323,timbiqui_bay,,
22324,tumaco_bay,,
22325,manglares_cape,,
22326,east_pacific_high_sea32,,
22327,east_pacific_high_sea16,,
22328,east_pacific_high_sea17,,
22329,east_pacific_high_sea18,,
22330,kakol_kiej_coast,,
22331,itzcuintlan_coast,,
22332,cobanos_coast,,
22333,jiquilisco_bay,,
22334,fonseca_bay,,
22335,poneloya_coast,,
22336,papagayo_bay,,
22337,east_pacific_high_sea9,,
22338,east_pacific_high_sea10,,
22339,east_pacific_high_sea11,,
22340,blanco_cape,,
22341,nicoya_gulf,,
22342,coronado_bay,,
22343,pavon_bay,,
22344,chiriqui_gulf,,
22345,montijo_gulf,,
22346,east_pacific_high_sea12,,
22347,east_pacific_high_sea13,,
22348,east_pacific_high_sea14,,
22349,east_pacific_high_sea15,,
22350,mala_point,,
22351,parita_gulf,,
22352,panama_gulf,,
22353,san_miguel_gulf,,
22354,pinas_bay,,
22355,hupenuu,,
22356,mah_hom,,
22357,oohkoi_yohe,,
22358,kuhtsutuuka,,
22359,hoyu_ao_he,,
22360,atarque,,
22361,tinde,,
22362,kiowa,,
22363,hotoanaohe,,
22364,wahin_wakpa,,
22365,apispaha,,
22366,chinali,,
22367,honih_hiyo_he,,
22368,iriirakiicuhat,,
22369,tsesh_ke_shende,,
22370,tcha_shka_ozhaye,,
22371,kwahada,,
22372,tucumcari,,
22373,natahende,,
22374,guhlkahende,,
22375,chlaande,,
22376,nitahende,,
22377,natages,,
22378,yenecamu,,
22379,guaycura,,
22380,monqui,,
22381,cadegomo,,
22382,mti_pa,,
22383,guadalupe_island,,
22384,cochimi,,
22385,nakipa,,
22386,koleeu,,
22387,akwaala,,
22388,kumeyaay,,
22389,salton_lake,,
22390,salada_lagoon,,
22391,kwapa,,
22392,north_hia_ced_oodham,,
22393,south_hia_ced_oodham,,
22394,huhuhla,,
22395,xiica_hai_iic_coii,,
22396,koklolodi,,
22397,tohono_oodham,,
22398,himuris,,
22399,tahejoc,,
22400,comcaac,,
22401,cucurpe,,
22402,xiica_xnaai_iic_coii,,
22403,pitic,,
22404,ures,,
22405,aconchi,,
22406,aritpa,,
22407,yoreme,,
22408,huatabampo,,
22409,chinipas,,
22410,makurawe,,
22411,cosihuiriachi,,
22412,matape,,
22413,guaimas,,
22414,soyopa,,
22415,sahuaripa,,
22416,batuco,,
22417,oposura,,
22418,papigochic,,
22419,babicora,,
22420,corodehuachi,,
22421,sinaloa,,
22422,baborigame,,
22423,badiraguato,,
22424,ahome,,
22425,cerocahui,,
22426,gonogochi,,
22427,culiacan,,
22428,quetzalla,,
22429,piaxtla,,
22430,mazatlan,,
22431,tamazula,,
22432,otaez,,
22433,topia,,
22434,tayoltita,,
22435,madre_mountains,,
22436,chiametlan,,
22437,maloya,,
22438,guarisamey,,
22439,acaponeta,,
22440,nayarit,,
22441,mezquital,,
22442,nilapohuana,,
22443,odam,,
22444,canatlan,,
22445,atanagunypacam,,
22446,tamaulipeco,,
22447,maratine,,
22448,coospacam,,
22449,magueyes,,
22450,hualahuises,,
22451,galeana,,
22452,pilon,,
22453,pantlan,,
22454,tula,,
22455,mante,,
22456,ypoa,,
22457,ma_tehua_llan,,
22458,guanchenis,,
22459,mazatlpilli,,
22460,mazatepec,,
22461,guachichil,,
22462,miopacoas,,
22463,coneto,,
22464,papanton,,
22465,cuencame,,
22466,alamamas,,
22467,irritila,,
22468,tepehuan,,
22469,inde,,
22470,guanacevi,,
22471,papasquiaro,,
22472,mapimi,,
22473,sisimbles,,
22474,osatayogliglas,,
22475,cacalotito,,
22476,julime,,
22477,tu_e_dine_de,,
22478,baopapas,,
22479,babonoyaba,,
22480,guajoquilla,,
22481,mesquite,,
22482,guiaquitas,,
22483,nonoava,,
22484,cocoyome,,
22485,coyame,,
22486,sainapuchi,,
22487,yoli,,
22488,jae_aaya,,
22489,alazapa,,
22490,cuanales,,
22491,masacuajulam,,
22492,gualeguas,,
22493,tilijais,,
22494,guazapayogliglas,,
22495,huajuco,,
22496,viga_mountains,,
22497,chisos,,
22498,espopolames,,
22499,gueiquesales,,
22500,muruam,,
22501,chichitames,,
22502,cauitaome,,
22503,yeme,,
22504,east_hanos,,
22505,west_hanos,,
22506,manso,,
22507,hue_hue_ri_gi_ta,,
22508,tehua,,
22509,suma,,
22510,namiquipa,,
22511,xicahua,,
22512,pinanaca,,
22513,dzithinahnde,,
22514,xumani,,
22515,patarabueye,,
22516,chinaitih,,
22517,tahuunde,,
22518,tseichi,,
22519,tugumlepen,,
22520,estok_gna,,
22521,cachopostales,,
22522,cacaxtles,,
22523,koke_metchesko_laha,,
22524,cabias,,
22525,tsel_tatli_dsha,,
22526,tinapihuaya,,
22527,piguique,,
22528,capoque,,
22529,karankawa,,
22530,copane,,
22531,mariame,,
22532,tu_sis_nde,,
22533,bobole,,
22534,ndawe_qoha,,
22535,tonkawa,,
22536,kanahatino,,
22537,sha_ia_nde,,
22538,kol_kuka,,
22539,teyas,,
22540,mashgalende,,
22541,melenudo,,
22542,waco,,
22543,nokoni,,
22544,tanimuu,,
22545,kitsai,,
22546,taovaya,,
22547,tawakoni,,
22548,aays,,
22549,yscani,,
22550,tses_tsembai,,
22551,tenawa,,
22552,tchokana,,
22553,penatuka,,
22554,kwaaru,,
22555,paruhuya,,
22556,atajal,,
22557,tchesha,,
22558,aranama,,
22559,saxop_wan_pupako,,
22560,chayopin,,
22561,yanaguana,,
22562,nasoni,,
22563,lacane,,
22564,nisohone,,
22565,nadakuh,,
22566,nabiti,,
22567,nacao,,
22568,nacogdoches,,
22569,naconiche,,
22570,ayish,,
22571,haynay,,
22572,nacachau,,
22573,nabaydacu,,
22574,nakono,,
22575,deadose,,
22576,bidai,,
22577,patiri,,
22578,ishak,,
22579,han,,
22580,orcoquisac,,
22581,caux,,
22582,toyal,,
22583,pachina,,
22584,sabine_lake,,
22585,palaquechare,,
22586,mayeye,,
22587,yojuane,,
22588,cantona,,
22589,toho,,
22590,ajehuac_yana,,
22591,sana_tx,,
22592,tza_wan_pupako,,
22593,tickanwatic,,
22594,tih_go_tel,,
22595,teypana,TEY,176
22596,shiewhibak,ISL,177
22597,aaku,ACO,178
22598,halona_idiwana,,
22599,tsiya,KER,179
22600,tuf_shur_tia,TST,182
22601,than_u_ge,TNN,180
22602,ohkweeo_owingeh,OHK,183
22603,ialophaybo,TAO,181
22604,dinetah,,
22605,nde_nda_i,,
22606,tsezhin_deezahi,,
22607,kin_ligaai,,
22608,ni_alniigi,,
22609,tselgaii,,
22610,tse_bitai,,
22611,chinili,,
22612,orayvi,,
22613,walpi,,
22614,shungopavi,,
22615,kwatsaan,,
22616,halchidoma,,
22617,aha_macav,,
22618,hwalbay,,
22619,havasubaaja,,
22620,tu_dotlizh_ndee,,
22621,grand_canyon,,
22622,piipaash,,
22623,akimel_oodham,,
22624,sobaipuri,,
22625,jocome,,
22626,tsoka_ne_nde,,
22627,bidanku,,
22628,dzil_nchaa_sian,,
22629,tse_binestie,,
22630,totokwan,,
22631,kohatk,,
22632,dzil_ligai_mountains,,
22633,guwevkabaya,,
22634,dolkabaya,,
22635,liinabaha,,
22636,nadah_dogalnine,,
22637,yavpe,,
22638,wipukba,,
22639,dzil_taadn,,
22640,dilzhee,,
22641,tlacuitlapan,,
22642,yamanquex,,
22643,zain,,
22644,tepecan,,
22645,yuac,,
22646,nochistlan,XOC,1659
22647,xochipillan,XOC,1659
22648,teulinchan,TEL,1658
22649,xochitepec,XCT,1703
22650,huaxtla,XCT,1703
22651,fria_mountains,,
22652,sauzas,,
22653,guaxaban,,
22654,xiconaque,,
22655,cuxtaque,,
22656,colorado_delta,,
22657,tecopa_cape,,
22658,sahuimaro_coast,,
22659,kino_bay,,
22660,xazl_iimt_island,,
22661,concepcion_bay,,
22662,haro_cape,,
22663,loreto_bay,,
22664,talchichintle_island,,
22665,ohuira_bay,,
22666,agiabampo_bay,,
22667,huivulau_bay,,
22668,mazatlan_coast,,
22669,lucenilla_peninsula,,
22670,pulmo_cape,,
22671,comondu_coast,,
22672,eugenia_cape,,
22673,hares_eye_lagoon,,
22674,east_pacific_high_sea21,,
22675,east_pacific_high_sea22,,
22676,east_pacific_high_sea23,,
22677,east_pacific_high_sea24,,
22678,east_pacific_high_sea25,,
22679,san_quintin_bay,,
22680,colonet_cape,,
22681,todos_santos_bay,,
22682,san_diego_bay,,
22683,pilot_rock,,
22684,baja_coast,,
22685,east_pacific_high_sea26,,
22686,east_pacific_high_sea27,,
22687,east_pacific_high_sea28,,
22688,east_pacific_high_sea29,,
22689,east_pacific_high_sea31,,
22690,saanich,,
22691,stz_uminus,,
22692,ditidaht,,
22693,pentlatch,,
22694,ucluelet,,
22695,k_omoks,,
22696,maaqtusiis,,
22697,yuquot,,
22698,tlatlasikwala,,
22699,ma_amtagila,,
22700,tanakteuk,,
22701,quawshelah,,
22702,oweekeno,,
22703,nuxalc,,
22704,kitasoo,,
22705,heiltsuk,,
22706,haisla,,
22707,kwakwala_range,,
22708,sm_algyax,,
22709,nisga_a,,
22710,gitxsanimaax,,
22711,kiis_gwaay,,
22712,gwaay_haanas,,
22713,saanya,,
22714,taant_a,,
22715,shtax_heen,,
22716,s_awdaan,,
22717,hinyaa,,
22718,keex,,
22719,t_aaku,,
22720,jilkaat,,
22721,aa_kw,,
22722,xunaa,,
22723,shee_t_ika,,
22724,xutsnoowu,,
22725,gunaaxoo,,
22726,yaakwdaat,,
22727,laaxaayik,,
22728,yakataga,,
22729,galyax,,
22730,daxunhyuu,,
22731,taatiilaaq,,
22732,caniqaq,,
22733,nanwalek,,
22734,nuciiq,,
22735,agw_aneq,,
22736,su_naq,,
22737,kasukuak,,
22738,swikshak,,
22739,amalik,,
22740,alinchak,,
22741,chignik,,
22742,kangi_asinaq,,
22743,qagiigun,,
22744,qagaan,,
22745,unimax,,
22746,qawalangin,,
22747,akuugun,,
22748,niigugis,,
22749,naahmigus,,
22750,qaxun,,
22751,sasignan,,
22752,amiq,,
22753,aniakchak,,
22754,ugashik,,
22755,egegik,,
22756,qarr_unaq,,
22757,igiugig,,
22758,nuuriileng,,
22759,iliamna_lake,,
22760,naknelk_lake,,
22761,becharof_lake,,
22762,ugashik_lake,,
22763,aguyaq,,
22764,akokpaq,,
22765,koliaganeq,,
22766,baleknagiq,,
22767,igushiq,,
22768,togiaq,,
22769,togiagamiut_forest,,
22770,mamterat,,
22771,quinhagaq,,
22772,iiq,,
22773,mamterilleq,,
22774,kwigilingoq,,
22775,kalskaq,,
22776,eek_lake,,
22777,whitefish_lake,,
22778,dall_lake,,
22779,nunapichuq,,
22780,tununaq,,
22781,kaghasuq,,
22782,niugtaq,,
22783,ce_vaq,,
22784,mekoryuq,,
22785,dall_plains,,
22786,kegum_kagati_lake,,
22787,nunavakpak_lake,,
22788,kayigyalik_lake,,
22789,takslesluk_lake,,
22790,puk_palik_lake,,
22791,marayaarmiut,,
22792,imangaq,,
22793,qerrulliiq,,
22794,tapqaq,,
22795,unalakleet,,
22796,ungaliq,,
22797,yukkhana,,
22798,aropuk_lake,,
22799,arhymot_lake,,
22800,kgun_lake,,
22801,nuigalak_lake,,
22802,nunavakanak_lake,,
22803,nanvaranak_lake,,
22804,malemiut,,
22805,kuuyuk,,
22806,qikiqtagruk,,
22807,kuugaaluk,,
22808,kongashuk,,
22809,malemiut_plains,,
22810,sinjik,,
22811,nachirvik,,
22812,kigluaik,,
22813,anakovik,,
22814,kugirukuk,,
22815,imuruk_basin,,
22816,imuruk_lake,,
22817,sivuqaq,,
22818,savoonga,,
22819,kitagnaq,,
22820,st_matthew,,
22821,kachemak,,
22822,kenai,,
22823,dgheyaytnu,,
22824,k_enakatnu,,
22825,tyonek,,
22826,iliamna,,
22827,susitna,,
22828,dena_ina_uplands,,
22829,chuathbaluk,,
22830,qipcarpak,,
22831,tovisq_ol,,
22832,digenegh,,
22833,deloy_ges,,
22834,deloy_chet,,
22835,deg_xit_an_forest,,
22836,grayling,,
22837,kaltag,,
22838,koyukuk,,
22839,ruby,,
22840,birches,,
22841,yukonikhotana,,
22842,koyukuk_forest,,
22843,koyukon_forest,,
22844,grant_creek,,
22845,tanana,,
22846,rampart,,
22847,allakaket,,
22848,beaver,,
22849,manley,,
22850,minto,,
22851,nenana,,
22852,chena,,
22853,salcha,,
22854,tanana_forest,,
22855,paxson,,
22856,kahiltna,,
22857,slana,,
22858,alaska,,
22859,anderson,,
22860,denali,,
22861,cantwell,,
22862,kantishna,,
22863,alaska_range,,
22864,deltana,,
22865,goodpaster,,
22866,gakona,,
22867,klutina,,
22868,chitina,,
22869,mendetna,,
22870,matanuska,,
22871,atnatuu,,
22872,chugach_mtns,,
22873,wrangell_mtns,,
22874,ahtna_lake,,
22875,tanacross,,
22876,tetlin,,
22877,northway,,
22878,sixtymile,,
22879,nabesna_forest,,
22880,nuurvik,,
22881,uataaq,,
22882,kivualinagmut,,
22883,uivvak,,
22884,kali,,
22885,kugmiut_uplands,,
22886,selawik_lake,,
22887,gwazhal_mountains,,
22888,yukon_flats,,
22889,gwazhal_hills,,
22890,kobuk,,
22891,noatak,,
22892,utqiagvik,,
22893,kluane,,
22894,kwachal,,
22895,asheyi,,
22896,ta_an,,
22897,dezadeash_trail,,
22898,chilkootg_trail,,
22899,kynocks_forest,,
22900,shushtone_forest,,
22901,kluane_lake,,
22902,aishihik_lake,,
22903,lake_laberge,,
22904,dezadeash_lake,,
22905,white_horse,,
22906,carmacks,,
22907,hucha_hudan,,
22908,donjek,,
22909,dan_ki_forest,,
22910,upper_yukon,,
22911,klondike,,
22912,bonanza,,
22913,mayo,,
22914,na_choo_ndek,,
22915,haen_uplands,,
22916,pelly_faro,,
22917,pelly_river,,
22918,ross_river,,
22919,tuchitua,,
22920,kaska_forest,,
22921,mackenzie_mtns,,
22922,wha_ti,,
22923,game_ti,,
22924,wekwee_ti,,
22925,hottah_ti,,
22926,tlicho_uplands,,
22927,rae_lakes,,
22928,hottah_lake,,
22929,snare_lakes,,
22930,wekweeti_lake,,
22931,deline,,
22932,mahony,,
22933,sahoyue,,
22934,turili,,
22935,kwita_tla,,
22936,sahtu_uplands,,
22937,turili_uplands,,
22938,keller_lake,,
22939,blackwater_lake,,
22940,marten_lakes,,
22941,tugacho,,
22942,edaula,,
22943,ehdacho,,
22944,tirato,,
22945,colville,,
22946,horton_uplands,,
22947,mackenzie_uplands,,
22948,colville_lakes,,
22949,sahtu_lake,,
22950,good_hope,,
22951,norman_wells,,
22952,tuyetah,,
22953,tulita,,
22954,blackwater,,
22955,qurliqtuq,,
22956,kogluktok,,
22957,kamut,,
22958,nunavut_uplands,,
22959,nunavut_lakes,,
22960,mackenzie,,
22961,tsiigehtchik,,
22962,aklaviq,,
22963,inuviq,,
22964,tuktoyukiuq,,
22965,inuvialuit_uplands,,
22966,inuit_lakes,,
22967,circle,,
22968,venetie,,
22969,birch_creek,,
22970,chalkyitsik,,
22971,eagle,,
22972,central_forest,,
22973,chandalar_forest,,
22974,gwichin_uplands,,
22975,ulkatchot_en,,
22976,nazkot_en,,
22977,lhoosk_uzt_en,,
22978,saik_uz,,
22979,cheslattat_en,,
22980,nechakot_en,,
22981,lheidlit_en,,
22982,nat_oot_en,,
22983,nadleh_whuten,,
22984,yekooche,,
22985,nak_azdlit_en,,
22986,tl_azt_en,,
22987,khelhghubunt_en,,
22988,a_taw_bun_kut_en,,
22989,nidabun,,
22990,nadlehbun,,
22991,burns_lake,,
22992,na_taw_bun_kut,,
22993,nak_albun,,
22994,lake_pinchi,,
22995,lake_terreron,,
22996,dzindlat_bun,,
22997,khelhghubun,,
22998,nadleht_en,,
22999,goat_creek,,
23000,lanezi,,
23001,crescent_spur,,
23002,willmore,,
23003,hutton,,
23004,dakelh_range,,
23005,ts_il_kaz_koh,,
23006,witset,,
23007,hagwilget,,
23008,skin_tyee,,
23009,nee_tahi_buhn,,
23010,wet_suwet_en,,
23011,sguuxs,,
23012,kwadacha,,
23013,thutade,,
23014,tse_khene,,
23015,takla,,
23016,sekani_forest,,
23017,hominka,,
23018,ingenika,,
23019,mesilinka,,
23020,yutuwichan,,
23021,tsekani,,
23022,williston,,
23023,unjegah,,
23024,tsa_tinne,,
23025,chinchaga,,
23026,beatton,,
23027,beaver_forest,,
23028,beaver_plain,,
23029,southern_plains,,
23030,tsay_keh,,
23031,tyagacho,,
23032,ozanna,,
23033,tsay_iona,,
23034,teslin_trail,,
23035,kechika_trail,,
23036,kahntah_trail,,
23037,cassiar_mountains,,
23038,omineca_mountains,,
23039,k_alii_xkalaan,,
23040,chiyone,,
23041,tses_kiya_trail,,
23042,ediziza_trail,,
23043,kinaskan_trail,,
23044,ediziza_forest,,
23045,spatsizi_forest,,
23046,tahltan_forest,,
23047,ford_liard,,
23048,nahanni,,
23049,fort_simpson,,
23050,jean_marie_river,,
23051,wrigley,,
23052,dehcho_plains,,
23053,dehcho_uplands,,
23054,dehcho_range,,
23055,trout_lake,,
23056,sakwatamau,,
23057,tawatinaw,,
23058,ayahciyiniw_sakahikan,,
23059,kamspikihteek,,
23060,asiniwaciy,,
23061,saddle_hills_2,,
23062,lodgepole_uplands,,
23063,utikuma_uplands,,
23064,saddle_hills,,
23065,lesser_slave_lake,,
23066,thilane_hot_ine,,
23067,sakawyiniw,,
23068,ot_esh_otchore,,
23069,stony_mountain_uplands,,
23070,muskeg_upland,,
23071,birch_mountains,,
23072,athabasca,,
23073,kai_theli_ke_hot_inne,,
23074,tethul,,
23075,caribou_mountains,,
23076,lake_claire,,
23077,mikkwa,,
23078,wabasca,,
23079,mushikitee,,
23080,ksituan,,
23081,buffalo_head_hills,,
23082,hawk_hills,,
23083,amisk_sipi,,
23084,amisk_sakahikan,,
23085,wawaskesiwisakahikan,,
23086,namew,,
23087,kipahigan,,
23088,mistahi_sakahikan,,
23089,wapiskau_sk,,
23090,kiheewapiw,,
23091,foster_upland,,
23092,reindeer_lake,,
23093,wollaston_lake,,
23094,amisk_lake,,
23095,lac_la_ronge,,
23096,sakitawahk,,
23097,methye,,
23098,missinipi,,
23099,kawatinook,,
23100,mostoos_upland,,
23101,mid_boreal_upland,,
23102,deschambault_lake,,
23103,dore_lake,,
23104,montreal_lake,,
23105,churchill_lake,,
23106,primrose_lake,,
23107,gani_koe,,
23108,tazin,,
23109,tipinuwak,,
23110,misekumaw,,
23111,athabasca_plains,,
23112,cree_lake,,
23113,black_lake,,
23114,lake_athabasca,,
23115,tazin_lake,,
23116,klewi,,
23117,tu_nedhe,,
23118,tucho,,
23119,tidee,,
23120,kakisa,,
23121,horn_plateau,,
23122,wecho,,
23123,soombak_e,,
23124,utsingi,,
23125,kahochella,,
23126,coppermine_river_upland,,
23127,great_slave_lake,,
23128,artillery_lake,,
23129,napaktulik_lake,,
23130,contwoyto_lake,,
23131,mackay_lake,,
23132,point_lake,,
23133,lac_de_gras,,
23134,thubun,,
23135,tronka_chua,,
23136,tatsan,,
23137,nonacho,,
23138,lutselk_e,,
23139,deskenetlata,,
23140,natalkai,,
23141,eynard_upland,,
23142,nonacho_lake,,
23143,thoa,,
23144,dubawnt,,
23145,abitau,,
23146,kasba,,
23147,thelon_river_upland,,
23148,robins_lake_upland,,
23149,wholdaia_lake,,
23150,snowbird_lake,,
23151,selwyn_lake,,
23152,moresby_coast,,
23153,kiusta_point,,
23154,masset_inlet,,
23155,lax_kw_alaams,,
23156,metlakatla_sound,,
23157,alexander_point,,
23158,east_pacific_high_sea50,,
23159,east_pacific_high_sea52,,
23160,keku_strait,,
23161,stephens_passage,,
23162,funter_bay,,
23163,yakobi_coast,,
23164,lituya_bay,,
23165,yakutat_bay,,
23166,galyax_coast,,
23167,east_pacific_high_sea53,,
23168,north_pacific_high_sea2,,
23169,hinchinbrook_bay,,
23170,middleton_island,,
23171,kenai_fjords,,
23172,ursus_cove,,
23173,marmot_bay,,
23174,larsen_bay,,
23175,chirikof_island,,
23176,north_pacific_high_sea5,,
23177,north_pacific_high_sea6,,
23178,north_pacific_high_sea8,,
23179,chiginagak_fjords,,
23180,unga_sea,,
23181,sanak_island,,
23182,derby_point,,
23183,north_creek_coast,,
23184,herendeen_bay,,
23185,kvichak_bay,,
23186,north_pacific_high_sea17,,
23187,north_pacific_high_sea19,,
23188,north_pacific_high_sea11,,
23189,north_pacific_high_sea13,,
23190,north_pacific_high_sea15,,
23191,kagamil_sland,,
23192,seguam_coast1,,
23193,gareloi_island,,
23194,amchitka_island2,,
23195,agattu_island1,,
23196,north_pacific_high_sea56,,
23197,north_pacific_high_sea59,,
23198,north_pacific_high_sea63,,
23199,north_pacific_high_sea64,,
23200,north_pacific_high_sea67,,
23201,north_pacific_high_sea69,,
23202,north_pacific_high_sea72,,
23203,north_pacific_high_sea74,,
23204,north_pacific_high_sea75,,
23205,north_pacific_high_sea78,,
23206,togiak_harbour,,
23207,kwigillinok_coast,,
23208,kinak_bay,,
23209,dooksook_harbour,,
23210,scammon_bay,,
23211,nunam_iqua_cove,,
23212,pastol_bay,,
23213,north_pacific_high_sea22,,
23214,north_pacific_high_sea23,,
23215,north_pacific_high_sea37,,
23216,norton_bay,,
23217,nome_coast,,
23218,clarence_gulf,,
23219,shishmarev_inlet,,
23220,north_pacific_high_sea40,,
23221,north_pacific_high_sea42,,
23222,hotham_inlet,,
23223,krusenstern_lagoon,,
23224,point_hope,,
23225,wevok_point,,
23226,amiq_coast5,,
23227,stmatthew_coast3,,
23228,kialegak_cape,,
23229,sevuokuk_point,,
23230,kongkok_bay,,
23231,north_pacific_high_sea35,,
23232,north_pacific_high_sea24,,
23233,north_pacific_high_sea27,,
23234,north_pacific_high_sea25,,
23235,north_pacific_high_sea29,,
23236,north_pacific_high_sea31,,
23237,north_pacific_high_sea44,,
23238,north_pacific_high_sea47,,
23239,north_pacific_high_sea52,,
23240,north_pacific_high_sea50,,
23241,north_pacific_high_sea55,,
23242,payomkawichum,,
23243,kukamonga,,
23244,yaanga,,
23245,ventureno,,
23246,ineseno,,
23247,pimuu_nga,,
23248,channel_islands,,
23249,chumash_ranges,,
23250,tepotahal,,
23251,mutsun,,
23252,awaswas,,
23253,chochenyo,,
23254,tawalimni,,
23255,chawchila,,
23256,yashikumne,,
23257,noptinte,,
23258,gashowu,,
23259,tachi,,
23260,pitkachi,,
23261,koyeti,,
23262,yawdanshi,,
23263,tulumni,,
23264,hometwoli,,
23265,sierra_nevada_s,,
23266,tulare_lake,,
23267,mewuk,,
23268,onasatis,,
23269,kashaya,,
23270,kulanapan,,
23271,ukomno_om,,
23272,tlokyhan,,
23273,koloma,,
23274,nochu_ci,,
23275,tuolomne,,
23276,mokelumne,,
23277,kasumne,,
23278,sierra_nevada_c,,
23279,suisin,,
23280,korusi,,
23281,yo_loy,,
23282,hill_nomlaki,,
23283,river_nomlaki,,
23284,nomlaki_range,,
23285,koyoongkawi,,
23286,mechoopda,,
23287,maidu,,
23288,yupu,,
23289,nisenan,,
23290,konkow,,
23291,yahi,,
23292,mountain_maidu,,
23293,atsugewi,,
23294,yana,,
23295,chumawi_range,,
23296,sinkyone,,
23297,mattole,,
23298,nongatl,,
23299,jaroujiji,,
23300,wailaki,,
23301,hoilkut,,
23302,oohl,,
23303,chidkhu,,
23304,tututni,,
23305,ko_kwel,,
23306,natinixwe,,
23307,amblu_kai,,
23308,tsnungwe,,
23309,wintu,,
23310,okwanuchu,,
23311,waika,,
23312,siskiyou,,
23313,karuk,,
23314,yulalona,,
23315,tak_elam,,
23316,etnemitane,,
23317,klamath_range,,
23318,achomawi,,
23319,tollin,,
23320,mbosaksawaas,,
23321,ewksikni,,
23322,modokni,,
23323,iviatim,,
23324,kitanemuk,,
23325,taaqtam,,
23326,vanyume,,
23327,kawaiisu,,
23328,tubatulabam,,
23329,timbisha,,
23330,kuzedika,,
23331,fish_lake,,
23332,inyo_mountains,,
23333,tumpisa,,
23334,havasu,,
23335,ivanpah,,
23336,pah_rimpi,,
23337,moapa,,
23338,sebit,,
23339,amargosa,,
23340,nuwuvi_desert,,
23341,parrusit,,
23342,uinkaret,,
23343,kaibab,,
23344,quitchupah,,
23345,kaiparowit,,
23346,nuwuvi_wasteland,,
23347,koosharem,,
23348,pierruiat,,
23349,tooele,,
23350,unkagarit,,
23351,pio_gwut,,
23352,seuhubeogoi,,
23353,pagayuat,,
23354,salt_lake,,
23355,kawich,,
23356,akamba,,
23357,tsaiduka,,
23358,kutsipiuti,,
23359,newe_wasteland,,
23360,makuhadokado,,
23361,sawawaktodo,,
23362,kupadokado,,
23363,winnemucca,,
23364,humbokado,,
23365,atsa_kudok_wa,,
23366,tipatikka,,
23367,tsogwiyuyugi,,
23368,kuyatikka,,
23369,mahaguatikka,,
23370,watatikka,,
23371,tosa_konoki,,
23372,tanalelti,,
23373,powalu,,
23374,toedokado,,
23375,tovusidokado,,
23376,waitikka,,
23377,reno,,
23378,toyabe,,
23379,agai_ticutta,,
23380,koop_ticutta,,
23381,cui_yui_ticutta,,
23382,kamu_ticutta,,
23383,panina_ticutta,,
23384,tsitsiadi,,
23385,gidi_tika,,
23386,malheur,,
23387,wadadokado,,
23388,tagotoka,,
23389,moadokado,,
23390,yakwahnim_paa,,
23391,panati,,
23392,tipanuk,,
23393,king_hill,,
23394,yahandeka,,
23395,toponisw,,
23396,seneca,,
23397,arock,,
23398,juntura,,
23399,nyssa,,
23400,payette,,
23401,yam_pah_pa,,
23402,buenaventura,,
23403,morgan,,
23404,yoov_we_teuh,,
23405,so_so_goiw,,
23406,randolph,,
23407,boa_ogoi,,
23408,yuttahih,,
23409,bear_river_w,,
23410,bear_river_e,,
23411,hazelton,,
23412,richfield,,
23413,pohoko_ikkatee,,
23414,wapi,,
23415,dembimbosaage,,
23416,jefferson,,
23417,lemhi,,
23418,pohogwe,,
23419,koa_aga_itoka,,
23420,shohopanaiti,,
23421,yambadika,,
23422,waradika,,
23423,bannock_range,,
23424,sahpeech,,
23425,yoowetum,,
23426,pahva_nits,,
23427,cumumba,,
23428,toompahnahwach,,
23429,nuchiu_range,,
23430,sweetwater,,
23431,guchuntikka,,
23432,tondzaosha,,
23433,kuccuntikka,,
23434,teewinot,,
23435,grand_teton,,
23436,shoshonne,,
23437,leadore,,
23438,kamodika,,
23439,doyahinee,,
23440,red_rock,,
23441,agaidika,,
23442,elkhorn,,
23443,penointikara,,
23444,agaidika_range,,
23445,ruby_valley,,
23446,beaverhead,,
23447,tukudika,,
23448,mitse_adazi,,
23449,fremont,,
23450,gazzllatin,,
23451,ashalaho,,
23452,dukundeka,,
23453,kahpota,,
23454,moghwachi,,
23455,taviwac,,
23456,na_isha,,
23457,arapaho,,
23458,colorado,,
23459,moanunts,,
23460,winimuc,,
23461,to_aheedliinii,,
23462,wasatch,,
23463,uncompaghre,,
23464,nuchiu,,
23465,tavaputs,,
23466,uintah,,
23467,taveewach,,
23468,pahdteeahnooch,,
23469,yapudttka,,
23470,c_nuchiu_range,,
23471,ouray,,
23472,moffat,,
23473,routt,,
23474,dagett,,
23475,savery,,
23476,basawunena,,
23477,bridger,,
23478,rock_springs,,
23479,flaming_gorge,,
23480,sinclair,,
23481,point_of_rocks,,
23482,wamsutter,,
23483,milk_creek,,
23484,east_yuttahih,,
23485,pushroot,,
23486,split_rock,,
23487,washakie,,
23488,hinono_ei,,
23489,moneta,,
23490,grass_creek,,
23491,hot_springs,,
23492,quuiich,,
23493,yaquina,,
23494,umpqua,,
23495,kalapuya,,
23496,south_molala,,
23497,giiwas,,
23498,meli_lema,,
23499,tukspush,,
23500,south_cascade,,
23501,central_cascade,,
23502,tillamook,,
23503,atfalati,,
23504,chinook,,
23505,multnomah,,
23506,watlala,,
23507,stlpulmsh,,
23508,chehalis,,
23509,chala_at,,
23510,sklallam,,
23511,twana,,
23512,makah,,
23513,tayxlama,,
23514,takspaslama,,
23515,waluulapam,,
23516,umatilla,,
23517,liksiyu,,
23518,wishram,,
23519,klikitat,,
23520,mamachatpam,,
23521,pa_kiut_lema,,
23522,wanapum,,
23523,north_cascade,,
23524,silver_lake,,
23525,chewaucan,,
23526,kidutokado,,
23527,tinainu,,
23528,crook,,
23529,grant,,
23530,towarnehiooks,,
23531,wallowa,,
23532,alpowna,,
23533,hinsepu,,
23534,kamiahpu,,
23535,asahkaiowaipu,,
23536,lamatama,,
23537,iyeesnime,,
23538,bitterroot,,
23539,deer_lodge,,
23540,granite,,
23541,missoula,,
23542,turah,,
23543,selish_range_s,,
23544,saleesh,,
23545,niarada,,
23546,bad_rock,,
23547,epixyu,,
23548,hungry_horse,,
23549,selish_range_n,,
23550,kaniksu,,
23551,skitswish,,
23552,benewah,,
23553,kalispel,,
23554,qlispe,,
23555,sletewsi,,
23556,aqanqmi,,
23557,yaqan_nukiy,,
23558,akinkumasnuqit,,
23559,aq_am,,
23560,akisq_nuk,,
23561,kananmituk,,
23562,sw_ktunaxa_ranges,,
23563,se_ktunaxa_ranges,,
23564,ce_ktunaxa_ranges,,
23565,akinka_nup,,
23566,aqyam_nup,,
23567,ainu_nik,,
23568,ktunwakanmituk,,
23569,aknuq_uk,,
23570,yakyu_ki,,
23571,ne_ktunaxa_ranges,,
23572,nc_ktunaxa_ranges,,
23573,cw_ktunaxa_ranges,,
23574,puyallup,,
23575,kittikas,,
23576,duwamish,,
23577,snohomish,,
23578,skagit,,
23579,nisqually,,
23580,nooksack,,
23581,lhaq_temish,,
23582,sto_lo,,
23583,sts_ailes,,
23584,whonnock,,
23585,katzie,,
23586,squamish,,
23587,sechelt,,
23588,sliammon,,
23589,klahoose,,
23590,homalco,,
23591,strathacona_range,,
23592,alpo_wa,,
23593,pa_lus_sa,,
23594,nkee_us,,
23595,stata_ketux,,
23596,scqescilni,,
23597,snt_t_ulix,,
23598,wenatchi,,
23599,chelan,,
23600,osoyoos,,
23601,similkameen,,
23602,okanagan,,
23603,spaxomin,,
23604,n_pooh_le,,
23605,enselxcin,,
23606,swarakxen,,
23607,ntiltxitk,,
23608,stxtilusten,,
23609,snk_mip,,
23610,q_espiea,,
23611,illecillewaet,,
23612,sinixt_range,,
23613,skuppah,,
23614,nlaka_pamux,,
23615,scw_exmx,,
23616,st_at_imcets,,
23617,tsala_ihmec,,
23618,leel_watr_ool,,
23619,thompson_mtns,,
23620,tsi_del_del,,
23621,tl_etinqox_t_in,,
23622,tl_esqox,,
23623,yunesit_in,,
23624,elhdaqox_t_in,,
23625,chilcotin_mtns,,
23626,sk_atsin,,
23627,skitsetsen,,
23628,st_uxwtews,,
23629,splatsin,,
23630,tk_emlups,,
23631,qw_ewt,,
23632,stil_qw,,
23633,s_shuswap_mtns,,
23634,esk_el,,
23635,stswecen_c,,
23636,llenllenet_ten,,
23637,sexqeltqin,,
23638,simpcw,,
23639,xat_sull,,
23640,n_shuswap_mtns,,
23641,mica_creek,,
23642,kinbasket,,
23643,karluk_peak,,
23644,moose_river,,
23645,monashee,,
23646,cariboo,,
23647,e_shuswap_mtns,,
23648,orange_cove,,
23649,los_angeles_bay,,
23650,san_catalina_island,,
23651,south_canal,,
23652,north_canal,,
23653,santa_barbara_coast,,
23654,east_pacific_high_sea30,,
23655,east_pacific_high_sea33,,
23656,east_pacific_high_sea34,,
23657,monterey_coast,,
23658,santa_cruz_cove,,
23659,elkhorn_bay,,
23660,san_francisco_bay,,
23661,marin_coast,,
23662,sonoma_coast,,
23663,east_pacific_high_sea35,,
23664,east_pacific_high_sea36,,
23665,east_pacific_high_sea37,,
23666,mendocino_cape,,
23667,lost_coast,,
23668,humboldty_bay,,
23669,shleter_cove,,
23670,nesika_beach,,
23671,coos_bay,,
23672,east_pacific_high_sea38,,
23673,east_pacific_high_sea39,,
23674,east_pacific_high_sea41,,
23675,east_pacific_high_sea42,,
23676,newport_cove,,
23677,tillamook_bay,,
23678,chinook_bay,,
23679,grays_harbour,,
23680,olympic_coast,,
23681,east_pacific_high_sea43,,
23682,east_pacific_high_sea44,,
23683,fuca_strait,,
23684,kitsap_bay,,
23685,haro_strait,,
23686,georgia_strait,,
23687,oyster_bay,,
23688,flattery_strait,,
23689,hot_springs_cove,,
23690,east_pacific_high_sea45,,
23691,cheleset_coast,,
23692,raft_cove,,
23693,beaver_cove,,
23694,queen_charlotte_sound,,
23695,hakai_coast,,
23696,banks_coast,,
23697,east_pacific_high_sea46,,
23698,east_pacific_high_sea47,,
23699,simiti,,
23700,macaregua,,
23701,tora,,
23702,camacota,,
23703,hacaritamas,,
23704,duitama,ZAQ,479
23705,boiaca,ZAQ,479
23706,tama_mountains,,
23707,yariguies_mountains,,
23708,jurisdicciones_mountain,,
23709,tauramena,,
23710,upia,,
23711,humadea,,
23712,yopo,,
23713,tame,,
23714,guadual,,
23715,arauca,,
23716,cubara,,
23717,cocuy_mountains,,
23718,atanari,,
23719,cumaribo,,
23720,maracoa,,
23721,orocue,,
23722,metica,,
23723,chayrama,TAI,477
23724,teyuna,TAI,477
23725,yaharo,TAI,477
23726,upar,,
23727,sicarate,,
23728,ariguani,,
23729,curumanao,,
23730,tayrona_mountains,,
23731,mompoj,,
23732,norosi,,
23733,tamalameque,,
23734,mahates,,
23735,calamari,,
23736,mocana,,
23737,kamach,,
23738,zarate,,
23739,ayapel_swamp,,
23740,zapatosa_swamp,,
23741,necocli,,
23742,upper_sinu,,
23743,zenues,,
23744,sinu,,
23745,sincel,,
23746,one,,
23747,paramillo_jungle,,
23748,paramillo_mountains,,
23749,ichitki,,
23750,suchiimma,,
23751,marakaaya,,
23752,perija,,
23753,catatumbo,,
23754,jauregui,,
23755,chitagaes,,
23756,kukuta,,
23757,babichas,,
23758,yukpa,,
23759,perija_mountains,,
23760,catatumbo_jungle,,
23761,coro,,
23762,paraguana,,
23763,tucanca,,
23764,chama_venezuela,,
23765,arapuey,,
23766,mukas,,
23767,cabimas,,
23768,capatarida,,
23769,merida_mountains,,
23770,aragua,,
23771,tirgua,,
23772,cura,,
23773,caracas,,
23774,batey,,
23775,onoto,,
23776,tacarigua_lake,,
23777,carora,,
23778,barquisimeto,,
23779,yaracuy,,
23780,gayon,,
23781,nirgua,,
23782,gayon_mountains,,
23783,guarico,,
23784,guamontey,,
23785,ipire,,
23786,guaquire,,
23787,cumanagoto,,
23788,cumana,,
23789,paraguachoa,,
23790,turuepano,,
23791,araya,,
23792,karu_pana,,
23793,cumanacoa,,
23794,lesser_antilles_wastelands,,
23795,orinucu,,
23796,uyapari,,
23797,guanipa,,
23798,tucupita,,
23799,kalina,,
23800,maturin,,
23801,anaco,,
23802,orinoco_delta_jungle,,
23803,kalina_jungle,,
23804,monagua_jungle,,
23805,caroni,,
23806,parepona,,
23807,aro,,
23808,kai_kara,,
23809,cachamay,,
23810,tumeremo,,
23811,kumarakapay,,
23812,macuxi,,
23813,ingariko,,
23814,takutu,,
23815,mucajai,,
23816,apure,,
23817,guajobos,,
23818,arechuna,,
23819,sarare,,
23820,suripa,,
23821,caparo,,
23822,tachira,,
23823,cania,,
23824,guanare,,
23825,guaritico,,
23826,barinas,,
23827,tampacal,,
23828,hacarigua,,
23829,tapo,,
23830,andaki,,
23831,chaira,,
23832,caguan,,
23833,papamane,,
23834,guayupes,,
23835,ariari,,
23836,guaviare,,
23837,mocoa,,
23838,guacharos_jungle,,
23839,tinigua_jungle,,
23840,pasca,,
23841,timana,,
23842,purace,,
23843,otas,,
23844,coyaima,,
23845,yaporox,,
23846,quicuima,,
23847,leiva_mountains,,
23848,norcacia_jungle,,
23849,suamox,ZAQ,479
23850,leyva,,
23851,chicaquicha,ZIP,478
23852,choconta,ZIP,478
23853,chunsua,ZAQ,479
23854,caqueza,ZIP,478
23855,funza,ZIP,478
23856,bosa_colombia,ZIP,478
23857,tablazo_mountains,,
23858,chingaza_mountains,,
23859,sumapaz_maountains,,
23860,chipata,,
23861,yacupipizote,,
23862,ondaimas,,
23863,paribari,,
23864,guarinoes,,
23865,colombayma,,
23866,guaduas,,
23867,tocaima,,
23868,mayaba,,
23869,noris,,
23870,sotachiro,,
23871,yolombo,,
23872,nechi,,
23873,pantagoras,,
23874,cocorna,,
23875,guarzo,,
23876,aburra,,
23877,santa_ines_mountains,,
23878,iscuande,,
23879,narino,,
23880,tumaco,,
23881,tapaje,,
23882,hatunllacta,,
23883,inga,,
23884,patia,,
23885,central_mountain_range,,
23886,nambue_jungle,,
23887,pimempiro_mountains,,
23888,caly,,
23889,buga,,
23890,caloto,,
23891,micay,,
23892,timbiqui,,
23893,yauto,,
23894,munchique,,
23895,cali_jungle,,
23896,cali_mountain,,
23897,naya_mountains,,
23898,munchique_mountains,,
23899,napiu_jungle,,
23900,vijes,,
23901,sonso,,
23902,gorrones,,
23903,tahamies,,
23904,cauroma,,
23905,umbra,,
23906,otun,,
23907,tulua,,
23908,cauca_jungle,,
23909,calima_mountains,,
23910,baudo,,
23911,choco,,
23912,quibdo,,
23913,gioro,,
23914,tatama,,
23915,noanama,,
23916,tado_colombia,,
23917,novita,,
23918,torra_jungle,,
23919,tamana_mountains,,
23920,acanti,,
23921,curiche,,
23922,kuna,,
23923,murri,,
23924,catios,,
23925,bojaya,,
23926,amaga,,
23927,xundabe,,
23928,ebejico,,
23929,choco_jungle,,
23930,murri_jungle,,
23931,frontino_mountains,,
23932,bebaramau_jungle,,
23933,ebejico_mountains,,
23934,citara_mountains,,
23935,concondia_mountain,,
23936,guayana,,
23937,waini,,
23938,essequibo,,
23939,demerara,,
23940,berbice,,
23941,tumatumari,,
23942,neekeari,,
23943,essequibo_jungle,,
23944,witagron,,
23945,paramaribo,,
23946,pereru_tepu,,
23947,ndyuka,,
23948,iaremappo,,
23949,kourou,,
23950,cayenne,,
23951,palikur,,
23952,guayana_jungle,,
23953,guayana_coast,,
23954,essequibo_mouth,,
23955,demerara_coast,,
23956,coppename_mouth,,
23957,paramaribo_mouth,,
23958,maroni_mouth,,
23959,iaremappo_coast,,
23960,western_atlantic_high_sea18,,
23961,western_atlantic_high_sea19,,
23962,western_atlantic_high_sea20,,
23963,tapajo,,
23964,tupinambarana,,
23965,uatuma,,
23966,urucurituba,,
23967,apoquitaua,,
23968,juris,,
23969,turas,,
23970,urubu,,
23971,munduruku,,
23972,amazon_jungle,,
23973,manues_jungle,,
23974,canacari_lake,,
23975,turere_lake,,
23976,mariua,,
23977,waiwai,,
23978,kinja,,
23979,bares,,
23980,manaos,,
23981,maues,,
23982,mura,,
23983,kambeba,,
23984,arua,,
23985,miranha,,
23986,negro_amazon_jungle,,
23987,purus_amazon_jungle,,
23988,solimoes_amazon_jungle,,
23989,cabaliana_lake,,
23990,madeira_amazon_jungle,,
23991,curumu,,
23992,ananatuba,,
23993,anajas,,
23994,arari,,
23995,marajoara,,
23996,pixipixi,,
23997,marajoara_jungle,,
23998,ariste,,
23999,lokono,,
24000,araguari,,
24001,mazagao,,
24002,arua_amazon,,
24003,nheengaiba,,
24004,mariocai,,
24005,itatupa_jungle,,
24006,piratuba_jungle,,
24007,oiampi,,
24008,wayampi,,
24009,paru,,
24010,kuruaya,,
24011,prainha,,
24012,gurupatuba,,
24013,surubiu,,
24014,obidos,,
24015,zoe,,
24016,curuai_lake,,
24017,itandeua_lake,,
24018,itarim_lake,,
24019,monte_alegre_lake,,
24020,caxiuana_bay,,
24021,mundurukania,,
24022,satere_mawe,,
24023,curuai,,
24024,tupulicus,,
24025,ukarangma,,
24026,kuben_kran_ken,,
24027,xingu_amazon_jungle,,
24028,tapajos_amazon_jungle,,
24029,evuevi,,
24030,sucuriu,,
24031,piquiri,,
24032,camapua,,
24033,ytykyra,,
24034,pantanal_swamp,,
24035,pantanal_forest,,
24036,mebengokre,,
24037,aquidauana,,
24038,kadiweu,,
24039,piripucu,,
24040,terena,,
24041,nioac,,
24042,dawande,,
24043,balotipone,,
24044,parecis,,
24045,haliti,,
24046,ikuiapa,,
24047,guato,,
24048,otuques,,
24049,paranaiba,,
24050,porekry,,
24051,opaye,,
24052,ofaie,,
24053,taquarucu,,
24054,anhandui,,
24055,kaiowa,,
24056,kaiwa,,
24057,chiripa,,
24058,maracaju,,
24059,tacuru_jungle,,
24060,bakairi,,
24061,kukuro_kalapalo,,
24062,kuhikugu,,
24063,irantxe,,
24064,enawene,,
24065,kajkwakratxi,,
24066,apiaka,,
24067,kayabi,,
24068,rikbaktsa,,
24069,manoki,,
24070,apiaka_jungle,,
24071,kayabi_jungle,,
24072,kura,,
24073,kajabi,,
24074,kaiabi,,
24075,panara,,
24076,apiacas,,
24077,ikpeng,,
24078,oro_win,,
24079,karipuna,,
24080,pakaasnovos,,
24081,yjxa,,
24082,ahe,,
24083,wari,,
24084,kaxarari,,
24085,uru_pa_in,,
24086,jiparana,,
24087,uru_eu_wau_wau,,
24088,amundava,,
24089,itarap,,
24090,djeoromitxi,,
24091,kwaza,,
24092,akana,,
24093,latunde,,
24094,nambikwara,,
24095,surui_paiter,,
24096,kawahib,,
24097,sakirabia,,
24098,wajuru,,
24099,towa_panka,,
24100,purubora,,
24101,aikana,,
24102,makurap,,
24103,mequens_jungle,,
24104,massaco_jungle,,
24105,sabanes,,
24106,guarasugwe,,
24107,kabixi,,
24108,marmainde,,
24109,tawande,,
24110,anunsu,,
24111,nambikuara,,
24112,guarasugwa,,
24113,guarasugwe_forest,,
24114,baure,,
24115,moxos,,
24116,tsimanes,,
24117,kanisianas,,
24118,siriono,,
24119,itonama,,
24120,movima,,
24121,cayubaba,,
24122,pacahuara,,
24123,eseejja,,
24124,takana,,
24125,anambe,,
24126,asurini,,
24127,para_gaviao,,
24128,parkateje,,
24129,parakana,,
24130,saraua_jungle,,
24131,tocantis_amazon_jungle,,
24132,pyti,,
24133,macauba,,
24134,caraja,,
24135,kricatije,,
24136,tocantis,,
24137,mehin,,
24138,paranaidji,,
24139,acroas,,
24140,kraho,,
24141,ava_canoeiro,,
24142,uracu,,
24143,crixas,,
24144,guatacuba,,
24145,porangatu,,
24146,arraias,,
24147,gameleira,,
24148,funil,,
24149,xerente,,
24150,akwe,,
24151,mansinha,,
24152,guiratinga,,
24153,araguaia,,
24154,boe,,
24155,awen,,
24156,awa_brazil,,
24157,itapirapua,,
24158,areia,,
24159,xavante,,
24160,araes,,
24161,kiriras,,
24162,auwe_jungle,,
24163,para,,
24164,tupirama,,
24165,apyawa,,
24166,karaja,,
24167,itya_mahadu,,
24168,gurupi,,
24169,canastra,,
24170,coco,,
24171,tapirape,,
24172,auwe,,
24173,iny_karaja,,
24174,urubu_jungle,,
24175,marapanim,,
24176,tupinamba,,
24177,samauma,,
24178,mairi,,
24179,kaapor,,
24180,kururupu,,
24181,tapuitapera,,
24182,miritiba,,
24183,itapecuru,,
24184,gurgueia,,
24185,uruaitis,,
24186,timbira,,
24187,guaja,,
24188,guajajara,,
24189,caru,,
24190,krenye,,
24191,upaon_acu,,
24192,guajara,,
24193,pykopcateje,,
24194,canela_apanyekra,,
24195,canela_ramkokamekra,,
24196,arariboia_jungle,,
24197,itaueira,,
24198,boi,,
24199,parnagua,,
24200,medonho,,
24201,jacu,,
24202,manuais,,
24203,piaui_jungle,,
24204,tapuios,,
24205,igaracu,,
24206,potyguara,,
24207,tacariju,,
24208,poti,,
24209,cais,,
24210,tabajara,,
24211,aroas,,
24212,kalabaca,,
24213,caninde,,
24214,piaui,,
24215,kaapiuara,,
24216,tubiba,,
24217,quixara,,
24218,utuva,,
24219,monxoro,,
24220,jucas,,
24221,telha,,
24222,paiaco,,
24223,jenipaboacu,,
24224,acarau,,
24225,tapuia,,
24226,tremembe,,
24227,arerius,,
24228,reriu,,
24229,payaku,,
24230,pitaguari,,
24231,kaninde,,
24232,tapeba,,
24233,anace,,
24234,karapoto,,
24235,ipojuca,,
24236,yapuata,,
24237,fulni_o,,
24238,iate,,
24239,kambiwa,,
24240,caxanga,,
24241,xukuru,,
24242,kaaysara,,
24243,potiguara,,
24244,caico,,
24245,paraiba,,
24246,pegas,,
24247,coremas,,
24248,quincu,,
24249,fernando_noronha,,
24250,kariri,,
24251,caete,,
24252,xoko,,
24253,arakaiu,,
24254,pankararu,,
24255,tuxa,,
24256,kaimbe,,
24257,itabaiana,,
24258,ouricuri,,
24259,truka,,
24260,paranabuku,,
24261,jaguarari,,
24262,tumbalala,,
24263,pankara,,
24264,atikum,,
24265,pipipa,,
24266,acoroazes,,
24267,ipueira,,
24268,itajui,,
24269,itaboca,,
24270,ibotirama,,
24271,kayapo,,
24272,irece,,
24273,andarai,,
24274,sauipe,,
24275,kiriri,,
24276,tanhacu,,
24277,tupiniquim,,
24278,guanambi,,
24279,itaberaba,,
24280,itaitu,,
24281,uaua,,
24282,itapicuru,,
24283,jiribatuba,,
24284,jiboia_jungle,,
24285,paracatu,,
24286,buriti,,
24287,itapiracaba,,
24288,akwen,,
24289,xakriaba,,
24290,anais,,
24291,jaiba,,
24292,janauba,,
24293,montes_claros,,
24294,cataguases,,
24295,kaxixo,,
24296,pinheiro,,
24297,curvelo,,
24298,sabarabucu,,
24299,santa_luzia,,
24300,sete_lagoas,,
24301,goianas,,
24302,pirapora,,
24303,jequitinhonha,,
24304,maxakali,,
24305,itakangapyra,,
24306,almenara,,
24307,salinas,,
24308,rio_pardo,,
24309,hahahae,,
24310,itaratim,,
24311,maxakali_jungle,,
24312,bocaiuva,,
24313,tijuco,,
24314,itamarandiba,,
24315,tamoio,,
24316,cunhambebe,,
24317,iguape,,
24318,cananeia,,
24319,marataiama,,
24320,gohayo,,
24321,sao_sebastiao,,
24322,mogi_forest,,
24323,tamoio_forest,,
24324,marataiama_forest,,
24325,itu,,
24326,sorocaba,,
24327,araritaguaba,,
24328,mogi_mirim,,
24329,campinas,,
24330,jundiai,,
24331,atibaia,,
24332,sao_roque,,
24333,jerubatuba,,
24334,parnaiba,,
24335,piratininga,,
24336,aruja,,
24337,mogi_das_cruzes,,
24338,jundiai_forest,,
24339,atibaia_forest,,
24340,camanducaia_forest,,
24341,aimore,,
24342,kiri_kere,,
24343,malalis,,
24344,coutins,,
24345,pecanha,,
24346,borun,,
24347,mucuri,,
24348,urucu,,
24349,fanado,,
24350,aracuai,,
24351,nanuque,,
24352,guaitaca,,
24353,jose_calcado,,
24354,itapemirim,,
24355,guarapiri,,
24356,itaparica,,
24357,nandu,,
24358,krenak,,
24359,itanhomi,,
24360,caratinga,,
24361,mutum,,
24362,manhuacu,,
24363,matipo,,
24364,gouveia,,
24365,conceicao,,
24366,itabira,,
24367,serro,,
24368,porte,,
24369,itaperuna,,
24370,guaitaka,,
24371,sao_fidelis,,
24372,cantagalo,,
24373,mokaie,,
24374,nova_friburgo,,
24375,feia_lake,,
24376,goitaca,,
24377,kapiwary,,
24378,ararayu_aba,,
24379,nheteroia,,
24380,mage,,
24381,y_uasu,,
24382,goana_para,,
24383,ita_kua_y,,
24384,santa_barbara,,
24385,caete_brasil,,
24386,itacolomi,,
24387,mariana,,
24388,ponte_nova,,
24389,piranga,,
24390,coropo,,
24391,praiba_sul,,
24392,tampruns,,
24393,piray,,
24394,ita_atiaia,,
24395,pataxo,,
24396,nac_nanuk,,
24397,tapuy,,
24398,jucuru,,
24399,caravelas,,
24400,vicosa,,
24401,sao_luis_do_paraitinga,,
24402,lorena,,
24403,guaratingueta,,
24404,taubate,,
24405,paraibuna,,
24406,jacarei,,
24407,cunhambebe_forest,,
24408,paraibuna_forest,,
24409,santo_antonio_monte,,
24410,formiga,,
24411,piumhi,,
24412,tres_pontas,,
24413,passos,,
24414,sao_sebastiao_paraiso,,
24415,cabo_verde,,
24416,cataguas,,
24417,alfenas,,
24418,mandiyu,,
24419,camanducaia,,
24420,parapopeba,,
24421,sao_joao_rei,,
24422,oliveira,,
24423,lavras,,
24424,porto_turvo,,
24425,baependi,,
24426,campanha,,
24427,itajuba,,
24428,baependi_forest,,
24429,itajuba_forest,,
24430,rio_preto,,
24431,juiz_fora,,
24432,barbacena,,
24433,leopoldina,,
24434,rio_pomba,,
24435,muriae,,
24436,lapa,,
24437,ponta_grossa,,
24438,curitiba,,
24439,bocaiuva_do_sul,,
24440,palmeira_brasil,,
24441,sao_jose_pinhais,,
24442,parnanguara,,
24443,pinhais_forest,,
24444,bocaiuva_forest,,
24445,karai_yo,,
24446,xokleng,,
24447,itapocu,,
24448,itajai,,
24449,mafra,,
24450,santo_antonio,,
24451,chopim,,
24452,chapeco,,
24453,palmas,,
24454,taquara,,
24455,curitibanos,,
24456,lages,,
24457,sao_joaquim,,
24458,urubici,,
24459,kariio,,
24460,apytere,,
24461,tubarao,,
24462,sambaqui,,
24463,iaguarauna,,
24464,nononai_forest,,
24465,umuarama,,
24466,mbya,,
24467,campo_mourao,,
24468,iguazu,,
24469,guarapuava,,
24470,mbai_yuru,,
24471,bauru,,
24472,botucatu,,
24473,kaingang,,
24474,porto_tibirica,,
24475,valparaiso,,
24476,tiete,,
24477,sapukaia,,
24478,mantiqueira,,
24479,caiapo,,
24480,araquara,,
24481,itapeva,,
24482,itapetininga,,
24483,abare_i,,
24484,itaporanga,,
24485,apiai,,
24486,capao_bonito,,
24487,barretos,,
24488,jaboticabal,,
24489,tanabi,,
24490,sao_jose_preto,,
24491,brotas,,
24492,piracicaba,,
24493,sao_carlos,,
24494,paranoa,,
24495,corumba,,
24496,cayapo,,
24497,javaes,,
24498,goroti_kumrenhtx,,
24499,araripocone,,
24500,iranmranhre,,
24501,utugo_kuri_doge,,
24502,morrinhos,,
24503,guaiana,,
24504,imbau,,
24505,jataizinho,,
24506,apucarana,,
24507,itarare,,
24508,bororos,,
24509,uberaba,,
24510,bagagem,,
24511,aratu,,
24512,pium_i,,
24513,buzare_point,,
24514,approuage_mouth,,
24515,cassipore_mouth,,
24516,maraca_island,,
24517,araguari_mouth,,
24518,santa_rosa_bay,,
24519,maguary_point,,
24520,western_atlantic_high_sea23,,
24521,western_atlantic_high_sea24,,
24522,western_atlantic_high_sea21,,
24523,western_atlantic_high_sea22,,
24524,amazonas_mouth,,
24525,santana_island,,
24526,vieira_grande_bay,,
24527,fura_dos_araiolos,,
24528,furo_santa_maria,,
24529,marapata_bay,,
24530,marajo_bay,,
24531,maracana_bay,,
24532,caete_bay,,
24533,turiacu_bay,,
24534,cuma_bay,,
24535,sao_marcos_bay,,
24536,preguicas_mouth,,
24537,parnaiba_delta,,
24538,western_atlantic_high_sea27,,
24539,western_atlantic_high_sea25,,
24540,western_atlantic_high_sea26,,
24541,pedra_furada,,
24542,almofala_coast,,
24543,praia_mansa,,
24544,pontal_point,,
24545,mel_point,,
24546,tourinhos_coast,,
24547,pititinga_coast,,
24548,western_atlantic_high_sea28,,
24549,western_atlantic_high_sea29,,
24550,western_atlantic_high_sea30,,
24551,western_atlantic_high_sea31,,
24552,fernando_noronha_coast,,
24553,fernando_noronha_high_sea2,,
24554,fernando_noronha_high_sea1,,
24555,negra_point,,
24556,cabedello_point,,
24557,itamaraca_island,,
24558,mangue_point,,
24559,mundau_lagoon,,
24560,western_atlantic_high_sea32,,
24561,western_atlantic_high_sea33,,
24562,western_atlantic_high_sea34,,
24563,sao_francisco_mouth,,
24564,salvador_cape,,
24565,all_saints_bay,,
24566,mamoa_coast,,
24567,jequitinhonha_delta,,
24568,coroa_alta_reef,,
24569,areia_reef,,
24570,western_atlantic_high_sea35,,
24571,western_atlantic_high_sea36,,
24572,western_atlantic_high_sea37,,
24573,western_atlantic_high_sea38,,
24574,mucuri_delta,,
24575,guriri_coast,,
24576,doce_delta,,
24577,vitoria_bay,,
24578,paraiba_delta,,
24579,acu_lagoon,,
24580,frio_cape,,
24581,western_atlantic_high_sea39,,
24582,western_atlantic_high_sea40,,
24583,western_atlantic_high_sea41,,
24584,western_atlantic_high_sea42,,
24585,western_atlantic_high_sea43,,
24586,guanabara_bay,,
24587,grande_island,,
24588,caraguatatuba_bay,,
24589,boi_point,,
24590,guarau_island,,
24591,small_sea,,
24592,paranagua_bay,,
24593,western_atlantic_high_sea44,,
24594,western_atlantic_high_sea45,,
24595,western_atlantic_high_sea46,,
24596,grande_floripa_bay,,
24597,santa_catarina_island,,
24598,imarui_lagoon,,
24599,sombrio_lagoon,,
24600,western_atlantic_high_sea47,,
24601,western_atlantic_high_sea48,,
24602,guancavilca,,
24603,manta,,
24604,guayaquil,,
24605,daule,,
24606,yaguachi,,
24607,puna,,
24608,chacayacu,,
24609,machala,,
24610,yazne,,
24611,caran,,
24612,baba,,
24613,jama,,
24614,atacames,,
24615,pailon,,
24616,babahuyu,,
24617,quito,,
24618,waranka,,
24619,panzaleo,,
24620,imbaguarbak,,
24621,tsachila,,
24622,mindu,,
24623,otavalo,,
24624,kayambi,,
24625,tacunga,,
24626,hambatus,,
24627,liribamba,,
24628,llanganates_jungle,,
24629,sangay_jungle,,
24630,ami_mountains,,
24631,chimborazo_volcano,,
24632,sangay_volcano,,
24633,alausi,,
24634,hatun_kanar,,
24635,shabalula,,
24636,cangochamba,GRR,78
24637,malacatos,MLT,77
24638,calvas,CAV,76
24639,pukamuru,,
24640,cajas_mountains,,
24641,duco_mountains,,
24642,solamaco_mountains,,
24643,samanga_mountains,,
24644,kofan,,
24645,quijos,,
24646,siona,,
24647,napo,,
24648,kichwa,,
24649,puyu,,
24650,sangay,,
24651,macas,,
24652,yaguarzongo,,
24653,napo_jungle,,
24654,tumbes,,
24655,chira,,
24656,nariguala,,
24657,nunura,,
24658,xllang,XLL,62
24659,ayahuacas,,
24660,guayacundo,,
24661,apurlec,XLL,62
24662,huancapampa,,
24663,pakatnamu,XLL,62
24664,sana,XLL,62
24665,farfan,XLL,62
24666,chan_chan,CHM,61
24667,chao,CHM,61
24668,huacatambo,,
24669,manchan,,
24670,huarmey,,
24671,ocro,,
24672,paramonga,CHM,61
24673,guamanmayo,,
24674,chancay,,
24675,chiprac,,
24676,collique,CLQ,98
24677,cantamarca,NTA,99
24678,rimaq,ICM,65
24679,huarochiri,ICM,65
24680,ishma,ICM,65
24681,chilca,HRC,105
24682,huarco,HRC,105
24683,naupahuasi,,
24684,incahuasi,HRC,105
24685,chuqlluqucha,,
24686,chinchay,CIC,69
24687,puka_tampu,CIC,69
24688,ica,CIC,69
24689,cahuachi,,
24690,acari,,
24691,incawasi,,
24692,chullac,,
24693,pukiupukio,,
24694,yauca,,
24695,atico,CHJ,111
24696,caraveli,CHJ,111
24697,ucuna,,
24698,camana,,
24699,quilca,,
24700,yanque,,
24701,aruni,ANI,110
24702,arequipa,,
24703,churajon,,
24704,tampo,,
24705,puquina,,
24706,chaucalana,,
24707,tacna,,
24708,kileqollo,,
24709,arica,,
24710,tarapaca,,
24711,huantajaya,,
24712,iki_iki,,
24713,tocopilla,,
24714,ckara_ama,,
24715,tulor,,
24716,antofagasta,,
24717,paposo,,
24718,tatal,,
24719,chanaral,,
24720,cobija,,
24721,atacama_salt_pan,,
24722,punta_negra_salt_pan,,
24723,oma_sacopo,,
24724,angastaco,,
24725,tastil,,
24726,salta,,
24727,jujuy,,
24728,tilcara,,
24729,paya,,
24730,noques_jungle,,
24731,watungasta,,
24732,pipanaco,,
24733,aconquija,,
24734,shincal,,
24735,yukkuman,,
24736,kilmes,,
24737,tolombon,,
24738,lule,,
24739,pipanaco_salt_pan,,
24740,guandacol,,
24741,talampaya,,
24742,polco,,
24743,cuyo,,
24744,tamberias,,
24745,fiambalao,,
24746,pissis,,
24747,ischigualasto,,
24748,jachal,,
24749,pivn_man_antu,,
24750,angualasto,,
24751,rio_salado_salt_marsh,,
24752,colorado_salt_marsh,,
24753,chepes,,
24754,ulapes,,
24755,michilingue,,
24756,saleta,,
24757,nogolma,,
24758,uco,,
24759,uspallata,,
24760,huanacache,,
24761,guentota,,
24762,jaurua,,
24763,millcayac,,
24764,ullum,,
24765,sankancete,,
24766,zonda,,
24767,quines,,
24768,pircas_mountains,,
24769,qupayapu,,
24770,kellollampu,,
24771,huasco,,
24772,elki,,
24773,limari,,
24774,millapel,,
24775,liwen,,
24776,pissis_mountains,,
24777,inka_llaqta,,
24778,ayopaya,SUR,90
24779,paititi,SUR,90
24780,yungas,,
24781,guanay,,
24782,kallawaya,,
24783,caupolican,,
24784,sarkajpa,CRA,86
24785,yurakar,,
24786,chimore_jungle,,
24787,tiraque_jungle,,
24788,altamachi_jungle,,
24789,challana_jungle,,
24790,apolobamba_jungle,,
24791,tunari_mountains,,
24792,pomabamba,,
24793,huacareta,,
24794,tomina,,
24795,takopaya,,
24796,yamparaez,,
24797,samaipata,,
24798,chuwi,,
24799,mizque,,
24800,sachchaa_mukku,CRA,86
24801,arque,CRA,86
24802,incarraqay,SUR,90
24803,lluska_mountain,,
24804,aqush,,
24805,yaino,,
24806,huari,,
24807,rapayan,,
24808,chavin,,
24809,japallan,,
24810,huacrachuco,,
24811,manchac,,
24812,garu,,
24813,wanuco_marka,,
24814,chiquia,,
24815,kotosh,,
24816,atash,,
24817,ichugan,,
24818,pumpu,,
24819,gochacalla,,
24820,waqurunchu_mountains,,
24821,andaymarca,,
24822,pashas,,
24823,tumshukaiko,,
24824,waricoto,,
24825,choquerecuay,,
24826,kasha_tampu,,
24827,quillahuaca,,
24828,willcahuain,,
24829,yerupaja_mountains,,
24830,pampacancha_mountains,,
24831,quilpa_hirka_mountains,,
24832,quiman_mountains,,
24833,ingapirca,,
24834,llampqui,,
24835,tarmatambo,,
24836,tunanmarca,,
24837,hatun_xauxa,,
24838,pumaruri,,
24839,quilqi_hirka_mountains,,
24840,pariacaca_mountains,,
24841,tanranioc_mountains,,
24842,wari_willka,,
24843,willka_ulo,,
24844,tampu_machay,HNK,67
24845,churkampa,HNK,67
24846,tayaccasa,HNK,67
24847,llacsapallanca,HNK,67
24848,wasi_qaqa_mountains,,
24849,utcohuarco_mountains,,
24850,allpas,HNK,67
24851,wari_peru,PCR,108
24852,pariahuanca,PCR,108
24853,pampahuaylla,,
24854,choccalpata,MYM,107
24855,paqwayranra,MYM,107
24856,quiluta_mountains,,
24857,ayacucho_jungle,,
24858,ayacucho_mountains,,
24859,sondor,URC,68
24860,auccapana,KKE,123
24861,challwanqa,URC,68
24862,millcca,,
24863,tukri_apu_apu,,
24864,willkawaman,,
24865,soras,SRA,106
24866,huaman_karpa,URC,68
24867,caniche,,
24868,seqse_qaqa,,
24869,yanahuara,KKE,123
24870,cotapampa,,
24871,antabamba,,
24872,tucssa,PCO,109
24873,sara_sara,,
24874,sara_sara_volcano,,
24875,qurawiri_mountains,,
24876,qilu_urqu_mountains,,
24877,raqchi,,
24878,sausaya,KNA,87
24879,kanamarca,,
24880,achachiwa,,
24881,uyo_uyo,,
24882,pampa,,
24883,pumanota_mountains,,
24884,chunkara_mountains,,
24885,antawilpa_mountains,,
24886,andahua_volcanoes,,
24887,kunturi_mountains,,
24888,oruro,KNA,87
24889,ayaviri,KNA,87
24890,pukara,,
24891,macaya,QUL,89
24892,pumanota,,
24893,puncune,,
24894,wankani,QUL,89
24895,titimani,,
24896,iskanwaya,,
24897,arapa_lake,,
24898,cololo_mountains,,
24899,hatunqulla,QUL,89
24900,ichuna,,
24901,chucuito,LUP,74
24902,contornasa,LUP,74
24903,pomata,LUP,74
24904,titiqaqa_lake,,
24905,choquepata_mountains,,
24906,parwayuni_mountains,,
24907,machaqa,PCJ,73
24908,axawiri,PCJ,73
24909,achacachi,UMA,116
24910,viacha,PCJ,73
24911,tiwanaku,PCJ,73
24912,calamarca,PCJ,73
24913,chuqiyapu,PCJ,73
24914,illimani_volcano,,
24915,kori_bara_karaa_ancas,KRK,88
24916,callapa,,
24917,ayo_ayo,,
24918,sicasica,PCJ,73
24919,curahuara,,
24920,matarjawira,KRK,88
24921,sura,SUR,90
24922,jaqi_jiwata_mountain,,
24923,aullagas,,
24924,karanka,KRK,88
24925,uru,,
24926,carangas,,
24927,isluga,,
24928,llica,,
24929,uyuni,,
24930,loa,,
24931,lipi,,
24932,hatun_killaka,,
24933,chak_xana_volcano,,
24934,aucanquilcha_volcano,,
24935,poopo_lake,,
24936,coipasa_salt_pan,,
24937,uyuni_salt_pan,,
24938,charka,CRA,86
24939,colquechaca,CRA,86
24940,ccantumarcani,,
24941,thumilki,,
24942,oronckota,,
24943,chake,,
24944,tupiza,,
24945,payacullo,,
24946,camataqui,,
24947,wanaku_imray_mountain,,
24948,colpanayoc_volcano,,
24949,poposayo_mountains,,
24950,sumaq_urqu_mountains,,
24951,toara,,
24952,cochinoca,,
24953,omaguacas,,
24954,puma,,
24955,susques,,
24956,lickanantay,,
24957,antofalla,,
24958,kolla,,
24959,bayo_mountain,,
24960,acay_mountains,,
24961,llullaillaco_volcano,,
24962,ojos_del_salado_volcano,,
24963,pedernales_salt_pan,,
24964,chumbivilcas,,
24965,maukallaqta,,
24966,waqrapukara,CNC,113
24967,pikillaqta,PIG,72
24968,qusqu,CSU,70
24969,pisaq,AYA,71
24970,paucartambo,,
24971,urupampa,AYA,71
24972,quillarumiyoc,CSU,70
24973,sahuasiray_mountains,,
24974,salkantay_mountains,,
24975,yanatile,AYA,71
24976,yunca,,
24977,ullantaytampu,AYA,71
24978,picchu,,
24979,willka_pampa,KKE,123
24980,chuyapi_jungle,,
24981,ilucan,,
24982,chetilla,,
24983,huambos,,
24984,chumuch,,
24985,congona,CYA,63
24986,kuelap,CYA,63
24987,huamanpata,CYA,63
24988,olan,CYA,63
24989,shin_shin_mountains,,
24990,illapa,CUI,94
24991,kaxa_marca,CUI,94
24992,tantaricuy,CUI,94
24993,chimu,CHM,61
24994,llucho,CUI,94
24995,markahuamachuco,HCH,93
24996,pirca_pirca,,
24997,huallumarca,,
24998,milpo_mountains,,
24999,cospan_mountains,,
25000,quiruvilca_mountains,,
25001,huayabamba_mountains,,
25002,awajun,,
25003,bagua,,
25004,utkhupampa,CYA,63
25005,namballe,,
25006,ingatambo,,
25007,karajia,CYA,63
25008,huancachaca,CYA,63
25009,moyobamba,CYA,63
25010,lamas,CYA,63
25011,yurimagua,,
25012,chatuza,CYA,63
25013,cocamas,,
25014,kachi,,
25015,rupharupha,,
25016,huayabamba_jungle,,
25017,shunte_jungle,,
25018,yanajanca_jungle,,
25019,may_ushin,,
25020,kakataibo,,
25021,ashaninka,,
25022,panatahuas,,
25023,yanesha,,
25024,chanchacc,,
25025,nomatsigenga,,
25026,katataibo_jungle,,
25027,piu_piu_forest,,
25028,mantaro_jungle,,
25029,isabela_island,,
25030,santiago_islands,,
25031,santa_cruz_islands,,
25032,aconca_hue,,
25033,qillu_uta,,
25034,waykuche,,
25035,meli_pillan,,
25036,rangkawe,,
25037,kolchawwe,,
25038,kuruko,,
25039,mawlen,,
25040,cauquen,,
25041,pikumche,,
25042,uthan_uthatun,,
25043,chillan,,
25044,perquilauquen,,
25045,puchacay,,
25046,biobio,,
25047,aconcagua_volcano,,
25048,huemui_mountains,,
25049,chillan_mountains,,
25050,huemules_forest,,
25051,lafkenmapu,,
25052,lelbunmapu,,
25053,wenteche,,
25054,inapiremapu,,
25055,pebuenmapu,,
25056,villarica_lake,,
25057,collico_lake,,
25058,pikunwijimapu,,
25059,caurakawin,,
25060,ancud,,
25061,quiquilhue,,
25062,quellon,,
25063,piren,,
25064,villarica_forest,,
25065,puyehue_forest,,
25066,piren_forest,,
25067,llankiwe_lake,,
25068,alwe_lake,,
25069,rupanco_lake,,
25070,puyewe_lake,,
25071,raukolafken_lake,,
25072,riniwe_lake,,
25073,xailafken_lake,,
25074,kalafken_lake,,
25075,juan_fernandez_islands,,
25076,atacames_cape,,
25077,pasado_cape,,
25078,lorenzo_cape,,
25079,sumpa_point,,
25080,huancavilca_gulf,,
25081,east_pacific_high_sea54,,
25082,east_pacific_high_sea55,,
25083,tumpi_coast,,
25084,paita_bay,,
25085,sec_hura_bay,,
25086,aguja_point,,
25087,nampajic_coast,,
25088,malabriga_bay,,
25089,salaverry_coast,,
25090,east_pacific_high_sea56,,
25091,east_pacific_high_sea57,,
25092,east_pacific_high_sea58,,
25093,east_pacific_high_sea59,,
25094,ferrol_bay,,
25095,huallmi_coast,,
25096,salinas_point,,
25097,saint_lorenzo_island,,
25098,huarco_coast,,
25099,huanu_islands,,
25100,tunga_coast,,
25101,east_pacific_high_sea60,,
25102,east_pacific_high_sea61,,
25103,east_pacific_high_sea62,,
25104,east_pacific_high_sea63,,
25105,maracona_gulf,,
25106,yauca_coast,,
25107,jihuay_coast,,
25108,hornillos_point,,
25109,coles_point,,
25110,sama_point,,
25111,east_pacific_high_sea64,,
25112,east_pacific_high_sea65,,
25113,east_pacific_high_sea66,,
25114,arica_bay,,
25115,pisagua_point,,
25116,chanavaya_bay,,
25117,loa_mouth,,
25118,angamos_point,,
25119,moreno_point,,
25120,cobre_coast,,
25121,east_pacific_high_sea67,,
25122,east_pacific_high_sea68,,
25123,east_pacific_high_sea69,,
25124,paposo_bay,,
25125,chanaral_bay,,
25126,caldera_point,,
25127,copiapo_bay,,
25128,elki_bay,,
25129,east_pacific_high_sea70,,
25130,east_pacific_high_sea71,,
25131,east_pacific_high_sea72,,
25132,east_pacific_high_sea73,,
25133,culebra_point,,
25134,mataquito_mouth,,
25135,carranza_cape,,
25136,concepcion_bay_plata,,
25137,east_pacific_high_sea75,,
25138,east_pacific_high_sea76,,
25139,arauco_bay,,
25140,coral_bay,,
25141,mansa_bay,,
25142,coronado_gulf,,
25143,tongol_bay,,
25144,ancud_gulf,,
25145,east_pacific_high_sea77,,
25146,east_pacific_high_sea78,,
25147,east_pacific_high_sea79,,
25148,tortuga_bay,,
25149,bucaneer_bay,,
25150,elizabeth_bay,,
25151,galapagos_high_sea1,,
25152,galapagos_high_sea2,,
25153,galapagos_high_sea3,,
25154,galapagos_high_sea4,,
25155,galapagos_high_sea5,,
25156,galapagos_high_sea6,,
25157,galapagos_high_sea7,,
25158,galapagos_high_sea8,,
25159,galapagos_high_sea9,,
25160,limari_mouth,,
25161,masatierra_coast,,
25162,masafuera_coast,,
25163,conchali_bay,,
25164,ligua_bay,,
25165,curaimilla_point,,
25166,east_pacific_high_sea74,,
25167,juan_fernandez_high_sea1,,
25168,juan_fernandez_high_sea2,,
25169,juan_fernandez_high_sea3,,
25170,juan_fernandez_high_sea4,,
25171,juan_fernandez_high_sea5,,
25172,juan_fernandez_high_sea6,,
25173,juan_fernandez_high_sea7,,
25174,juan_fernandez_high_sea8,,
25175,kabishi,,
25176,kuruminaka,,
25177,paikoneka,,
25178,saraveka,,
25179,otuke,,
25180,koraveka,,
25181,bia_mbya,,
25182,mbia,,
25183,guarayo,,
25184,cayuvava,,
25185,yuracare,,
25186,oquiriquia_forest,,
25187,zapoco_forest,,
25188,mamorecillo_forest,,
25189,conguagua_forest,,
25190,nemby,,
25191,kyyindy,,
25192,akaray,,
25193,kaarendy,,
25194,canindeyu,,
25195,takuru_puku,,
25196,ycuamandiyu,,
25197,ayvu_pora,,
25198,pai_tavytera,,
25199,kuarepoti,,
25200,curuguaty,,
25201,kaaguy_jehasapa,,
25202,yguazu,,
25203,tsiripa,,
25204,ygana,,
25205,enlhet,,
25206,enxet,,
25207,guana,,
25208,nenlhet,,
25209,enenlhet,,
25210,tefeyak,,
25211,aseptiketiheylhets,,
25212,ipholhhelhlhup,,
25213,eexiwa,,
25214,uechamitogosode,,
25215,eampepaigosode,,
25216,tunupegosode,,
25217,yshyr,,
25218,totobiegosode,,
25219,gaaigosode,,
25220,amomegosode,,
25221,ijnapuigosode,,
25222,ayoreo_forest,,
25223,yshyr_forest,,
25224,chishamnee,,
25225,yita,,
25226,tavashay,,
25227,lumnanas,,
25228,tapiete,,
25229,yalve_sanga,,
25230,sheulec,,
25231,dapiguemlec,,
25232,lanagashec,,
25233,tacshic,,
25234,pitlaxa,,
25235,wichi,,
25236,wiznay,,
25237,niyaj,,
25238,eben_ezer,,
25239,shichaam,,
25240,alpu,,
25241,qom_caia,,
25242,nonot_daxinic,,
25243,aim_mocoylek,,
25244,lalek_cotaa,,
25245,qar_ka_la,,
25246,quisquisacate,,
25247,kata_kuna,,
25248,chipion,,
25249,karendo,,
25250,melincue_lake,,
25251,coronda_lagoon,,
25252,san_pedro_lagoon,,
25253,raxalaa,,
25254,ongamira,,
25255,qompi,,
25256,qollaxalec,,
25257,rukahe,,
25258,yaaucaniga,,
25259,nakaigetergehe,,
25260,moqoit,,
25261,tilala,,
25262,romang,,
25263,ichukanai,,
25264,gualamba,,
25265,ashca,,
25266,kuska,,
25267,ayllu_yacuchiri,,
25268,auqajikuna,,
25269,patay,,
25270,matara,,
25271,ocol,,
25272,chinipi,,
25273,sinipi,,
25274,qom_toba,,
25275,atoj_wasin,,
25276,ashca_caycu,,
25277,macaclita,,
25278,noguinet,,
25279,auleta,,
25280,siton,,
25281,naure,,
25282,sumampa,,
25283,asingasta,,
25284,gualas,,
25285,chine,,
25286,caminigas,,
25287,mogas,,
25288,chupilta,,
25289,ambargasta_salt_pan,,
25290,grandes_salt_pan,,
25291,chiquita_sea_lake,,
25292,mepenes,,
25293,taragui,,
25294,agaes,,
25295,avaes,,
25296,payubre,,
25297,yapeyu,,
25298,itapua,,
25299,uruguay,,
25300,cuareim,,
25301,pairindi,,
25302,mandisobi,,
25303,ibera_swamp,,
25304,saipuru,,
25305,muyupampa,,
25306,tarija,,
25307,weenhayek,,
25308,mrubicha,,
25309,pilaya_jungle,,
25310,yungas_jungle,,
25311,muyupampa_forest,,
25312,jeguakava,,
25313,ibicui,,
25314,ibirapuita,,
25315,cacequi,,
25316,ibaje,,
25317,inhandui,,
25318,cruz_alta,,
25319,palmeira,,
25320,nandeva,,
25321,lagoa_vermelha,,
25322,passo_fundo,,
25323,vacaria,,
25324,carijo,,
25325,piratinin,,
25326,piratini,,
25327,jaguarao,,
25328,cangucu,,
25329,chuy,,
25330,mirim_lake,,
25331,mangueira_lake,,
25332,negra_lagoon,,
25333,icabaqua,,
25334,tupancireta,,
25335,umbu,,
25336,cacapava,,
25337,vacacai,,
25338,tapes,,
25339,patos,,
25340,jacui,,
25341,sao_leopoldo,,
25342,san_antonio_patrulha,,
25343,arroio,,
25344,charrua,,
25345,araicuahita,,
25346,yi,,
25347,hum,,
25348,arachan,,
25349,guenoa,,
25350,ita_cuara,,
25351,ybiti,,
25352,yacegua,,
25353,chana,,
25354,mbegua,,
25355,timbu,,
25356,ituzaingo,,
25357,tuvicha_mini,,
25358,yaros,,
25359,bohan,,
25360,carapachay,,
25361,ombu,,
25362,yaguari_guazu,,
25363,gualeguay,,
25364,nogoya,,
25365,grande_lagoon,,
25366,tandil,,
25367,tapalquen,,
25368,chivilco,,
25369,calfuleufu,,
25370,tubicha_mini,,
25371,pillahuinco,,
25372,kla_rome_ko,,
25373,trenquelauquen,,
25374,wangulen,,
25375,rangkull_mapu,,
25376,epecuen_lagoon,,
25377,monte_lagoon,,
25378,tunas_grandes_lake,,
25379,picasa_lake,,
25380,cholle_cholle,,
25381,choele_choel,,
25382,chadileuvu,,
25383,fisque_menuco,,
25384,anelo,,
25385,ucaln,,
25386,amarga_lagoon,,
25387,dulce_lagoon,,
25388,salinas_grandes_lake,,
25389,chasico_lake,,
25390,salinas_grandes_salt_pan,,
25391,popopis,,
25392,atuel,,
25393,viluco,,
25394,mamull_mapu,,
25395,rankulche,,
25396,vuta_chadihue,,
25397,quemu_quemu,,
25398,chapaleufu,,
25399,chical_co,,
25400,lewfuko,,
25401,bebedero_salt_pan,,
25402,kububu,,
25403,gaiman,,
25404,tulshun,,
25405,gan_gan,,
25406,kashtruk,,
25407,balcheta,,
25408,shupaw_kulu,,
25409,makunchawu,,
25410,newenken,,
25411,curu_leufvu,,
25412,elcui,,
25413,naupa_huen,,
25414,somuncura,,
25415,yaminue,,
25416,cushamen,,
25417,kalfucura,,
25418,colipilli,,
25419,antinir_pilquinan,,
25420,buta_ranquil,,
25421,malal_hue,,
25422,catan_lil,,
25423,currumil,,
25424,vuriloche,,
25425,curruhuinca,,
25426,norquinco,,
25427,huechulafquen_lake,,
25428,lacar_lake,,
25429,alumine_lake,,
25430,nahuel_huapi_lake,,
25431,llancanelo_salt_pan,,
25432,masaks,,
25433,nakenk,,
25434,hamenk,,
25435,wai,,
25436,hamhmam,,
25437,kolser,,
25438,haiyuwel,,
25439,kauwes,,
25440,cami_lake,,
25441,blanco_lake,,
25442,ofhidro_lake,,
25443,colhue_huapi,,
25444,sengel,,
25445,puyu_huapi,,
25446,chain_chaitun,,
25447,puel_co,,
25448,futra_lhewfu,,
25449,nahuelpan,,
25450,tecka,,
25451,koy_aike,,
25452,achen,,
25453,corcovado_forest,,
25454,melimoyu_forest,,
25455,quelat_forest,,
25456,cay_forest,,
25457,san_rafael_forest,,
25458,otron_lake,,
25459,colhue_huapi_lake,,
25460,san_rafael_lagoon,,
25461,gran_lago_salado_salt_pan,,
25462,fontana_lake,,
25463,la_plata_lake,,
25464,palena_lake,,
25465,yelcho_lake,,
25466,paine,,
25467,juni_aiken,,
25468,camusu_aike,,
25469,coyle,,
25470,kehek_aike,,
25471,ciaike,,
25472,horsh_aiken,,
25473,enoo,,
25474,blanca_lagoon,,
25475,kelta_lake,,
25476,del_toro_lake,,
25477,sarmiento_lake,,
25478,balmaceda_lake,,
25479,pinto_lake,,
25480,lee,,
25481,kopolque,,
25482,corpen_aike,,
25483,patagonia,,
25484,pari_aike,,
25485,charkamak,,
25486,teem,,
25487,nehuen_mulfun,,
25488,katrawunletuayin,,
25489,fem_mapu,,
25490,chalten,,
25491,kelt_aiken,,
25492,viedma_lake,,
25493,cardiel_lake,,
25494,charre_lake,,
25495,strobel_lake,,
25496,pueyrredon_lake,,
25497,ghio_lake,,
25498,chelenko_lake,,
25499,tawokser,,
25500,jautok,,
25501,jetarktetqal,,
25502,saelam,,
25503,kcewite,,
25504,kelaelkces,,
25505,malte,,
25506,caguatl,,
25507,nansen_forest,,
25508,paine_forest,,
25509,little_wellington_forest,,
25510,ohiggins_forest,,
25511,campo_nevado_forest,,
25512,ladrillero_forest,,
25513,parrillar_forest,,
25514,tawokser_forest,,
25515,clarence_forest,,
25516,glaciar_lake,,
25517,chuainisin,,
25518,wakimaala,,
25519,utumaala,,
25520,yeskumaala,,
25521,inalumaala,,
25522,ilalumaala,,
25523,dawson_forest,,
25524,agostini_forest,,
25525,masaks_forest,,
25526,navarino_forest,,
25527,ilalumaala_forest,,
25528,west_falkland,,
25529,east_falkland,,
25530,georgia_isle,,
25531,corcovado_gulf,,
25532,puyuguapi_channel,,
25533,guaitecas_archipelago,,
25534,guamblin_island,,
25535,byron_island,,
25536,jungfrauen_island,,
25537,fajokstai_channel,,
25538,east_pacific_high_sea81,,
25539,east_pacific_high_sea83,,
25540,jolawokstai_channel,,
25541,ramirez_island,,
25542,stokes_bay,,
25543,otway_sound,,
25544,colcolo_bay,,
25545,nelson_strait,,
25546,concepcion_channel,,
25547,east_pacific_high_sea86,,
25548,east_pacific_high_sea87,,
25549,cook_bay,,
25550,hermite_isle,,
25551,onashaga_channel,,
25552,aguirre_bay,,
25553,east_pacific_high_sea90,,
25554,blossom_bay,,
25555,lawal_lakwaia_bay,,
25556,daua_nuk_cove,,
25557,san_carlos_strait,,
25558,san_jose_island,,
25559,western_atlantic_high_sea70,,
25560,western_atlantic_high_sea72,,
25561,western_atlantic_high_sea73,,
25562,western_atlantic_high_sea75,,
25563,western_atlantic_high_sea66,,
25564,western_atlantic_high_sea77,,
25565,froward_pass,,
25566,san_sebastian_bay,,
25567,lomas_bay,,
25568,felipe_bay,,
25569,admiralty_sound,,
25570,santa_cruz_river_mouth,,
25571,loyola_point,,
25572,western_atlantic_high_sea64,,
25573,blanco_cape_plata,,
25574,tres_puntas_cape,,
25575,bustamante_bay,,
25576,tombo_point,,
25577,san_julian_bay,,
25578,western_atlantic_high_sea59,,
25579,western_atlantic_high_sea63,,
25580,samborombon_bay,,
25581,la_plata_river_mouth,,
25582,uruguay_river,,
25583,artilleros_point,,
25584,brava_point,,
25585,este_point,,
25586,western_atlantic_high_sea52,,
25587,santa_maria_cape,,
25588,polonio_cape,,
25589,barros_lagoon,,
25590,peixe_lagoon,,
25591,patos_coast,,
25592,patos_lagoon,,
25593,mirim_lagoon,,
25594,western_atlantic_high_sea49,,
25595,western_atlantic_high_sea50,,
25596,western_atlantic_high_sea51,,
25597,western_atlantic_high_sea80,,
25598,nuevo_gulf,,
25599,san_matias_gulf,,
25600,bermeja_point,,
25601,anegada_bay,,
25602,blanca_bay,,
25603,pampa_coast,,
25604,tandil_coast,,
25605,western_atlantic_high_sea56,,
25606,western_atlantic_high_sea58,,
25607,western_atlantic_high_sea53,,
25608,western_atlantic_high_sea54,,
25609,western_atlantic_high_sea55,,
25610,wardandi,,
25611,gurbillup,,
25612,nannup,,
25613,manjimup,,
25614,bibbulman,,
25615,jarrah_karri,,
25616,munite,,
25617,mallee,,
25618,kaniyang,,
25619,yoberrore,,
25620,pinjarup,,
25621,mandjar,,
25622,narroging,,
25623,willman,,
25624,walyalup,,
25625,whadjuk,,
25626,kaleap,,
25627,minang,,
25628,jubururu,,
25629,goreng,,
25630,jerramungup,,
25631,noongar,,
25632,cocanarup,,
25633,wudjari,,
25634,kalaako,,
25635,galaagu,,
25636,wangkatja,,
25637,cowan_lake,,
25638,ngatjumay,,
25639,balladonia,,
25640,bardok,,
25641,malpa,,
25642,yuat,,
25643,jawan,,
25644,ballardong,,
25645,kukerin,,
25646,yabro,,
25647,nyaki_nyaki,,
25648,mandurah,,
25649,kongal_marawar,,
25650,djiralay,,
25651,kongal_boyal,,
25652,eneabba,,
25653,amangu,,
25654,yarra_yarra_lake,,
25655,badimala,,
25656,bidungu,,
25657,karroun,,
25658,jungal,,
25659,jungaa,,
25660,kaprun,,
25661,takalako,,
25662,kalaamaya,,
25663,western_australian_desert,,
25664,carey_lake,,
25665,badimaya,,
25666,wardal,,
25667,wajarri,,
25668,nhanta,,
25669,yamatji,,
25670,daguda,,
25671,tedei,,
25672,thung_arra,,
25673,buluguda,,
25674,malkana,,
25675,yinggarda,,
25676,kakarakala,,
25677,majanna,,
25678,maia,,
25679,tharrgari,,
25680,baiyungu,,
25681,ingadi,,
25682,thalanyji,,
25683,djalendi,,
25684,nhuwala,,
25685,jinigudera,,
25686,martuthunira,,
25687,yindjibarndi,,
25688,noanamaronga,,
25689,little_sandy_desert,,
25690,carnegie_lake,,
25691,disappointment_lake,,
25692,gibson_desert,,
25693,jaburrara,,
25694,ngarluma,,
25695,palyku,,
25696,martu,,
25697,kariyarra,,
25698,nyamal,,
25699,ngarla,,
25700,kundal,,
25701,iparuka,,
25702,nyangumarda,,
25703,karajarri,,
25704,great_sandy_desert,,
25705,dora_lake,,
25706,gregory_lake,,
25707,mackay_lake_australia,,
25708,amadeus_lake,,
25709,yawuru,,
25710,jukun,,
25711,ngumbari,,
25712,jabirrjabirr,,
25713,bardi_australia,,
25714,nimanburu,,
25715,nyikina,,
25716,warwa,,
25717,unggarangi,,
25718,umida,,
25719,unggami,,
25720,worora,,
25721,wilinggin,,
25722,wunambui,,
25723,gamberre,,
25724,mangala,,
25725,gooniyandi,,
25726,jaru,,
25727,oladjau,,
25728,bunuba,,
25729,gurindji,,
25730,kija,,
25731,worla,,
25732,ngarinyin,,
25733,balanggarra,,
25734,miwa,,
25735,kwini,,
25736,bagu,,
25737,yiiji,,
25738,kadjerong,,
25739,jarrakan,,
25740,doolboong,,
25741,ngarinman,,
25742,ngaliwuru,,
25743,karangpurru,,
25744,mudburra,,
25745,warlmanpa,,
25746,bilinara,,
25747,jaminjung,,
25748,alura,,
25749,nagor,,
25750,murrinh_patha,,
25751,malak_malak,,
25752,marrithiyel,,
25753,kuwena,,
25754,kungarakany,,
25755,larrakia,,
25756,tiwi,,
25757,woolna,,
25758,maung,,
25759,konbudj,,
25760,kundjeymi,,
25761,gunbalang,,
25762,dangbon,,
25763,nakara,,
25764,ongkakaringa,,
25765,kamor,,
25766,wardaman,,
25767,jawoyn,,
25768,wagiman,,
25769,limilngan,,
25770,gunwinggu,,
25771,mangarayi,,
25772,ngalakan,,
25773,ngandi,,
25774,ngalkbun,,
25775,nunggubuyu,,
25776,warnindilyakwa,,
25777,rembarnga,,
25778,yolngu,,
25779,burara,,
25780,yangman,,
25781,alawa,,
25782,ngandji,,
25783,gunindiri,,
25784,budjanga,,
25785,ganggalida,,
25786,waanyi,,
25787,nguburinji,,
25788,wilingura,,
25789,mara,,
25790,anula,,
25791,yanyuwa,,
25792,manangoora,,
25793,gananggalinda,,
25794,gayardilt,,
25795,mingin_australia,,
25796,lardil,,
25797,jingili,,
25798,warumungu,,
25799,wambaya,,
25800,wakaya,,
25801,wakabunga,,
25802,bulamu,,
25803,warluwarra,,
25804,andegerebenha,,
25805,tanami_desert,,
25806,yadhaigana,,
25807,anggamudi,,
25808,tjungundji,,
25809,wuthathi,,
25810,anguthimri,,
25811,awngthim,,
25812,winda_winda,,
25813,yupangathi,,
25814,kuukyuyau,,
25815,luthigh,,
25816,yinwum,,
25817,uutaalnganu,,
25818,mbeiwum,,
25819,umpila,,
25820,wik,,
25821,kuukuyani,,
25822,kukatj,,
25823,kuthant,,
25824,koknar,,
25825,bakanh,,
25826,yir_yoront,,
25827,koko_bera,,
25828,wiknatanja,,
25829,umbindhamu,,
25830,kunjen,,
25831,lamalama,,
25832,kokowarra,,
25833,kokomini,,
25834,kuku_yalanji,,
25835,wujal_wujal,,
25836,guugu_yimidhirr,,
25837,mutumui,,
25838,djabuganjdji,,
25839,yidinjdji,,
25840,djirbalgan,,
25841,wargamaygan,,
25842,nyawaygi,,
25843,wimanja,,
25844,wailulu,,
25845,warungu,,
25846,burdekin,,
25847,mayi_kutuna,,
25848,mayi_yapi,,
25849,makulu,,
25850,mahi_kulan,,
25851,walangama,,
25852,kungara,,
25853,kurtjar,,
25854,agwarmin,,
25855,yanga,,
25856,takalak,,
25857,wangkamana,,
25858,pitta_pitta,,
25859,yalarrnga,,
25860,maiawali,,
25861,yada,,
25862,guwa,,
25863,karuwali,,
25864,kabikabi,,
25865,kalkadoon,,
25866,mayi_thakurti,,
25867,ngwaun,,
25868,quippen_bura,,
25869,wanamara,,
25870,mbara,,
25871,puruga,,
25872,gugu_badhun,,
25873,bindal,,
25874,wulgurukaba,,
25875,yuru,,
25876,biria,,
25877,giya,,
25878,perembba,,
25879,yuwi,,
25880,toolginburra,,
25881,baradha,,
25882,guwinmal,,
25883,yirandali,,
25884,kutjala,,
25885,yangga,,
25886,yilba,,
25887,yambina,,
25888,owanburra,,
25889,wangan,,
25890,yagalingu,,
25891,buchanan_lake,,
25892,iningai,,
25893,kuungkari,,
25894,wakelbara,,
25895,dwarawala,,
25896,builoo,,
25897,bidjara,,
25898,margany,,
25899,badjidi,,
25900,nguri,,
25901,simpson_desert,,
25902,blanche_lake,,
25903,darumbal,,
25904,bayali,,
25905,gureng_gureng,,
25906,badtjala,,
25907,waka_waka,,
25908,murrumgama,,
25909,gubbi_gubbi,,
25910,burrum,,
25911,barna,,
25912,woppaburra,,
25913,gayiri,,
25914,kanolu,,
25915,orambul,,
25916,garingbal,,
25917,wadjigu,,
25918,gangulu,,
25919,wakgun,,
25920,yiman_australia,,
25921,gungabula,,
25922,mandandanji,,
25923,gogai,,
25924,wull_wull,,
25925,barunggam,,
25926,bigambul,,
25927,turrbal,,
25928,geynyan,,
25929,marbul,,
25930,galibal,,
25931,ngarbal,,
25932,wadjar,,
25933,bundjalung,,
25934,quandamooka,,
25935,wigal_wollumbul,,
25936,kamilaroi,,
25937,camel_duahi,,
25938,gunnedah,,
25939,tjake,,
25940,yauan,,
25941,wailwan,,
25942,wonnarua,,
25943,strzelecki_desert,,
25944,sturt_stony_desert,,
25945,burugardi,,
25946,nganyaywana,,
25947,dainggatti,,
25948,oxley_wilds,,
25949,biripi,,
25950,guringai,,
25951,geawegal,,
25952,worimi,,
25953,gumbaynggirr,,
25954,wirrai_durhai,,
25955,guwandhaang,,
25956,cootamundra,,
25957,thurrawal,,
25958,murranbulla,,
25959,boandik,,
25960,bangarang,,
25961,narrandera,,
25962,awabakal,,
25963,dharug,,
25964,eora,,
25965,blue_mountains,,
25966,guramal,,
25967,tharawal,,
25968,ngarigo,,
25969,jerrinja,,
25970,didthul,,
25971,george_lake,,
25972,alpine_mountains,,
25973,thaua,,
25974,yuin,,
25975,wadbilliga_mountains,,
25976,kosciuszko_mountains,,
25977,bidwell,,
25978,krauatungalung,,
25979,krowathunkkooloong,,
25980,mallacoota,,
25981,braiakalung,,
25982,brataulung,,
25983,boon_wurrung,,
25984,yarra,,
25985,kurnai,,
25986,jaitmatang,,
25987,waveroo,,
25988,taungurung,,
25989,woi_wurrung,,
25990,wellington_lake,,
25991,karta_pintingga,,
25992,latje_latje,,
25993,millewa,,
25994,chala,,
25995,kooinkill,,
25996,ngarrindjeri,,
25997,ngargad,,
25998,kromelak,,
25999,bindjali,,
26000,djappuminyou,,
26001,jakelbalak,,
26002,alexandrina_lake,,
26003,lake_yarli,,
26004,dadi_dadi,,
26005,nari_nari,,
26006,malegoondeet,,
26007,kureinji,,
26008,madi_madi,,
26009,yitha_yitha,,
26010,wandjiwalgu,,
26011,barkinji,,
26012,barundji,,
26013,yunggai,,
26014,wemba_wemba,,
26015,marin_balluk,,
26016,dja_dja_wurrung,,
26017,ngunawal,,
26018,lail_buil,,
26019,ngurraiillam,,
26020,wotjobaluk,,
26021,baraba_baraba,,
26022,yorta_yorta,,
26023,yakkajari,,
26024,wiradjuri,,
26025,wachigari,,
26026,buandig,,
26027,coonawarra,,
26028,jardwajali,,
26029,gunditjmara,,
26030,djabwurung,,
26031,balla_arat,,
26032,gulidjan,,
26033,giraiwurung,,
26034,gadubanud,,
26035,geelong,,
26036,wathaurong,,
26037,corangamite_lake,,
26038,east_palawa,,
26039,west_palawa,,
26040,peerapper,,
26041,tommeginne,,
26042,tyerrernotepanner,,
26043,pyemmairrener,,
26044,lairmairrener,,
26045,paredarerme,,
26046,toogee,,
26047,narangga,,
26048,kaurna_pangkarra,,
26049,tarntanya,,
26050,boanawari,,
26051,burra_burra,,
26052,doora,,
26053,aluri,,
26054,nukunu,,
26055,meru,,
26056,nanja,,
26057,danggali,,
26058,tandou_lake,,
26059,manuri,,
26060,mimbara,,
26061,ngadjuri,,
26062,wirameju,,
26063,eura,,
26064,south_eyre_lake,,
26065,eyre_lake,,
26066,pedrika_desert,,
26067,south_australian_desert,,
26068,frome_lake,,
26069,kooapudna,,
26070,wanbirujurari,,
26071,jadliaura,,
26072,arkaba_tura,,
26073,barutadura,,
26074,pamkala,,
26075,battara,,
26076,gnowoo,,
26077,torres_lake_saltpan,,
26078,nawu,,
26079,banggarla,,
26080,willeuroo,,
26081,gilles_lake,,
26082,gairdner_lake,,
26083,nonga,,
26084,kadu,,
26085,ceduna,,
26086,wirangu,,
26087,tidni,,
26088,bookabie,,
26089,yalata,,
26090,windakan,,
26091,wanbiri,,
26092,ngandatha,,
26093,ikala,,
26094,mirning,,
26095,malba,,
26096,buljigu,,
26097,great_victoria_desert,,
26098,maurice_lake,,
26099,great_australian_bight,,
26100,yeagarup_coast,,
26101,flinders_bay,,
26102,deepdene_coast,,
26103,bunbury_coast,,
26104,perth_bay,,
26105,australia_highseas_51,,
26106,australia_highseas_52,,
26107,australia_highseas_53,,
26108,australia_highseas_54,,
26109,australia_highseas_55,,
26110,two_rocks,,
26111,wedge_shore_australia,,
26112,green_head,,
26113,geraldton_bay,,
26114,lucky_bay,,
26115,kalbarri,,
26116,shark_coast,,
26117,australia_highseas_56,,
26118,australia_highseas_57,,
26119,australia_highseas_58,,
26120,australia_highseas_59,,
26121,dorre_coast,,
26122,bernier_coast,,
26123,coral_bay_australia,,
26124,cape_range_coast,,
26125,doole_coast,,
26126,barrow,,
26127,australia_highseas_60,,
26128,australia_highseas_61,,
26129,australia_highseas_62,,
26130,australia_highseas_63,,
26131,eaglehawk,,
26132,depuch_coast,,
26133,hedland,,
26134,keraudren,,
26135,bidyadanga,,
26136,minyirr,,
26137,australia_highseas_64,,
26138,australia_highseas_65,,
26139,australia_highseas_66,,
26140,dampier,,
26141,ardyaloon,,
26142,derby_shore,,
26143,augustus,,
26144,bigge,,
26145,south_timor_shore,,
26146,australia_highseas_1,,
26147,australia_highseas_67,,
26148,australian_highseas_00,,
26149,australia_highseas_68,,
26150,faraway_bay,,
26151,reveley_shore,,
26152,joseph_bonaparte_gulf,,
26153,injin_coast,,
26154,daly_river_mouth,,
26155,beagle_gulf,,
26156,australia_highseas_2,,
26157,bathurst_shore,,
26158,van_dieman_gulf,,
26159,minjilang_coast,,
26160,warruwi_shore,,
26161,milingimbi_coast,,
26162,australia_highseas_3,,
26163,galiwin_ku_shore,,
26164,south_arafura_sea_coast,,
26165,yirrkala_coast,,
26166,milyakburra_coast,,
26167,umbakumba_coast,,
26168,australia_highseas_5,,
26169,australia_highseas_6,,
26170,australia_highseas_4,,
26171,australia_highseas_10,,
26172,numbulwar_shore,,
26173,pellew_islands_coast,,
26174,calvert_coast,,
26175,gangalidda_coast,,
26176,carpentaria_gulf,,
26177,karumba_coast,,
26178,duck_creek_shore,,
26179,nassau_river_mouth,,
26180,pormpuraaw_shore,,
26181,australia_highseas_12,,
26182,kirke_river_mouth,,
26183,aurukun_coast,,
26184,pennefather_river_coast,,
26185,vrilya_point_shore,,
26186,torres_strait,,
26187,wyborn_reef_coast,,
26188,hannibal_reef_coast,,
26189,australia_highseas_13,,
26190,kay_reef_shore,,
26191,throne_reef_shore,,
26192,flinders_shore,,
26193,central_reef_coast,,
26194,mcivor_river_mouth,,
26195,cape_tribulation_shore,,
26196,yarrabah_coast,,
26197,australia_highseas_14,,
26198,australia_highseas_15,,
26199,australia_highseas_16,,
26200,kurrimine_shore,,
26201,halifax_bay,,
26202,burdekin_river_mouth,,
26203,whitsunday_shore,,
26204,cumberland_coast,,
26205,freshwater_point_shore,,
26206,herbert_creek,,
26207,australia_highseas_17,,
26208,australia_highseas_18,,
26209,australia_highseas_19,,
26210,australia_highseas_20,,
26211,yeppoon_coast,,
26212,bustard_bay,,
26213,yandaran_coast,,
26214,coral_shore,,
26215,great_sandy_strait,,
26216,weyba_shore,,
26217,moreton_bay,,
26218,gold_coast_australia,,
26219,australia_highseas_21,,
26220,australia_highseas_22,,
26221,australia_highseas_23,,
26222,byron_bay,,
26223,yuraigir_coast,,
26224,bellinger_river_mouth,,
26225,hastings_shore,,
26226,wallis_lake_shore,,
26227,karuah_shore,,
26228,lord_howe_coast,,
26229,australia_highseas_26,,
26230,australia_highseas_24,,
26231,australia_highseas_25,,
26232,australia_highseas_27,,
26233,lord_howe_high_sea_1,,
26234,lord_howe_high_sea_2,,
26235,lord_howe_high_sea_3,,
26236,lord_howe_high_sea_4,,
26237,lord_howe_high_sea_5,,
26238,botany_bay,,
26239,illawarra_coast,,
26240,jervis_bay,,
26241,batemans_bay,,
26242,twofold_bay,,
26243,wallagaraugh_river_mouth,,
26244,lake_tyers_shore,,
26245,australia_highseas_28,,
26246,australia_highseas_29,,
26247,australia_highseas_31,,
26248,naracoopa_shore,,
26249,east_bass_strait,,
26250,sheaoak_coast,,
26251,south_furneaux_group,,
26252,macquarie_heads_shore,,
26253,matsuyker_shore,,
26254,sunken_rock_bay,,
26255,yumbah_shore,,
26256,australia_highseas_33,,
26257,australia_highseas_34,,
26258,australia_highseas_36,,
26259,australia_highseas_37,,
26260,reeve_shore,,
26261,kent_group_shore,,
26262,port_philip,,
26263,milanesia_coast,,
26264,yambuk_coast,,
26265,riddoch_bay,,
26266,guichen_bay,,
26267,australia_highseas_39,,
26268,australia_highseas_40,,
26269,the_pages,,
26270,west_kangaroo_coast,,
26271,south_saint_vincent_gulf,,
26272,north_saint_vincent_gulf,,
26273,north_spencer_gulf,,
26274,south_spencer_gulf,,
26275,coffin_bay,,
26276,australia_highseas_41,,
26277,australia_highseas_42,,
26278,australia_highseas_43,,
26279,venus_bay,,
26280,smoky_bay,,
26281,fowles_bay,,
26282,wahgunyah,,
26283,australia_highseas_44,,
26284,nullabor,,
26285,eucla_shore,,
26286,nuytsland_shore,,
26287,kanidal_coast,,
26288,australia_highseas_45,,
26289,australia_highseas_46,,
26290,toolina,,
26291,israelite_bay,,
26292,bellinger,,
26293,esperance_bay_australia,,
26294,bremer_bay,,
26295,breaksea_shore,,
26296,frenchman_bay,,
26297,australia_highseas_47,,
26298,australia_highseas_48,,
26299,australia_highseas_49,,
26300,australia_highseas_50,,
26301,waitangi,,
26302,tamaki,,
26303,whangarei,,
26304,aupouri,,
26305,manukau,,
26306,whakatane,,
26307,hauraki,,
26308,tauranga,,
26309,te_tairawhiti,,
26310,wairoa,,
26311,urewera,,
26312,taupo,,
26313,rotorua_lake,,
26314,ahurei,,
26315,ngamotu,,
26316,patea,,
26317,ruapehu,,
26318,taranaki,,
26319,whanganui,,
26320,wellington,,
26321,manawatu,,
26322,heretaunga,,
26323,wairarapa,,
26324,tararua,,
26325,wairarapa_lake,,
26326,tauihu,,
26327,kahurangi,,
26328,kaikoura,,
26329,whakatu,,
26330,te_tai_aorere,,
26331,timaru,,
26332,puari,,
26333,rakaia,,
26334,kaiapoi,,
26335,akaroa,,
26336,otakou,,
26337,rakiura,,
26338,kaitangata,,
26339,otepoti,,
26340,waihopai,,
26341,motupohue,,
26342,macquarie,,
26343,okarito,,
26344,hurunui,,
26345,taramakau,,
26346,mahitahi,,
26347,mawhera,,
26348,southern_alps,,
26349,hauroko_lake,,
26350,manapouri_lake,,
26351,te_anau_lake,,
26352,wakatipu_lake,,
26353,whakatipu_waitai_lake,,
26354,wanaka_lake,,
26355,hawea_lake,,
26356,ohau_lake,,
26357,pukaki_lake,,
26358,tekapo_lake,,
26359,rekohu,,
26360,lord_howe_island,,
26361,norfolk,,
26362,motu_maha,,
26363,rekohu_coast,,
26364,kekerengu_bank,,
26365,turanganui_bay,,
26366,hawke_bay,,
26367,turnagain_cape,,
26368,tokomaru_bay,,
26369,east_cape,,
26370,new_zealand_high_sea_5,,
26371,new_zealand_high_sea_6,,
26372,new_zealand_high_sea_19,,
26373,new_zealand_high_sea_26,,
26374,new_zealand_high_sea_16,,
26375,rekohu_high_sea_2,,
26376,rekohu_high_sea_4,,
26377,rekohu_high_sea_6,,
26378,pacific_south_current60,,
26379,pacific_south_current61,,
26380,motu_maha_coast,,
26381,caroline_bay,,
26382,foveaux_strait,,
26383,dusky_sound,,
26384,okahu_bay,,
26385,foulwind_cape,,
26386,canterbury_bight,,
26387,motu_maha_high_sea_1,,
26388,motu_maha_high_sea_2,,
26389,motu_maha_high_sea_3,,
26390,new_zealand_high_sea_12,,
26391,new_zealand_high_sea_7,,
26392,new_zealand_high_sea_8,,
26393,new_zealand_high_sea_9,,
26394,new_zealand_high_sea_10,,
26395,te_taio_aorere_bay,,
26396,farewell_cape,,
26397,south_taranaki_bight,,
26398,egmont_cape,,
26399,norht_taranaki_bight,,
26400,manukao_harbour,,
26401,new_zealand_high_sea_13,,
26402,new_zealand_high_sea_14,,
26403,norfolk_coast,,
26404,rangaunu_bay,,
26405,kaipara_harbour,,
26406,islands_bay,,
26407,hauraki_gulf,,
26408,whangapoua_bay,,
26409,plenty_bay,,
26410,norfolk_high_sea_1,,
26411,norfolk_high_sea_2,,
26412,norfolk_high_sea_3,,
26413,norfolk_high_sea_4,,
26414,norfolk_high_sea_5,,
26415,new_zealand_high_sea_3,,
26416,new_zealand_high_sea_4,,
26417,new_zealand_high_sea_17,,
26418,new_zealand_high_sea_18,,
26419,new_zealand_high_sea_15,,
26420,new_zealand_high_sea_25,,
26421,new_zealand_high_sea_28,,
26422,new_zealand_high_sea_27,,
26423,kohala,HAW,2008
26424,kona,HAW,2008
26425,ka_u,HAW,2008
26426,hilo,HAW,2008
26427,mauna_loa,,
26428,maui,MUI,2009
26429,lahaina,LHN,2010
26430,moloka_i,MLK,2011
26431,o_ahu,OAH,2012
26432,kaua_i,KAU,2013
26433,nihoa,,
26434,mokumanamana,,
26435,kanemilohai_atoll,,
26436,kauo,,
26437,papa_apoho_atoll,,
26438,holoikauaua_atoll,,
26439,kuaihelani_atoll,,
26440,holaniku_atoll,,
26441,nihoa_coast_1,,
26442,nihoa_coast_2,,
26443,mokumanamana_coast_1,,
26444,mokumanamana_coast_2,,
26445,kanemilohai_coast_1,,
26446,kanemilohai_coast_2,,
26447,kauo_coast,,
26448,papa_apoho_coast,,
26449,holoikauaua_coast,,
26450,kuaihelani_coast,,
26451,holaniku_coast,,
26452,hawaii_high_sea07,,
26453,hawaii_high_sea08,,
26454,hawaii_high_sea12,,
26455,hawaii_high_sea13,,
26456,hawaii_high_sea14,,
26457,hawaii_high_sea15,,
26458,hawaii_high_sea16,,
26459,hawaii_high_sea17,,
26460,hawaii_high_sea18,,
26461,hawaii_high_sea19,,
26462,hawaii_high_sea20,,
26463,hawaii_high_sea21,,
26464,hawaii_high_sea22,,
26465,hawaii_high_sea23,,
26466,hawaii_high_sea24,,
26467,hawaii_high_sea25,,
26468,hawaii_high_sea26,,
26469,hawaii_high_sea27,,
26470,hawaii_high_sea28,,
26471,hawaii_high_sea29,,
26472,hawaii_high_sea30,,
26473,hawaii_high_sea31,,
26474,kealakio_bay,,
26475,kaalualu_bay,,
26476,keahole_point,,
26477,kumukahi_cape,,
26478,hilo_bay,,
26479,hawaii_high_sea01,,
26480,hawaii_high_sea02,,
26481,hawaii_high_sea03,,
26482,hawaii_high_sea10,,
26483,hawaii_high_sea11,,
26484,maui_coast,,
26485,maalaea_bay,,
26486,kahului_bay,,
26487,makahuena_point,,
26488,hawaii_high_sea04,,
26489,hawaii_high_sea05,,
26490,hawaii_high_sea06,,
26491,hawaii_high_sea09,,
26492,kiritimati,,
26493,kiritimati_atoll,,
26494,tabuaeran,,
26495,teraina,,
26496,palmyra_atoll,,
26497,kingman_reff,,
26498,malden,,
26499,starbuck,,
26500,caroline,,
26501,te_ulu_o_te_watu,,
26502,manihiki,,
26503,rakahanga,,
26504,tongareva,,
26505,eiao,,
26506,nuku_hiva,,
26507,ua_huka,,
26508,ua_pou,,
26509,hiva_oa,,
26510,kiritimati_coast,,
26511,tabuaeran_coast,,
26512,te_ulu_o_te_watu_coast,,
26513,manihiki_coast,,
26514,rakahanga_coast,,
26515,tongareva_coast,,
26516,eiao_coast,,
26517,ua_huka_coast,,
26518,mohotani_island,,
26519,teraina_coast,,
26520,palmyra_coast,,
26521,kingman_coast,,
26522,malden_coast,,
26523,starbuck_coast,,
26524,caroline_coast,,
26525,aono_raina_high_sea_1,,
26526,aono_raina_high_sea_2,,
26527,aono_raina_high_sea_3,,
26528,aono_raina_high_sea_4,,
26529,aono_raina_high_sea_5,,
26530,aono_raina_high_sea_6,,
26531,aono_raina_high_sea_7,,
26532,aono_raina_high_sea_8,,
26533,aono_raina_high_sea_9,,
26534,aono_raina_high_sea_10,,
26535,aono_raina_high_sea_11,,
26536,aono_raina_high_sea_12,,
26537,aono_raina_high_sea_13,,
26538,aono_raina_high_sea_14,,
26539,aono_raina_high_sea_15,,
26540,aono_raina_high_sea_16,,
26541,aono_raina_high_sea_17,,
26542,aono_raina_high_sea_18,,
26543,aono_raina_high_sea_19,,
26544,aono_raina_high_sea_20,,
26545,aono_raina_high_sea_21,,
26546,aono_raina_high_sea_22,,
26547,aono_raina_high_sea_23,,
26548,kuki_airani_high_sea_1,,
26549,kuki_airani_high_sea_2,,
26550,kuki_airani_high_sea_3,,
26551,kuki_airani_high_sea_4,,
26552,kuki_airani_high_sea_5,,
26553,kuki_airani_high_sea_6,,
26554,kuki_airani_high_sea_7,,
26555,kuki_airani_high_sea_8,,
26556,kuki_airani_high_sea_9,,
26557,kuki_airani_high_sea_10,,
26558,kuki_airani_high_sea_11,,
26559,kuki_airani_high_sea_12,,
26560,te_henua_enana_high_sea_1,,
26561,te_henua_enana_high_sea_2,,
26562,te_henua_enana_high_sea_3,,
26563,te_henua_enana_high_sea_4,,
26564,te_henua_enana_high_sea_5,,
26565,te_henua_enana_high_sea_6,,
26566,te_henua_enana_high_sea_7,,
26567,te_henua_enana_high_sea_8,,
26568,avarau,,
26569,aitutaki_atoll,,
26570,manuae_atoll_cook,,
26571,nga_pu_toru,,
26572,rarotonga_atoll,,
26573,mangaia,,
26574,nororotu_atoll,,
26575,rimatara,,
26576,rurutu,,
26577,tubuai,,
26578,tubuai_atoll,,
26579,raivavae,,
26580,raivavae_atoll,,
26581,oparo,,
26582,marotiri,,
26583,mehetia,,
26584,tetiaroa_atoll,,
26585,moorea,,
26586,moorea_atoll,,
26587,tahiti,,
26588,tahiti_atoll,,
26589,maiao,,
26590,huahine,,
26591,huahine_atoll,,
26592,havaii,,
26593,havaii_atoll,,
26594,pora_pora,,
26595,pora_pora_atoll,,
26596,maupiti_atoll,,
26597,maupihaa_atoll,,
26598,manuae_atoll,,
26599,motu_one_atoll,,
26600,avarau_coast,,
26601,aitutaki_coast,,
26602,manuae_coast,,
26603,atiu_coast,,
26604,ngatangiia_bay,,
26605,karanga_coast,,
26606,nororotu_coast,,
26607,rimatara_coast,,
26608,rurutu_coast,,
26609,tubuai_coast,,
26610,raivavae_coast,,
26611,iripua_bay,,
26612,marotiri_coast,,
26613,mehetia_coast,,
26614,tetiaroa_coast,,
26615,moorea_coast,,
26616,taravao_bay,,
26617,teahuahu_bay,,
26618,maraa_bay,,
26619,maiao_coast,,
26620,huahine_coast,,
26621,maupiti_coast_2,,
26622,motu_one_coast,,
26623,manuae_coast_1,,
26624,tikehau_coast,,
26625,makatea_coast,,
26626,kuki_airani_high_sea_13,,
26627,kuki_airani_high_sea_14,,
26628,kuki_airani_high_sea_15,,
26629,kuki_airani_high_sea_16,,
26630,kuki_airani_high_sea_17,,
26631,kuki_airani_high_sea_18,,
26632,kuki_airani_high_sea_19,,
26633,kuki_airani_high_sea_20,,
26634,kuki_airani_high_sea_21,,
26635,kuki_airani_high_sea_22,,
26636,kuki_airani_high_sea_23,,
26637,tupuai_high_sea_1,,
26638,tupuai_high_sea_2,,
26639,tupuai_high_sea_3,,
26640,tupuai_high_sea_4,,
26641,tupuai_high_sea_5,,
26642,tupuai_high_sea_6,,
26643,tupuai_high_sea_7,,
26644,tupuai_high_sea_8,,
26645,tupuai_high_sea_9,,
26646,tupuai_high_sea_10,,
26647,tupuai_high_sea_11,,
26648,oparo_high_sea_1,,
26649,oparo_high_sea_2,,
26650,oparo_high_sea_3,,
26651,oparo_high_sea_4,,
26652,oparo_high_sea_5,,
26653,oparo_high_sea_6,,
26654,nia_matai_ma_high_sea_1,,
26655,nia_matai_ma_high_sea_2,,
26656,nia_matai_ma_high_sea_3,,
26657,nia_matai_ma_high_sea_4,,
26658,raro_matai_ma_high_sea_1,,
26659,raro_matai_ma_high_sea_2,,
26660,raro_matai_ma_high_sea_3,,
26661,raro_matai_ma_high_sea_4,,
26662,raro_matai_ma_high_sea_5,,
26663,raro_matai_ma_high_sea_6,,
26664,raro_matai_ma_high_sea_7,,
26665,temoe_atoll,,
26666,mangareva,,
26667,morane_atoll,,
26668,marutea,,
26669,acteon,,
26670,maria_atoll,,
26671,papakena_atoll,,
26672,tematagi_atoll,,
26673,aopuni_atoll,,
26674,hereheretue_atoll,,
26675,anuanuraro_atoll,,
26676,tatakoto,,
26677,reao,,
26678,nukutavake,,
26679,haorangi_atoll,,
26680,paraoa_atoll,,
26681,nengonengo_atoll,,
26682,tauere_atoll,,
26683,rekareka_atoll,,
26684,marokau_atoll,,
26685,hikueru_atoll,,
26686,reitoru_atoll,,
26687,fangatau_atoll,,
26688,puka_puka_atoll,,
26689,napuka_atoll,,
26690,takaroa_atoll,,
26691,manihi_atoll,,
26692,tikei,,
26693,makemo_atoll,,
26694,raroia_atoll,,
26695,taenga_atoll,,
26696,nihiru_atoll,,
26697,taunga_tauranga_atoll,,
26698,haraiki_atoll,,
26699,taungataki_atoll,,
26700,tahanea_atoll,,
26701,nganaa_nui_atoll,,
26702,faaite_atoll,,
26703,motutunga_atoll,,
26704,fakarava_atoll,,
26705,raraka_atoll,,
26706,kauehi_atoll,,
26707,aratika_atoll,,
26708,toau_atoll,,
26709,arutua_atoll,,
26710,kaukura_atoll,,
26711,apataki_atoll,,
26712,rangiroa_atoll,,
26713,tikehau_atoll,,
26714,makatea_atoll,,
26715,rapa_nui,,
26716,oeno_atoll,,
26717,henderson,,
26718,pitcairn,,
26719,ducie_atoll,,
26720,kauehi_coast,,
26721,taiaro_coast,,
26722,toau_coast,,
26723,apataki_coast,,
26724,takaroa_coast,,
26725,faaite_coast,,
26726,manihi_coast,,
26727,arutua_coast,,
26728,rangiroa_coast,,
26729,teoo_coast,,
26730,george_islands_high_sea_1,,
26731,george_islands_high_sea_2,,
26732,george_islands_high_sea_3,,
26733,haraiki_coast,,
26734,takume_coast,,
26735,makemo_coast,,
26736,taungataki_coast,,
26737,nganaa_nui_coast,,
26738,tahanea_coast,,
26739,rekareka_coast,,
26740,napuka_coast,,
26741,puka_puka_coast,,
26742,fangatau_coast_1,,
26743,fangatau_coast_2,,
26744,fakahina_coast_1,,
26745,fakahina_coast_2,,
26746,disappointment_islands_high_sea_1,,
26747,disappointment_islands_high_sea_2,,
26748,disappointment_islands_high_sea_3,,
26749,disappointment_islands_high_sea_4,,
26750,disappointment_islands_high_sea_5,,
26751,papakena_coast,,
26752,tematagi_coast,,
26753,fangataufa_coast_1,,
26754,marutea_coast,,
26755,matureivavao_coast,,
26756,portland_coast,,
26757,teauaone_coast,,
26758,morane_coast_1,,
26759,oeno_coast,,
26760,henderson_coast,,
26761,pitcairn_coast,,
26762,ducie_coast,,
26763,rapa_nui_coast,,
26764,mangareva_high_sea_1,,
26765,mangareva_high_sea_2,,
26766,mangareva_high_sea_3,,
26767,mangareva_high_sea_4,,
26768,papakena_high_sea_1,,
26769,papakena_high_sea_2,,
26770,tuamotu_high_sea_2,,
26771,pitcairn_islands_high_sea_1,,
26772,pitcairn_islands_high_sea_2,,
26773,pitcairn_islands_high_sea_3,,
26774,pitcairn_islands_high_sea_4,,
26775,pitcairn_islands_high_sea_5,,
26776,pitcairn_islands_high_sea_6,,
26777,pitcairn_islands_high_sea_7,,
26778,pitcairn_islands_high_sea_8,,
26779,pitcairn_islands_high_sea_9,,
26780,pitcairn_islands_high_sea_10,,
26781,rapa_nui_high_sea1,,
26782,rapa_nui_high_sea2,,
26783,rapa_nui_high_sea3,,
26784,rapa_nui_high_sea4,,
26785,rapa_nui_high_sea5,,
26786,rapa_nui_high_sea6,,
26787,marokau_coast,,
26788,hereheretue_coast,,
26789,anuanuraro_coast,,
26790,anuanurunga_coast,,
26791,tatakoto_coast,,
26792,reao_coast,,
26793,pukarua_coast,,
26794,nukutavake_coast,,
26795,ahunui_coast,,
26796,haorangi_coast,,
26797,manuhangi_coast,,
26798,tuamotu_high_sea_1,,
26799,gloucester_islands_high_sea_1,,
26800,gloucester_islands_high_sea_2,,
26801,gloucester_islands_high_sea_3,,
26802,gloucester_islands_high_sea_4,,
26803,gloucester_islands_high_sea_5,,
26804,tatakoto_high_sea_1,,
26805,tatakoto_high_sea_2,,
26806,reao_high_sea_1,,
26807,reao_high_sea_2,,
26808,orona_atoll,,
26809,manra_atoll,,
26810,kanton_atoll,,
26811,howland,,
26812,nikumaroro_atoll,,
26813,nikumaroro_coast,,
26814,orona_coast,,
26815,manra_coast,,
26816,kanton_coast,,
26817,howland_coast,,
26818,rawaki_high_sea_1,,
26819,rawaki_high_sea_2,,
26820,rawaki_high_sea_3,,
26821,rawaki_high_sea_4,,
26822,rawaki_high_sea_5,,
26823,rawaki_high_sea_6,,
26824,rawaki_high_sea_7,,
26825,rawaki_high_sea_8,,
26826,rawaki_high_sea_9,,
26827,rawaki_high_sea_10,,
26828,rawaki_high_sea_11,,
26829,rawaki_high_sea_12,,
26830,rawaki_high_sea_13,,
26831,rawaki_high_sea_14,,
26832,nanumanga,,
26833,niutao,,
26834,funafuti_atoll,,
26835,nukufetau_atoll,,
26836,nui_atoll,,
26837,nanumea_atoll,,
26838,futuna,,
26839,uvea_atoll,,
26840,cook_knolls,,
26841,bayonnaise_banks,,
26842,kosciusko_bank,,
26843,niuoku_atoll,,
26844,vaitupu_coast,,
26845,nanumea_coast,,
26846,nui_coast_1,,
26847,nui_coast_2,,
26848,funafuti_coast_2,,
26849,niuoku_coast_1,,
26850,niuoku_coast_2,,
26851,kosciusko_coast_1,,
26852,kosciusko_coast_2,,
26853,macaw_coast_1,,
26854,macaw_coast_2,,
26855,bayonnaise_coast_1,,
26856,bayonnaise_coast_2,,
26857,bayonnaise_coast_3,,
26858,rotumah_coast,,
26859,combe_coast,,
26860,tuscarora_coast,,
26861,uvea_coast_1,,
26862,uvea_coast_3,,
26863,futuna_coast_1,,
26864,tuvalu_high_sea_1,,
26865,tuvalu_high_sea_2,,
26866,tuvalu_high_sea_3,,
26867,tuvalu_high_sea_4,,
26868,tuvalu_high_sea_5,,
26869,tuvalu_high_sea_6,,
26870,tuvalu_high_sea_7,,
26871,tuvalu_high_sea_8,,
26872,tuvalu_high_sea_9,,
26873,tuvalu_high_sea_10,,
26874,tuvalu_high_sea_11,,
26875,tuvalu_high_sea_12,,
26876,tongatapu,TOG,2014
26877,tongatapu_atoll,,
26878,eua,,
26879,haapai,TOG,2014
26880,haapai_atoll,,
26881,vauvau,TOG,2014
26882,niuafo_ou,,
26883,zephyr_atoll,,
26884,niuatoputapu_atoll,,
26885,niue,,
26886,niue_coast,,
26887,tongatapu_coast,,
26888,tofua_island,,
26889,vavau_coast,,
26890,zephyr_coast,,
26891,niuafo_ou_coast_1,,
26892,niuatoputapu_coast,,
26893,tongatapu_high_sea_1,,
26894,tongatapu_high_sea_2,,
26895,tongatapu_high_sea_3,,
26896,tongatapu_high_sea_4,,
26897,niua_high_sea_1,,
26898,niua_high_sea_2,,
26899,niua_high_sea_3,,
26900,niua_high_sea_4,,
26901,niue_high_sea_1,,
26902,niue_high_sea_2,,
26903,niue_high_sea_3,,
26904,niue_high_sea_4,,
26905,olohega,,
26906,nukunonu_atoll,,
26907,atafu_atoll,,
26908,savaii,SAM,2016
26909,upolu,SAM,2016
26910,tutuila,SAM,2016
26911,manua,,
26912,mulinuu_cape,,
26913,fagasa_bay,,
26914,taputapu_cape,,
26915,tiafou_point,,
26916,olohega_coast,,
26917,atafu_coast,,
26918,fakaofo_coast,,
26919,samoa_high_sea_1,,
26920,samoa_high_sea_2,,
26921,samoa_high_sea_3,,
26922,samoa_high_sea_4,,
26923,samoa_high_sea_5,,
26924,tokelau_high_sea_1,,
26925,tokelau_high_sea_2,,
26926,tokelau_high_sea_3,,
26927,tokelau_high_sea_4,,
26928,tokelau_high_sea_5,,
26929,iwo_jima,,
26930,kita_iwo_jima,,
26931,hahajima,,
26932,chichijima,,
26933,chichijima_coast,,
26934,anijima_coast,,
26935,kita_iwo_jima_coast_2,,
26936,iwo_jima_coast_2,,
26937,ogasawara_islands_high_sea_1,,
26938,ogasawara_islands_high_sea_2,,
26939,ogasawara_islands_high_sea_3,,
26940,ogasawara_islands_high_sea_4,,
26941,ogasawara_islands_high_sea_5,,
26942,ogasawara_islands_high_sea_6,,
26943,ogasawara_islands_high_sea_7,,
26944,ogasawara_islands_high_sea_8,,
26945,ogasawara_islands_high_sea_9,,
26946,anen_kio_atoll,,
26947,mili_atoll,,
26948,arno_atoll,,
26949,majuro_atoll,,
26950,aur_atoll,,
26951,maloelap_atoll,,
26952,erikub_atoll,,
26953,wotje_atoll,,
26954,ailuk_atoll,,
26955,taka_atoll,,
26956,bikar_atoll,,
26957,likiep_atoll,,
26958,taongi_atoll,,
26959,ebon_atoll,,
26960,namorik_atoll,,
26961,jaluit_atoll,,
26962,ailinglaplap_atoll,,
26963,namu_atoll,,
26964,kwajalein_atoll,,
26965,ujae_atoll,,
26966,wotho_atoll,,
26967,bikini_atoll,,
26968,ailinginae_atoll,,
26969,rongelap_atoll,,
26970,rongerik_atoll,,
26971,enewetak_atoll,,
26972,ujelang_atoll,,
26973,jaluit_coast_1,,
26974,jaluit_coast_2,,
26975,kili_coast,,
26976,namu_coast_2,,
26977,lae_coast,,
26978,bikini_coast_1,,
26979,ailinginae_coast,,
26980,rongelap_coast,,
26981,enewetak_coast,,
26982,ujelang_coast,,
26983,ralik_high_sea_1,,
26984,ralik_high_sea_2,,
26985,ralik_high_sea_3,,
26986,ralik_high_sea_4,,
26987,ralik_high_sea_5,,
26988,ralik_high_sea_6,,
26989,ralik_high_sea_7,,
26990,ralik_high_sea_8,,
26991,ralik_high_sea_9,,
26992,ralik_high_sea_10,,
26993,ralik_high_sea_11,,
26994,ralik_high_sea_12,,
26995,ralik_high_sea_13,,
26996,ralik_high_sea_14,,
26997,ralik_high_sea_15,,
26998,taongi_coast,,
26999,anen_kio_coast,,
27000,wotje_coast_1,,
27001,taka_coast_1,,
27002,bikar_coast_1,,
27003,likiep_coast,,
27004,anen_kio_high_sea_1,,
27005,anen_kio_high_sea_2,,
27006,anen_kio_high_sea_3,,
27007,anen_kio_high_sea_4,,
27008,anen_kio_high_sea_5,,
27009,ratak_high_sea_1,,
27010,ratak_high_sea_2,,
27011,ratak_high_sea_3,,
27012,ratak_high_sea_4,,
27013,ratak_high_sea_7,,
27014,ratak_high_sea_8,,
27015,mili_coast,,
27016,arno_coast,,
27017,wotje_coast_2,,
27018,aur_coast,,
27019,ratak_high_sea_5,,
27020,ratak_high_sea_6,,
27021,angaur,,
27022,belau,,
27023,belau_atoll,,
27024,caroline_atoll,,
27025,piagailoe_atoll,,
27026,lamotrek_atoll,,
27027,faraulep_atoll,,
27028,west_faru_atoll,,
27029,woleai_atoll,,
27030,ulithi_atoll,YAP,2015
27031,yap,YAP,2015
27032,ngulu_atoll,,
27033,guahan,,
27034,rota,,
27035,saipan,,
27036,noos,,
27037,anatahan,,
27038,alamagan,,
27039,pagan_island,,
27040,agrihan,,
27041,maug,,
27042,uracas,,
27043,pago_bay,,
27044,guahan_coast,,
27045,guahan_atoll,,
27046,noos_coast,,
27047,anatahan_coast,,
27048,guguan_coast,,
27049,pagan_coast,,
27050,asuncion_coast,,
27051,ahyi_coast,,
27052,angaur_coast,,
27053,namai_bay,,
27054,aiyasu_coast,,
27055,kayangel_coast,,
27056,toachel_coast,,
27057,caroline_coast_2,,
27058,lamotrek_coast,,
27059,faru_coast_2,,
27060,faraulep_coast_1,,
27061,faraulep_coast_2,,
27062,soliep_coast,,
27063,gagil_coast,,
27064,ngulu_coast,,
27065,guahan_high_sea_1,,
27066,guahan_high_sea_2,,
27067,guahan_high_sea_3,,
27068,mariana_islands_high_sea_1,,
27069,mariana_islands_high_sea_2,,
27070,mariana_islands_high_sea_3,,
27071,mariana_islands_high_sea_4,,
27072,mariana_islands_high_sea_5,,
27073,mariana_islands_high_sea_6,,
27074,mariana_islands_high_sea_7,,
27075,mariana_islands_high_sea_8,,
27076,mariana_islands_high_sea_9,,
27077,mariana_islands_high_sea_10,,
27078,mariana_islands_high_sea_11,,
27079,belau_high_sea_1,,
27080,belau_high_sea_2,,
27081,belau_high_sea_3,,
27082,belau_high_sea_4,,
27083,belau_high_sea_5,,
27084,belau_high_sea_6,,
27085,yap_high_sea_1,,
27086,yap_high_sea_2,,
27087,yap_high_sea_3,,
27088,yap_high_sea_4,,
27089,yap_high_sea_5,,
27090,yap_high_sea_6,,
27091,yap_high_sea_7,,
27092,yap_high_sea_8,,
27093,yap_high_sea_9,,
27094,yap_high_sea_10,,
27095,yap_high_sea_11,,
27096,yap_high_sea_12,,
27097,hall_atoll,,
27098,namonuito_atoll,,
27099,chuuk_lagoon,,
27100,chuuk,,
27101,losap_atoll,,
27102,namoluk_atoll,,
27103,satawan_atoll,,
27104,pulap_atoll,,
27105,poluwat_atoll,,
27106,pulusuk_atoll,,
27107,elgin_atoll,,
27108,helene_atoll,,
27109,mokil_atoll,,
27110,pohnpei,,
27111,pohnpei_atoll,,
27112,ngatik_atoll,,
27113,oroluk_atoll,,
27114,minto_atoll,,
27115,kosrae,,
27116,nomwin_coast,,
27117,ulul_coast,,
27118,chuuk_coast_2,,
27119,moch_coast,,
27120,pulap_coast_2,,
27121,elgin_coast,,
27122,helene_coast_2,,
27123,mokil_coast,,
27124,pohnpei_coast,,
27125,ant_coast,,
27126,pakin_coast,,
27127,ngatik_coast,,
27128,afua_coast,,
27129,minto_coast_1,,
27130,kosrae_coast,,
27131,chuuk_high_sea_1,,
27132,chuuk_high_sea_2,,
27133,chuuk_high_sea_3,,
27134,chuuk_high_sea_4,,
27135,chuuk_high_sea_5,,
27136,pattiw_high_sea_1,,
27137,pattiw_high_sea_2,,
27138,pattiw_high_sea_3,,
27139,pohnpei_high_sea_1,,
27140,pohnpei_high_sea_2,,
27141,pohnpei_high_sea_3,,
27142,pohnpei_high_sea_4,,
27143,pohnpei_high_sea_5,,
27144,pohnpei_high_sea_6,,
27145,kosrae_high_sea_1,,
27146,kosrae_high_sea_2,,
27147,kosrae_high_sea_3,,
27148,kosrae_high_sea_4,,
27149,butaritari_atoll,,
27150,abaiang_atoll,,
27151,tarawa_atoll,,
27152,maiana_atoll,,
27153,abemama_atoll,,
27154,aranuka_atoll,,
27155,nonouti_atoll,,
27156,tabiteuea_atoll,,
27157,onotoa_atoll,,
27158,beru_atoll,,
27159,arorae,,
27160,banaba,,
27161,arorae_coast,,
27162,tamana_coast,,
27163,onotoa_coast,,
27164,nikunau_coast,,
27165,beru_coast,,
27166,abemama_coast,,
27167,autakena_spit,,
27168,tungaru_high_sea_5,,
27169,tungaru_high_sea_6,,
27170,tungaru_high_sea_7,,
27171,tungaru_high_sea_8,,
27172,tungaru_high_sea_9,,
27173,tungaru_high_sea_10,,
27174,tungaru_high_sea_12,,
27175,marakei_coast,,
27176,makin_coast,,
27177,abaiang_coast,,
27178,aranauka_coast,,
27179,banaba_coast,,
27180,tungaru_high_sea_1,,
27181,tungaru_high_sea_2,,
27182,tungaru_high_sea_3,,
27183,tungaru_high_sea_4,,
27184,tungaru_high_sea_11,,
27185,nauru,,
27186,nauru_coast,,
27187,nauru_high_sea_1,,
27188,nauru_high_sea_2,,
27189,nauru_high_sea_3,,
27190,nauru_high_sea_4,,
27191,nauru_high_sea_5,,
27192,rotokas,,
27193,bannoni,,
27194,naasioi,,
27195,tinputz,,
27196,mono,,
27197,buka,,
27198,rapoisi_jungle,,
27199,makira,,
27200,makira_jungle,,
27201,saa,,
27202,kwaio,,
27203,kwaraae,,
27204,ghari,,
27205,isatabu,,
27206,isatabu_jungle,,
27207,kolombangara,,
27208,marovo,,
27209,roviana,,
27210,vangunu,,
27211,marovo_lagoon,,
27212,roviana_lagoon,,
27213,cheke_holo,,
27214,zabana_jungle,,
27215,manning_atoll,,
27216,vaghua,,
27217,choiseul_jungle,,
27218,carteret_atoll,,
27219,nukumanu_atoll,,
27220,luangiua_atoll,,
27221,tauu_atoll,,
27222,mallum_atoll,,
27223,tehaolei_atoll,,
27224,bougainville_jungle,,
27225,mu_ngava,,
27226,lake_tengano,,
27227,indispensable_reefs,,
27228,matchin_bay,,
27229,mono_island,,
27230,tolotapalo_point,,
27231,laverdy_cape,,
27232,puputun_cape,,
27233,vella_gulf,,
27234,cape_pitt,,
27235,kele_bay,,
27236,treasury_islands,,
27237,manning_strait,,
27238,indispensable_strait,,
27239,dai_island,,
27240,manawai_harbour,,
27241,iron_bottom_sound,,
27242,ulawa_island,,
27243,tehaolei_coast_1,,
27244,tehaolei_coast_2,,
27245,tehaolei_coast_3,,
27246,malaita_high_sea,,
27247,makira_high_sea_1,,
27248,choiseul_high_sea,,
27249,tehaolei_high_sea_1,,
27250,tehaolei_high_sea_2,,
27251,nukumanu_coast_1,,
27252,nukumanu_coast_2,,
27253,luangiua_coast_1,,
27254,luangiua_coast_2,,
27255,tauu_coast,,
27256,mallum_coast,,
27257,indonesia_high_sea63,,
27258,indonesia_high_sea64,,
27259,nukumanu_high_sea_1,,
27260,nukumanu_high_sea_2,,
27261,namweraha_point,,
27262,mwamwako_island,,
27263,marou_bay,,
27264,marasa_bay,,
27265,henslow_bay,,
27266,mu_ngiki_coast_1,,
27267,indispensable_coast_1,,
27268,indispensable_coast_2,,
27269,indispensable_coast_3,,
27270,makira_high_sea_2,,
27271,mu_ngava_high_sea_1,,
27272,mu_ngava_high_sea_2,,
27273,mu_ngava_high_sea_3,,
27274,mu_ngava_high_sea_4,,
27275,mu_ngava_high_sea_5,,
27276,nendo,,
27277,vanikoro,,
27278,duff_islands,,
27279,reef_atoll,,
27280,tikopia_atoll,,
27281,anuta_atoll,,
27282,rendova,,
27283,ranongga,,
27284,nggatokae,,
27285,vaghena,,
27286,lavukal,,
27287,nggela,,
27288,ulawa,,
27289,obelisk_coast,,
27290,nendo_coast,,
27291,vanikoro_coast,,
27292,tai_coast,,
27293,anuta_coast,,
27294,metoma_island,,
27295,mere_lava_island,,
27296,temotu_high_sea_1,,
27297,temotu_high_sea_2,,
27298,tikopia_high_sea_1,,
27299,tikopia_high_sea_2,,
27300,mwotlap_high_sea_5,,
27301,valpei,,
27302,akei,,
27303,tamambo,,
27304,sakao,,
27305,tolomako,,
27306,ambae,,
27307,maewo,,
27308,vanu_aroaroa,,
27309,malakula,,
27310,ambrym,,
27311,efate,,
27312,epi,,
27313,erromango,,
27314,tanna,,
27315,aneityum,,
27316,futuna_vanuatu,,
27317,vave,,
27318,vanua_lava,,
27319,gaua,,
27320,nahoi_cape,,
27321,queiros_cape,,
27322,remarkable_point,,
27323,lolvavana_passage,,
27324,selwyn_strait,,
27325,mwotlap_high_sea_4,,
27326,mwotlap_high_sea_6,,
27327,mwotlap_high_sea_7,,
27328,lasenuwei_bay,,
27329,paama_island,,
27330,baneuv_point,,
27331,emae_island,,
27332,mwotlap_high_sea_3,,
27333,mwotlap_high_sea_9,,
27334,mele_bay,,
27335,erasfion_point,,
27336,loanatit_point,,
27337,anetchininbeke_point,,
27338,imari_point,,
27339,mwotlap_high_sea_1,,
27340,mwotlap_high_sea_2,,
27341,mwotlap_high_sea_8,,
27342,kubuna,,
27343,burebasaga,,
27344,yasawa,,
27345,kandavu,,
27346,beqa_lagoon,,
27347,ngau,,
27348,ovalau,,
27349,koro_island,,
27350,moala,,
27351,yasawa_atoll,,
27352,viti_levu_atoll,,
27353,kadavu_atoll,,
27354,ovalau_atoll,,
27355,makogai_atoll,,
27356,moala_atoll,,
27357,rotuma,,
27358,rotuma_atoll,,
27359,vatoa,,
27360,lakeba,,
27361,vanua_vatu,,
27362,cicia,,
27363,taveuni,,
27364,vanua_levu,,
27365,thikombia,,
27366,navatu_reef,,
27367,ono_i_llau_atoll,,
27368,fulaga_atoll,,
27369,moce_atoll,,
27370,kabara_atoll,,
27371,totoya_atoll,,
27372,bukatatonoa_atoll,,
27373,vanua_balavu_atoll,,
27374,qelelevu_atoll,,
27375,cacau_levu_atoll,,
27376,ngau_atoll,,
27377,rotuma_coast_1,,
27378,rotuma_coast_2,,
27379,rotuma_coast_3,,
27380,kandavu_passage,,
27381,vatulele_coast,,
27382,malolo_coast,,
27383,viwa_coast,,
27384,vatu_i_ra_channel,,
27385,savusavu_bay,,
27386,koro_sea,,
27387,rotuma_high_sea_1,,
27388,rotuma_high_sea_2,,
27389,rotuma_high_sea_3,,
27390,rotuma_high_sea_4,,
27391,rotuma_high_sea_5,,
27392,rotuma_high_sea_6,,
27393,fiji_high_sea_3,,
27394,fiji_high_sea_4,,
27395,fiji_high_sea_5,,
27396,fiji_high_sea_6,,
27397,fiji_high_sea_7,,
27398,fiji_high_sea_8,,
27399,fiji_high_sea_9,,
27400,vanua_balavu_coast,,
27401,qelelevu_coast,,
27402,cacau_levu_coast,,
27403,tuvana_i_colo_coast,,
27404,lua_ridge_2,,
27405,moce_coast,,
27406,fiji_high_sea_1,,
27407,fiji_high_sea_2,,
27408,fiji_high_sea_10,,
27409,fiji_high_sea_11,,
27410,fiji_high_sea_12,,
27411,tiri,,
27412,paici,,
27413,ajie,,
27414,xaracuu,,
27415,cemuhi,,
27416,yuanga,,
27417,numee,,
27418,nyelayu,,
27419,ndrumbea,,
27420,fwai,,
27421,entrecasteaux_atoll,,
27422,new_caledonia_barrier_reef_1,,
27423,new_caledonia_barrier_reef_2,,
27424,bellona_reef,,
27425,frederick_reef,,
27426,nengone,,
27427,drehu,,
27428,ouvea_atoll,,
27429,beautemps_beaupre_atoll,,
27430,kwenyii,,
27431,belep,,
27432,walpole,,
27433,rossel_cape,,
27434,tiga_island,,
27435,santal_bay,,
27436,walpole_coast_2,,
27437,kanumera_bay,,
27438,koko_island,,
27439,hugon_island,,
27440,porwi_bay,,
27441,pouh_island,,
27442,yande_island,,
27443,belep_coast,,
27444,portail_coast,,
27445,huon_coast,,
27446,grand_passage,,
27447,petrie_coast,,
27448,cook_coast,,
27449,poudioue_coast,,
27450,frederick_coast,,
27451,bellona_coast_1,,
27452,bellona_coast_2,,
27453,bellona_coast_3,,
27454,bellona_coast_4,,
27455,bellona_coast_5,,
27456,bellona_coast_6,,
27457,bellona_coast_7,,
27458,bellona_coast_8,,
27459,new_caledonia_high_sea_1,,
27460,new_caledonia_high_sea_2,,
27461,new_caledonia_high_sea_3,,
27462,new_caledonia_high_sea_4,,
27463,new_caledonia_high_sea_5,,
27464,new_caledonia_high_sea_6,,
27465,new_caledonia_high_sea_7,,
27466,new_caledonia_high_sea_8,,
27467,new_caledonia_high_sea_9,,
27468,bellona_high_sea_1,,
27469,bellona_high_sea_2,,
27470,bellona_high_sea_3,,
27471,bellona_high_sea_4,,
27472,bellona_high_sea_5,,
27473,bellona_high_sea_6,,
27474,bellona_high_sea_7,,
27475,mamusi,,
27476,lamogai,,
27477,bola,,
27478,kaulong,,
27479,miu_jungle,,
27480,melamela,,
27481,mengen_papua,,
27482,kol_papua,,
27483,baining,,
27484,mengen_jungle,,
27485,qaqet_jungle,,
27486,lavongai,,
27487,mussau,,
27488,manus,,
27489,tangga,,
27490,kavieng,,
27491,kuot,,
27492,patpatar,,
27493,kandas,,
27494,siar,,
27495,bismarck_archipelago_wasteland,,
27496,konomala_jungle,,
27497,kate,,
27498,awad_bing,,
27499,amaimon,,
27500,rawa_papua,,
27501,umboi,,
27502,arop,,
27503,bangela_mountains,,
27504,melpa,,
27505,rao,,
27506,mum,,
27507,barem,,
27508,aruamu,,
27509,karkar,,
27510,bismarck_range,,
27511,abu_jungle,,
27512,banaro,,
27513,angoram,,
27514,boiken,,
27515,bukiyip,,
27516,wogamusin,,
27517,niksek_jungle,,
27518,aruek_jungle,,
27519,chambri_lake,,
27520,adzera,,
27521,bukawa,,
27522,wampar,,
27523,iwal,,
27524,kumalu,,
27525,suki,,
27526,bife,,
27527,wipi,,
27528,bitur,,
27529,agob,,
27530,nambu,,
27531,badhu,,
27532,were_jungle,,
27533,kiwai_jungle,,
27534,gogodala,,
27535,mubami,,
27536,bamu,,
27537,zimakani_jungle,,
27538,tabo_jungle,,
27539,hamtai,,
27540,namau,,
27541,kerewo,,
27542,rumu,,
27543,namo_me,,
27544,beami,,
27545,toaripi,,
27546,folopa_jungle,,
27547,manubara,,
27548,sinaugoro,,
27549,koiali,,
27550,waima,,
27551,yareba,,
27552,mekeo_jungle,,
27553,aneme_jungle,,
27554,fuyug_jungle,,
27555,owen_stanley_range,,
27556,nidula,,
27557,daga_papua,,
27558,maiwa_papua,,
27559,suau,,
27560,moratau,,
27561,duau,,
27562,kanasi_jungle,,
27563,tagula,,
27564,misima,,
27565,kilivila,,
27566,muyua,,
27567,yela,,
27568,baruga,,
27569,orokaiva,,
27570,binandere,,
27571,suena,,
27572,guhu_samane_jungle,,
27573,wamesa,,
27574,moskona,,
27575,sougb,,
27576,hatam,,
27577,meyah,,
27578,wandamen_jungle,,
27579,arandai_jungle,,
27580,arandai,,
27581,maybrat,,
27582,abun,,
27583,moi,,
27584,maden,,
27585,vogelkop_jungle,,
27586,bon_irau_jungle,,
27587,irarutu,,
27588,kaimana,KAM,1442
27589,buruwai,KAM,1442
27590,sumuri,,
27591,baham,,
27592,iha_jungle,,
27593,kamberau_jungle,,
27594,iresim,,
27595,yaur,,
27596,roon,,
27597,mairasi_jungle,,
27598,yapen,,
27599,biak,,
27600,cendrawasih_archipelago_wastelands,,
27601,gresi,,
27602,kwerba,,
27603,bauzi,,
27604,kwesten,,
27605,nisa,,
27606,waropen,,
27607,bagusa_jungle,,
27608,iau_jungle,,
27609,rombebai_lake,,
27610,sentani_lake,,
27611,fas_papua,,
27612,maia_papua,,
27613,olo,,
27614,abau,,
27615,kwomtari,,
27616,awyi,,
27617,yaqay,,
27618,asmat,,
27619,sempan,,
27620,kamoro,,
27621,yamur,,
27622,kayagar,,
27623,kaweinag,,
27624,nduga_jungle,,
27625,aekyom,,
27626,kaeti,,
27627,muyu,,
27628,iwur,,
27629,tsaukambo,,
27630,kombai,,
27631,bayono,,
27632,awyu,,
27633,central_range_mountains,,
27634,paniai_lake,,
27635,aghu_jungle,,
27636,konai_jungle,,
27637,marlew,,
27638,yelmek,,
27639,kimaama,,
27640,riantana,,
27641,ndom,,
27642,marind,,
27643,yei,,
27644,bian_marind,,
27645,kanum,,
27646,marind_jungle,,
27647,awyu_jungle,,
27648,dampier_strait,,
27649,abun_coast,,
27650,bakaro_bay,,
27651,dore_bay,,
27652,mois_waar_island,,
27653,cenderawasih_bay,,
27654,indonesia_high_sea51,,
27655,indonesia_high_sea52,,
27656,luna_bay,,
27657,kamrau_bay,,
27658,sebakor_bay,,
27659,bentuni_bay,,
27660,wamonket_cape,,
27661,yapen_island,,
27662,biak_coast,,
27663,yapen_strait,,
27664,kurudu_strait,,
27665,indonesia_high_sea53,,
27666,mamberano_mouth,,
27667,kamdera_coast,,
27668,yos_sudarso_bay,,
27669,baudissan_point,,
27670,kwesten_coast,,
27671,indonesia_high_sea54,,
27672,indonesia_high_sea55,,
27673,indonesia_high_sea56,,
27674,kairiru_island,,
27675,vokeo_island,,
27676,girgir_cape,,
27677,karkar_island,,
27678,astrolabe_bay,,
27679,vitiaz_strait,,
27680,kulkul_island,,
27681,cretin_cape,,
27682,huon_gulf,,
27683,ward_hunt_cape,,
27684,dyke_ackland_bay,,
27685,nelson_cape,,
27686,goodenough_bay,,
27687,fergusson_island,,
27688,karakuba_point,,
27689,indonesia_high_sea66,,
27690,sewataitai_bay,,
27691,milne_bay,,
27692,doini_island,,
27693,kawaiapan_bay,,
27694,rokia_point,,
27695,cape_siri,,
27696,tubula_point,,
27697,indonesia_high_sea68,,
27698,indonesia_high_sea69,,
27699,indonesia_high_sea70,,
27700,indonesia_high_sea71,,
27701,indonesia_high_sea72,,
27702,indonesia_high_sea73,,
27703,indonesia_high_sea74,,
27704,orangerie_bay,,
27705,hood_bay,,
27706,ela_point,,
27707,redscar_bay,,
27708,indonesia_high_sea75,,
27709,indonesia_high_sea76,,
27710,indonesia_high_sea77,,
27711,sakar_island,,
27712,garove_island,,
27713,hollmann_cape,,
27714,stettin_bay,,
27715,djaul_island,,
27716,botiangin_cape,,
27717,lou_island,,
27718,indonesia_high_sea57,,
27719,indonesia_high_sea58,,
27720,indonesia_high_sea78,,
27721,indonesia_high_sea59,,
27722,holthusen_cape,,
27723,kapsu_point,,
27724,simberi_island,,
27725,tabar_island,,
27726,lihir_island,,
27727,cape_sena,,
27728,ambitle_island,,
27729,indonesia_high_sea60,,
27730,indonesia_high_sea61,,
27731,indonesia_high_sea62,,
27732,thilenius_bay,,
27733,luwas_bay,,
27734,saint_george_channel,,
27735,siar_cape,,
27736,jacquinot_bay,,
27737,wide_bay,,
27738,indonesia_high_sea67,,
27739,dumande_coast,,
27740,bulaka_mouth,,
27741,pulau_witau_island,,
27742,salah_point,,
27743,propinsi_coast,,
27744,digul_mouth,,
27745,pulau_river,,
27746,kamoro_coast,,
27747,kapara_mouth,,
27748,petoi_point,,
27749,urama_island,,
27750,purutu_island,,
27751,bobo_island,,
27752,boigu_island,,
27753,unji_point,,
27754,irmingen_sea,,
27755,atlantic_irminger_current1,,
27756,atlantic_irminger_current3,,
27757,atlantic_irminger_current2,,
27758,atlantic_irminger_current4,,
27759,atlantic_irminger_current5,,
27760,atlantic_irminger_current6,,
27761,atlantic_irminger_current7,,
27762,atlantic_irminger_current8,,
27763,atlantic_irminger_current9,,
27764,atlantic_irminger_current10,,
27765,atlantic_irminger_current11,,
27766,atlantic_irminger_current12,,
27767,atlantic_irminger_current13,,
27768,atlantic_irminger_current14,,
27769,atlantic_irminger_current15,,
27770,atlantic_irminger_current16,,
27771,western_atlantic_ocean,,
27772,atlantic_labrador_current1,,
27773,atlantic_labrador_current2,,
27774,atlantic_labrador_current3,,
27775,atlantic_labrador_current4,,
27776,atlantic_labrador_current5,,
27777,atlantic_labrador_current6,,
27778,atlantic_labrador_current7,,
27779,central_atlantic,,
27780,atlantic_gulf_stream5,,
27781,atlantic_gulf_stream6,,
27782,atlantic_gulf_stream7,,
27783,atlantic_gulf_stream8,,
27784,atlantic_gulf_stream9,,
27785,atlantic_gulf_stream10,,
27786,atlantic_gulf_stream11,,
27787,atlantic_gulf_stream16,,
27788,atlantic_gulf_stream17,,
27789,atlantic_gulf_stream18,,
27790,atlantic_gulf_stream19,,
27791,atlantic_gulf_stream20,,
27792,atlantic_gulf_stream21,,
27793,atlantic_gulf_stream22,,
27794,atlantic_gulf_stream23,,
27795,atlantic_gulf_stream24,,
27796,bermuda_island,,
27797,bermuda_high_sea1,,
27798,bermuda_high_sea2,,
27799,bermuda_high_sea3,,
27800,bermuda_high_sea4,,
27801,atlantic_gulf_stream12,,
27802,atlantic_gulf_stream13,,
27803,atlantic_gulf_stream14,,
27804,atlantic_gulf_stream15,,
27805,atlantic_gulf_stream1,,
27806,atlantic_gulf_stream2,,
27807,atlantic_gulf_stream3,,
27808,atlantic_gulf_stream4,,
27809,sargasso_sea,,
27810,bermuda,,
27811,north_atlantic_ocean,,
27812,atlantic_north_atlantic_current1,,
27813,atlantic_north_atlantic_current2,,
27814,atlantic_north_atlantic_current3,,
27815,atlantic_north_atlantic_current4,,
27816,atlantic_north_atlantic_current5,,
27817,atlantic_north_atlantic_current6,,
27818,atlantic_north_atlantic_current7,,
27819,atlantic_north_atlantic_current8,,
27820,atlantic_north_atlantic_current9,,
27821,atlantic_north_atlantic_current10,,
27822,atlantic_north_atlantic_current11,,
27823,atlantic_north_atlantic_current12,,
27824,atlantic_north_atlantic_current13,,
27825,atlantic_north_atlantic_current14,,
27826,atlantic_north_atlantic_current15,,
27827,atlantic_irminger_current17,,
27828,north_atlantic_countercurrent,,
27829,atlantic_north_equatorial_current1,,
27830,atlantic_north_equatorial_current2,,
27831,atlantic_north_equatorial_current3,,
27832,atlantic_north_equatorial_current4,,
27833,atlantic_north_equatorial_current5,,
27834,atlantic_north_equatorial_current6,,
27835,atlantic_north_equatorial_current7,,
27836,atlantic_north_equatorial_current8,,
27837,atlantic_north_equatorial_current9,,
27838,atlantic_north_equatorial_current10,,
27839,atlantic_north_equatorial_current11,,
27840,atlantic_north_equatorial_current12,,
27841,atlantic_north_equatorial_current13,,
27842,atlantic_north_equatorial_current14,,
27843,atlantic_north_equatorial_current15,,
27844,atlantic_north_equatorial_current16,,
27845,atlantic_north_equatorial_current17,,
27846,atlantic_north_equatorial_current18,,
27847,atlantic_north_equatorial_current19,,
27848,atlantic_north_equatorial_current20,,
27849,atlantic_north_equatorial_current21,,
27850,atlantic_north_equatorial_current22,,
27851,atlantic_north_equatorial_current23,,
27852,atlantic_north_equatorial_current24,,
27853,atlantic_north_equatorial_current25,,
27854,atlantic_north_equatorial_current26,,
27855,atlantic_north_equatorial_current27,,
27856,atlantic_north_equatorial_current28,,
27857,atlantic_north_equatorial_current29,,
27858,atlantic_north_equatorial_current30,,
27859,atlantic_north_equatorial_current31,,
27860,atlantic_north_equatorial_current32,,
27861,atlantic_north_equatorial_current33,,
27862,atlantic_north_equatorial_current34,,
27863,atlantic_north_equatorial_current35,,
27864,atlantic_north_equatorial_current36,,
27865,atlantic_north_equatorial_current37,,
27866,atlantic_north_equatorial_current38,,
27867,atlantic_north_equatorial_current39,,
27868,south_atlantic_countercurrent,,
27869,atlantic_equatorial_countercurrent1,,
27870,atlantic_equatorial_countercurrent2,,
27871,atlantic_equatorial_countercurrent4,,
27872,atlantic_equatorial_countercurrent3,,
27873,atlantic_equatorial_countercurrent5,,
27874,atlantic_equatorial_countercurrent6,,
27875,atlantic_equatorial_countercurrent7,,
27876,atlantic_equatorial_countercurrent8,,
27877,atlantic_equatorial_countercurrent9,,
27878,atlantic_equatorial_countercurrent11,,
27879,atlantic_equatorial_countercurrent12,,
27880,atlantic_equatorial_countercurrent13,,
27881,atlantic_equatorial_countercurrent14,,
27882,atlantic_equatorial_countercurrent15,,
27883,atlantic_equatorial_countercurrent16,,
27884,atlantic_equatorial_countercurrent17,,
27885,atlantic_equatorial_countercurrent18,,
27886,atlantic_equatorial_countercurrent19,,
27887,atlantic_equatorial_countercurrent20,,
27888,atlantic_southequatorialcurrent1,,
27889,atlantic_southequatorialcurrent2,,
27890,atlantic_southequatorialcurrent3,,
27891,atlantic_southequatorialcurrent4,,
27892,atlantic_southequatorialcurrent5,,
27893,atlantic_southequatorialcurrent6,,
27894,atlantic_southequatorialcurrent7,,
27895,atlantic_southequatorialcurrent8,,
27896,atlantic_southequatorialcurrent9,,
27897,atlantic_southequatorialcurrent10,,
27898,atlantic_southequatorialcurrent11,,
27899,atlantic_southequatorialcurrent12,,
27900,atlantic_southequatorialcurrent13,,
27901,atlantic_southequatorialcurrent14,,
27902,atlantic_southequatorialcurrent15,,
27903,atlantic_southequatorialcurrent16,,
27904,atlantic_southequatorialcurrent17,,
27905,atlantic_southequatorialcurrent18,,
27906,atlantic_southequatorialcurrent19,,
27907,atlantic_southequatorialcurrent20,,
27908,atlantic_southequatorialcurrent21,,
27909,atlantic_southequatorialcurrent22,,
27910,atlantic_southequatorialcurrent23,,
27911,atlantic_southequatorialcurrent24,,
27912,atlantic_southequatorialcurrent25,,
27913,atlantic_southequatorialcurrent26,,
27914,atlantic_southequatorialcurrent27,,
27915,atlantic_southequatorialcurrent28,,
27916,atlantic_southequatorialcurrent29,,
27917,atlantic_southequatorialcurrent30,,
27918,atlantic_southequatorialcurrent31,,
27919,atlantic_southequatorialcurrent32,,
27920,atlantic_southequatorialcurrent33,,
27921,atlantic_southequatorialcurrent34,,
27922,atlantic_southequatorialcurrent35,,
27923,atlantic_southequatorialcurrent36,,
27924,atlantic_southequatorialcurrent37,,
27925,atlantic_southequatorialcurrent38,,
27926,atlantic_southequatorialcurrent39,,
27927,atlantic_southequatorialcurrent40,,
27928,atlantic_sainthelenacurrent5,,
27929,ascensao,,
27930,st_helena,,
27931,st_helena_coast_1,,
27932,st_helena_coast_2,,
27933,st_helena_highseas_1,,
27934,st_helena_highseas_2,,
27935,st_helena_highseas_3,,
27936,st_helena_highseas_4,,
27937,st_helena_highseas_5,,
27938,atlantic_capricorn_tropic,,
27939,atlantic_south_sainthelenacurrent1,,
27940,atlantic_south_sainthelenacurrent2,,
27941,atlantic_south_sainthelenacurrent3,,
27942,atlantic_south_sainthelenacurrent4,,
27943,atlantic_south_sainthelenacurrent5,,
27944,atlantic_south_sainthelenacurrent6,,
27945,atlantic_south_sainthelenacurrent7,,
27946,atlantic_south_sainthelenacurrent8,,
27947,atlantic_south_sainthelenacurrent9,,
27948,atlantic_south_sainthelenacurrent10,,
27949,atlantic_south_sainthelenacurrent11,,
27950,atlantic_sainthelenacurrent1,,
27951,atlantic_sainthelenacurrent2,,
27952,atlantic_sainthelenacurrent3,,
27953,atlantic_sainthelenacurrent4,,
27954,bouvet_island,,
27955,tristan_da_cunha_island,,
27956,gough_island,,
27957,tristan_coast,,
27958,gough_coast,,
27959,tristan_high_coast1,,
27960,tristan_high_coast2,,
27961,tristan_high_coast3,,
27962,tristan_high_coast4,,
27963,tristan_high_coast5,,
27964,tristan_high_coast6,,
27965,tristan_high_coast7,,
27966,tristan_high_coast8,,
27967,tristan_high_coast9,,
27968,tristan_high_coast10,,
27969,tristan_high_coast11,,
27970,tristan_high_coast12,,
27971,western_southern_ocean,,
27972,atlantic_southcurrent1,,
27973,atlantic_southcurrent2,,
27974,atlantic_southcurrent3,,
27975,atlantic_southcurrent4,,
27976,atlantic_southcurrent5,,
27977,atlantic_southcurrent6,,
27978,atlantic_southcurrent7,,
27979,atlantic_southcurrent8,,
27980,atlantic_southcurrent9,,
27981,atlantic_southcurrent10,,
27982,atlantic_southcurrent11,,
27983,atlantic_southcurrent12,,
27984,atlantic_southcurrent13,,
27985,atlantic_southcurrent14,,
27986,atlantic_southcurrent15,,
27987,atlantic_southcurrent16,,
27988,atlantic_southcurrent17,,
27989,atlantic_southcurrent18,,
27990,atlantic_southcurrent19,,
27991,atlantic_southcurrent20,,
27992,atlantic_southcurrent21,,
27993,atlantic_southcurrent22,,
27994,atlantic_southcurrent23,,
27995,atlantic_southcurrent24,,
27996,atlantic_southcurrent25,,
27997,atlantic_southcurrent26,,
27998,atlantic_southcurrent27,,
27999,atlantic_southcurrent28,,
28000,atlantic_southcurrent29,,
28001,atlantic_southcurrent30,,
28002,atlantic_southcurrent31,,
28003,atlantic_southcurrent32,,
28004,atlantic_southcurrent33,,
28005,atlantic_southcurrent34,,
28006,atlantic_southcurrent35,,
28007,atlantic_southcurrent36,,
28008,atlantic_southcurrent37,,
28009,atlantic_southcurrent38,,
28010,atlantic_southcurrent39,,
28011,atlantic_southcurrent40,,
28012,atlantic_southcurrent41,,
28013,atlantic_southcurrent42,,
28014,atlantic_southcurrent43,,
28015,atlantic_southcurrent44,,
28016,atlantic_southcurrent45,,
28017,atlantic_southcurrent46,,
28018,atlantic_southcurrent47,,
28019,atlantic_southcurrent48,,
28020,atlantic_southcurrent49,,
28021,atlantic_southcurrent50,,
28022,atlantic_southcurrent51,,
28023,atlantic_southcurrent52,,
28024,atlantic_southcurrent53,,
28025,atlantic_southcurrent54,,
28026,atlantic_southcurrent55,,
28027,atlantic_southcurrent56,,
28028,atlantic_southcurrent57,,
28029,atlantic_southcurrent58,,
28030,atlantic_southcurrent59,,
28031,atlantic_southcurrent60,,
28032,atlantic_southcurrent61,,
28033,atlantic_southcurrent62,,
28034,arabian_sea,,
28035,indian_horncurrent1,,
28036,indian_horncurrent2,,
28037,indian_horncurrent3,,
28038,indian_horncurrent4,,
28039,indian_horncurrent5,,
28040,indian_horncurrent6,,
28041,indian_horncurrent8,,
28042,indian_andamancurrent01,,
28043,indian_andamancurrent02,,
28044,bengal_bay,,
28045,andaman_sea,,
28046,zanj_sea,,
28047,indian_monsooncurrent1,,
28048,indian_monsooncurrent2,,
28049,indian_monsooncurrent3,,
28050,indian_monsooncurrent4,,
28051,indian_monsooncurrent5,,
28052,indian_monsooncurrent7,,
28053,indian_monsooncurrent8,,
28054,indian_monsooncurrent9,,
28055,indian_monsooncurrent10,,
28056,indian_monsooncurrent11,,
28057,indian_monsooncurrent12,,
28058,indian_monsooncurrent13,,
28059,indian_monsooncurrent14,,
28060,indian_monsooncurrent15,,
28061,indian_monsooncurrent17,,
28062,indian_monsooncurrent18,,
28063,indian_monsooncurrent19,,
28064,indian_monsooncurrent20,,
28065,indian_monsooncurrent21,,
28066,seychelles_islands3,,
28067,seychelles_high_sea1,,
28068,seychelles_high_sea2,,
28069,seychelles_high_sea3,,
28070,seychelles_high_sea4,,
28071,seychelles_high_sea5,,
28072,seychelles_high_sea6,,
28073,seychelles_high_sea7,,
28074,seychelles_channel1,,
28075,seychelles_channel2,,
28076,north_indian_countercurrent,,
28077,indian_equatorialcountercurrent1,,
28078,indian_equatorialcountercurrent2,,
28079,indian_equatorialcountercurrent5,,
28080,indian_equatorialcountercurrent6,,
28081,indian_equatorialcountercurrent7,,
28082,indian_equatorialcountercurrent8,,
28083,indian_equatorialcountercurrent9,,
28084,indian_equatorialcountercurrent10,,
28085,indian_equatorialcountercurrent11,,
28086,indian_equatorialcountercurrent14,,
28087,indian_equatorialcountercurrent15,,
28088,indian_equatorialcountercurrent16,,
28089,indian_equatorialcountercurrent17,,
28090,indian_equatorialcountercurrent18,,
28091,indian_equatorialcountercurrent19,,
28092,indian_equatorialcountercurrent20,,
28093,south_indian_countercurrent,,
28094,indian_capricorn_tropic,,
28095,indian_southequatorialcurrent1,,
28096,indian_southequatorialcurrent2,,
28097,indian_southequatorialcurrent3,,
28098,indian_southequatorialcurrent4,,
28099,indian_southequatorialcurrent5,,
28100,indian_southequatorialcurrent6,,
28101,indian_southequatorialcurrent7,,
28102,indian_southequatorialcurrent8,,
28103,indian_southequatorialcurrent9,,
28104,indian_southequatorialcurrent10,,
28105,indian_southequatorialcurrent11,,
28106,indian_southequatorialcurrent12,,
28107,indian_southequatorialcurrent13,,
28108,indian_southequatorialcurrent14,,
28109,indian_southequatorialcurrent15,,
28110,indian_southequatorialcurrent16,,
28111,indian_southequatorialcurrent17,,
28112,indian_southequatorialcurrent18,,
28113,indian_southequatorialcurrent19,,
28114,indian_southequatorialcurrent20,,
28115,indian_southequatorialcurrent21,,
28116,indian_southequatorialcurrent22,,
28117,indian_southequatorialcurrent23,,
28118,indian_southequatorialcurrent24,,
28119,indian_southequatorialcurrent25,,
28120,indian_southequatorialcurrent26,,
28121,indian_southequatorialcurrent27,,
28122,saint_paul_coast1,,
28123,saint_paul_high_sea1,,
28124,saint_paul_high_sea2,,
28125,saint_paul_high_sea3,,
28126,saint_paul_high_sea4,,
28127,indian_southcurrent1,,
28128,indian_southcurrent2,,
28129,indian_southcurrent3,,
28130,indian_southcurrent4,,
28131,indian_southcurrent5,,
28132,indian_southcurrent6,,
28133,indian_southcurrent7,,
28134,indian_southcurrent8,,
28135,indian_southcurrent9,,
28136,indian_southcurrent10,,
28137,indian_southcurrent11,,
28138,indian_southcurrent12,,
28139,indian_southcurrent13,,
28140,indian_southcurrent14,,
28141,indian_southcurrent15,,
28142,indian_southcurrent16,,
28143,indian_southcurrent17,,
28144,indian_southcurrent18,,
28145,indian_southcurrent19,,
28146,indian_southcurrent20,,
28147,indian_southcurrent21,,
28148,indian_southcurrent22,,
28149,indian_southcurrent23,,
28150,indian_southcurrent24,,
28151,indian_southcurrent25,,
28152,indian_southcurrent26,,
28153,indian_southcurrent27,,
28154,indian_southcurrent28,,
28155,indian_southcurrent29,,
28156,indian_southcurrent30,,
28157,timor_sea,,
28158,christmas_island_shore,,
28159,indonesia_high_sea22,,
28160,indonesia_high_sea23,,
28161,indonesia_high_sea24,,
28162,indonesia_high_sea25,,
28163,indian_australcurrent1,,
28164,indian_australcurrent2,,
28165,indian_australcurrent3,,
28166,indian_australcurrent4,,
28167,indian_australcurrent5,,
28168,mozambique_channel,,
28169,indian_northagulhascurrent1,,
28170,indian_northagulhascurrent2,,
28171,indian_northagulhascurrent3,,
28172,indian_northagulhascurrent4,,
28173,indian_northagulhascurrent5,,
28174,indian_northagulhascurrent6,,
28175,indian_northagulhascurrent7,,
28176,indian_northagulhascurrent8,,
28177,indian_northagulhascurrent9,,
28178,indian_northagulhascurrent10,,
28179,indian_northagulhascurrent11,,
28180,indian_northagulhascurrent12,,
28181,alaska_sea,,
28182,bering_sea,,
28183,laptev_sea,,
28184,pacific_north_current1,,
28185,pacific_north_current2,,
28186,pacific_north_current3,,
28187,pacific_north_current4,,
28188,pacific_north_current5,,
28189,pacific_north_current6,,
28190,pacific_north_current7,,
28191,pacific_north_current8,,
28192,pacific_north_current9,,
28193,pacific_north_current10,,
28194,pacific_north_current11,,
28195,pacific_north_current12,,
28196,pacific_north_current13,,
28197,pacific_north_current14,,
28198,pacific_north_current15,,
28199,pacific_north_current16,,
28200,pacific_north_current17,,
28201,pacific_north_current18,,
28202,pacific_north_current19,,
28203,pacific_north_current20,,
28204,pacific_north_current21,,
28205,pacific_north_current22,,
28206,pacific_north_current23,,
28207,pacific_north_current24,,
28208,pacific_north_current25,,
28209,pacific_north_current26,,
28210,pacific_north_current27,,
28211,pacific_north_current28,,
28212,pacific_north_current29,,
28213,pacific_north_current30,,
28214,pacific_north_current31,,
28215,pacific_north_current32,,
28216,pacific_north_current33,,
28217,pacific_north_current34,,
28218,pacific_north_current35,,
28219,pacific_north_current36,,
28220,pacific_north_current37,,
28221,pacific_north_current38,,
28222,pacific_north_current39,,
28223,pacific_north_current40,,
28224,pacific_north_current41,,
28225,pacific_north_current42,,
28226,pacific_north_current43,,
28227,pacific_north_current44,,
28228,pacific_north_current45,,
28229,pacific_north_current46,,
28230,pacific_north_current47,,
28231,pacific_north_current48,,
28232,pacific_north_current49,,
28233,pacific_north_current50,,
28234,pacific_north_current51,,
28235,pacific_north_current52,,
28236,pacific_north_current53,,
28237,pacific_north_current54,,
28238,pacific_north_current55,,
28239,pacific_north_current56,,
28240,pacific_north_current57,,
28241,pacific_north_current58,,
28242,pacific_north_current59,,
28243,pacific_north_current60,,
28244,pacific_north_current61,,
28245,pacific_north_current62,,
28246,pacific_north_current63,,
28247,pacific_north_current64,,
28248,pacific_north_current66,,
28249,pacific_north_current67,,
28250,pacific_north_current68,,
28251,pacific_north_current69,,
28252,pacific_north_current70,,
28253,pacific_north_current71,,
28254,pacific_north_current72,,
28255,pacific_north_current73,,
28256,pacific_north_current74,,
28257,pacific_north_current75,,
28258,pacific_north_current76,,
28259,pacific_north_current77,,
28260,pacific_north_current78,,
28261,pacific_north_current79,,
28262,pacific_north_current80,,
28263,pacific_north_current81,,
28264,pacific_north_current83,,
28265,pacific_north_current84,,
28266,pacific_north_current85,,
28267,chukchi_sea,,
28268,north_pacific_ocean,,
28269,north_pacific_coast,,
28270,pacific_north_equatorial_current3,,
28271,pacific_north_equatorial_current4,,
28272,pacific_north_equatorial_current5,,
28273,pacific_north_equatorial_current6,,
28274,pacific_north_equatorial_current7,,
28275,pacific_north_equatorial_current8,,
28276,pacific_north_equatorial_current9,,
28277,pacific_north_equatorial_current11,,
28278,pacific_north_equatorial_current12,,
28279,pacific_north_equatorial_current13,,
28280,pacific_north_equatorial_current14,,
28281,pacific_north_equatorial_current15,,
28282,pacific_north_equatorial_current16,,
28283,pacific_north_equatorial_current17,,
28284,pacific_north_equatorial_current18,,
28285,pacific_north_equatorial_current19,,
28286,pacific_north_equatorial_current20,,
28287,pacific_north_equatorial_current21,,
28288,pacific_north_equatorial_current22,,
28289,pacific_north_equatorial_current23,,
28290,pacific_north_equatorial_current24,,
28291,pacific_north_equatorial_current25,,
28292,pacific_north_equatorial_current26,,
28293,pacific_north_equatorial_current27,,
28294,pacific_north_equatorial_current28,,
28295,pacific_north_equatorial_current29,,
28296,pacific_north_equatorial_current30,,
28297,pacific_north_equatorial_current31,,
28298,pacific_north_equatorial_current32,,
28299,pacific_north_equatorial_current33,,
28300,pacific_north_equatorial_current34,,
28301,pacific_north_equatorial_current35,,
28302,pacific_north_equatorial_current36,,
28303,pacific_north_equatorial_current37,,
28304,pacific_north_equatorial_current38,,
28305,pacific_north_equatorial_current39,,
28306,pacific_north_equatorial_current40,,
28307,pacific_north_equatorial_current41,,
28308,pacific_north_equatorial_current42,,
28309,pacific_north_equatorial_current43,,
28310,pacific_north_equatorial_current44,,
28311,pacific_north_equatorial_current45,,
28312,pacific_north_equatorial_current46,,
28313,pacific_north_equatorial_current47,,
28314,pacific_north_equatorial_current48,,
28315,pacific_north_equatorial_current49,,
28316,pacific_north_equatorial_current50,,
28317,pacific_north_equatorial_current51,,
28318,pacific_north_equatorial_current52,,
28319,pacific_north_equatorial_current53,,
28320,pacific_north_equatorial_current54,,
28321,pacific_north_equatorial_current55,,
28322,revillagigedo_high_sea1,,
28323,revillagigedo_high_sea2,,
28324,revillagigedo_high_sea3,,
28325,revillagigedo_high_sea4,,
28326,revillagigedo_high_sea5,,
28327,revillagigedo_high_sea6,,
28328,revillagigedo_high_sea7,,
28329,revillagigedo_high_sea8,,
28330,revillagigedo_high_sea9,,
28331,revillagigedo_high_sea10,,
28332,pacific_hawaii_current1,,
28333,pacific_hawaii_current2,,
28334,pacific_hawaii_current3,,
28335,pacific_hawaii_current4,,
28336,pacific_hawaii_current5,,
28337,pacific_hawaii_current6,,
28338,pacific_hawaii_current7,,
28339,pacific_hawaii_current8,,
28340,philippine_sea,,
28341,micronesian_sea,,
28342,pacific_kuro_current7,,
28343,pacific_kuro_current8,,
28344,pacific_kuro_current11,,
28345,pacific_kuro_current12,,
28346,pacific_kuro_current13,,
28347,pacific_kuro_current15,,
28348,pacific_kuro_current16,,
28349,pacific_kuro_current21,,
28350,pacific_kuro_current22,,
28351,pacific_capricorn_tropic,,
28352,south_pacific_countercurrent,,
28353,pacific_south_equatorial_current1,,
28354,pacific_south_equatorial_current2,,
28355,pacific_south_equatorial_current3,,
28356,pacific_south_equatorial_current4,,
28357,pacific_south_equatorial_current5,,
28358,pacific_south_equatorial_current6,,
28359,pacific_south_equatorial_current7,,
28360,pacific_south_equatorial_current8,,
28361,pacific_south_equatorial_current9,,
28362,pacific_south_equatorial_current10,,
28363,pacific_south_equatorial_current11,,
28364,pacific_south_equatorial_current12,,
28365,pacific_south_equatorial_current13,,
28366,pacific_south_equatorial_current14,,
28367,pacific_south_equatorial_current15,,
28368,pacific_south_equatorial_current16,,
28369,pacific_south_equatorial_current17,,
28370,pacific_south_equatorial_current18,,
28371,pacific_south_equatorial_current19,,
28372,pacific_south_equatorial_current20,,
28373,pacific_south_equatorial_current21,,
28374,pacific_south_equatorial_current22,,
28375,pacific_south_equatorial_current23,,
28376,pacific_south_equatorial_current24,,
28377,pacific_south_equatorial_current25,,
28378,pacific_south_equatorial_current26,,
28379,pacific_south_equatorial_current27,,
28380,pacific_south_equatorial_current28,,
28381,pacific_south_equatorial_current29,,
28382,pacific_south_equatorial_current30,,
28383,pacific_south_equatorial_current31,,
28384,pacific_south_equatorial_current32,,
28385,pacific_south_equatorial_current33,,
28386,pacific_south_equatorial_current34,,
28387,pacific_south_equatorial_current35,,
28388,pacific_south_equatorial_current36,,
28389,pacific_south_equatorial_current37,,
28390,pacific_south_equatorial_current38,,
28391,pacific_south_equatorial_current39,,
28392,pacific_south_equatorial_current41,,
28393,pacific_south_equatorial_current42,,
28394,pacific_south_equatorial_current43,,
28395,pacific_south_equatorial_current44,,
28396,pacific_south_equatorial_current45,,
28397,pacific_south_equatorial_current46,,
28398,pacific_south_equatorial_current47,,
28399,pacific_south_equatorial_current48,,
28400,pacific_south_equatorial_current49,,
28401,pacific_south_equatorial_current50,,
28402,pacific_south_equatorial_current51,,
28403,pacific_south_equatorial_current52,,
28404,pacific_south_equatorial_current53,,
28405,pacific_south_equatorial_current54,,
28406,pacific_south_equatorial_current55,,
28407,pacific_easter_current1,,
28408,pacific_easter_current3,,
28409,pacific_easter_current4,,
28410,pacific_easter_current5,,
28411,pacific_easter_current6,,
28412,pacific_easter_current7,,
28413,pacific_easter_current8,,
28414,pacific_easter_current9,,
28415,pacific_easter_current10,,
28416,pacific_easter_current11,,
28417,pacific_easter_current12,,
28418,pacific_easter_current14,,
28419,pacific_easter_current15,,
28420,pacific_easter_current16,,
28421,pacific_easter_current17,,
28422,pacific_easter_current18,,
28423,pacific_easter_current19,,
28424,north_pacific_countercurrent,,
28425,pacific_equatorial_countercurrent1,,
28426,pacific_equatorial_countercurrent2,,
28427,pacific_equatorial_countercurrent3,,
28428,pacific_equatorial_countercurrent4,,
28429,pacific_equatorial_countercurrent5,,
28430,pacific_equatorial_countercurrent6,,
28431,pacific_equatorial_countercurrent7,,
28432,pacific_equatorial_countercurrent8,,
28433,pacific_equatorial_countercurrent9,,
28434,pacific_equatorial_countercurrent10,,
28435,pacific_equatorial_countercurrent11,,
28436,pacific_equatorial_countercurrent12,,
28437,pacific_equatorial_countercurrent13,,
28438,pacific_equatorial_countercurrent14,,
28439,pacific_equatorial_countercurrent15,,
28440,pacific_equatorial_countercurrent16,,
28441,pacific_equatorial_countercurrent17,,
28442,pacific_equatorial_countercurrent18,,
28443,pacific_equatorial_countercurrent19,,
28444,pacific_equatorial_countercurrent20,,
28445,pacific_equatorial_countercurrent21,,
28446,pacific_equatorial_countercurrent22,,
28447,pacific_equatorial_countercurrent23,,
28448,pacific_equatorial_countercurrent24,,
28449,pacific_equatorial_countercurrent25,,
28450,pacific_equatorial_countercurrent26,,
28451,pacific_equatorial_countercurrent27,,
28452,pacific_equatorial_countercurrent28,,
28453,pacific_equatorial_countercurrent29,,
28454,pacific_equatorial_countercurrent30,,
28455,pacific_equatorial_countercurrent31,,
28456,pacific_equatorial_countercurrent32,,
28457,pacific_equatorial_countercurrent33,,
28458,pacific_equatorial_countercurrent34,,
28459,coral_sea,,
28460,south_melanesian_sea,,
28461,north_melanesian_sea,,
28462,north_polynesian_sea,,
28463,pacific_polynesia_current1,,
28464,pacific_polynesia_current2,,
28465,pacific_polynesia_current3,,
28466,pacific_polynesia_current5,,
28467,pacific_polynesia_current6,,
28468,pacific_polynesia_current7,,
28469,pacific_polynesia_current8,,
28470,pacific_polynesia_current12,,
28471,pacific_polynesia_current14,,
28472,pacific_polynesia_current15,,
28473,pacific_polynesia_current16,,
28474,pacific_polynesia_current18,,
28475,pacific_polynesia_current19,,
28476,pacific_polynesia_current20,,
28477,pacific_polynesia_current21,,
28478,pacific_polynesia_current22,,
28479,pacific_polynesia_current25,,
28480,pacific_polynesia_current26,,
28481,pacific_polynesia_current27,,
28482,pacific_polynesia_current28,,
28483,pacific_polynesia_current30,,
28484,pacific_polynesia_current31,,
28485,pacific_polynesia_current36,,
28486,pacific_polynesia_current37,,
28487,pacific_polynesia_current39,,
28488,south_pacific_ocean,,
28489,pacific_south_current2,,
28490,pacific_south_current6,,
28491,pacific_south_current7,,
28492,pacific_south_current8,,
28493,pacific_south_current9,,
28494,pacific_south_current11,,
28495,pacific_south_current12,,
28496,pacific_south_current13,,
28497,pacific_south_current15,,
28498,pacific_south_current16,,
28499,pacific_south_current17,,
28500,pacific_south_current18,,
28501,pacific_south_current19,,
28502,pacific_south_current20,,
28503,pacific_south_current22,,
28504,pacific_south_current25,,
28505,pacific_south_current26,,
28506,pacific_south_current28,,
28507,pacific_south_current29,,
28508,pacific_south_current30,,
28509,pacific_south_current31,,
28510,pacific_south_current32,,
28511,pacific_south_current33,,
28512,pacific_south_current35,,
28513,pacific_south_current36,,
28514,pacific_south_current37,,
28515,pacific_south_current38,,
28516,pacific_south_current39,,
28517,pacific_south_current40,,
28518,pacific_south_current41,,
28519,pacific_south_current42,,
28520,pacific_south_current43,,
28521,pacific_south_current44,,
28522,pacific_south_current45,,
28523,pacific_south_current46,,
28524,pacific_south_current47,,
28525,pacific_south_current48,,
28526,pacific_south_current49,,
28527,pacific_south_current50,,
28528,pacific_south_current51,,
28529,pacific_south_current52,,
28530,pacific_south_current53,,
28531,pacific_south_current54,,
28532,pacific_south_current55,,
28533,pacific_south_current56,,
28534,pacific_south_current57,,
28535,pacific_south_current58,,
28536,pacific_south_current59,,
28537,pacific_south_current62,,
28538,pacific_south_current64,,
28539,pacific_south_current65,,
28540,pacific_south_current66,,
28541,pacific_south_current67,,
28542,pacific_south_current68,,
28543,pacific_south_current69,,
28544,pacific_south_current70,,
28545,pacific_south_current71,,
28546,pacific_south_current72,,
28547,pacific_south_current73,,
28548,pacific_south_current74,,
28549,pacific_south_current75,,
28550,pacific_south_current76,,
28551,pacific_south_current77,,
28552,pacific_south_current78,,
28553,pacific_south_current79,,
28554,pacific_south_current80,,
28555,pacific_south_current81,,
28556,pacific_south_current82,,
28557,pacific_south_current83,,
28558,pacific_south_current84,,
28559,pacific_south_current85,,
28560,pacific_south_current86,,
28561,pacific_south_current87,,
28562,tasman_sea,,
28563,pacific_tasmania_current2,,
28564,pacific_tasmania_current3,,
28565,pacific_tasmania_current4,,
28566,pacific_tasmania_current5,,
28567,pacific_tasmania_current6,,
28568,pacific_tasmania_current7,,
28569,pacific_tasmania_current8,,
28570,pacific_tasmania_current9,,
28571,pacific_tasmania_current10,,
28572,zealandia_sea,,
28573,eastern_southern_ocean,,
